expiry,type,contractSymbol,strike,bid,ask,last,volume,openInterest,impliedVolatility,lastTradeDate,spot,spot_date,fetched_utc
2026-10-12,call,SPXW261012C03200000,3200.0,4616.2,4617.7,4578.0,,3.0,4.142827087097169,2026-09-22 19:32:01+00:00,7811.5400390625,2026-10-09,2026-10-10T10:11:13+00:00
2026-10-12,call,SPXW261012C04000000,4000.0,3816.3,3817.7,3726.04,,1.0,3.177492290649414,2026-08-27 19:02:06+00:00,7811.5400390625,2026-10-09,2026-10-10T10:11:13+00:00
2026-10-12,call,SPXW261012C06300000,6300.0,1516.3,1517.8,1446.34,1.0,1.0,1.1587566476440427,2026-09-25 18:27:51+00:00,7811.5400390625,2026-10-09,2026-10-10T10:11:13+00:00
2026-10-12,call,SPXW261012C06500000,6500.0,1316.4,1317.8,1242.9,,1.0,1.013676806640625,2026-09-23 14:53:44+00:00,7811.5400390625,2026-10-09,2026-10-10T10:11:13+00:00
2026-10-12,call,SPXW261012C06800000,6800.0,1016.4,1017.7,1025.16,10.0,11.0,0.7963277203369141,2026-10-06 13:56:59+00:00,7811.5400390625,2026-10-09,2026-10-10T10:11:13+00:00
2026-10-12,call,SPXW261012C06875000,6875.0,941.3,942.7,793.44,10.0,62.0,0.7416712844848632,2026-09-14 16:47:11+00:00,7811.5400390625,2026-10-09,2026-10-10T10:11:13+00:00
2026-10-12,call,SPXW261012C06900000,6900.0,916.3,917.7,742.57,1.0,63.0,0.7238797143554687,2026-09-16 13:51:55+00:00,7811.5400390625,2026-10-09,2026-10-10T10:11:13+00:00
2026-10-12,call,SPXW261012C06975000,6975.0,841.4,842.7,728.89,,75.0,0.6716341430664063,2026-09-11 17:39:15+00:00,7811.5400390625,2026-10-09,2026-10-10T10:11:13+00:00
2026-10-12,call,SPXW261012C07000000,7000.0,816.4,817.7,800.85,1.0,88.0,0.653873090209961,2026-10-09 15:56:49+00:00,7811.5400390625,2026-10-09,2026-10-10T10:11:13+00:00
2026-10-12,call,SPXW261012C07050000,7050.0,766.4,767.7,689.2,13.0,13.0,0.618289949951172,2026-10-02 13:30:04+00:00,7811.5400390625,2026-10-09,2026-10-10T10:11:13+00:00
2026-10-12,call,SPXW261012C07150000,7150.0,666.4,667.9,596.15,20.0,20.0,0.5488631539916994,2026-10-02 14:04:02+00:00,7811.5400390625,2026-10-09,2026-10-10T10:11:13+00:00
2026-10-12,call,SPXW261012C07175000,7175.0,623.4,662.3,577.86,5.0,3.0,0.5428512512207033,2026-09-23 14:04:46+00:00,7811.5400390625,2026-10-09,2026-10-10T10:11:13+00:00
2026-10-12,call,SPXW261012C07200000,7200.0,616.4,617.9,591.55,10.0,30.0,0.5130663928222656,2026-10-07 13:31:53+00:00,7811.5400390625,2026-10-09,2026-10-10T10:11:13+00:00
2026-10-12,call,SPXW261012C07225000,7225.0,572.8,611.4,540.68,,1.0,0.6977874459838869,2026-08-28 18:44:37+00:00,7811.5400390625,2026-10-09,2026-10-10T10:11:13+00:00
2026-10-12,call,SPXW261012C07250000,7250.0,566.4,567.8,541.65,10.0,11.0,0.4873708489990235,2026-10-07 13:31:53+00:00,7811.5400390625,2026-10-09,2026-10-10T10:11:13+00:00
2026-10-12,call,SPXW261012C07275000,7275.0,523.8,561.7,480.4,5.0,3.0,0.6547123152160648,2026-09-23 14:04:46+00:00,7811.5400390625,2026-10-09,2026-10-10T10:11:13+00:00
2026-10-12,call,SPXW261012C07300000,7300.0,516.4,517.8,540.07,1.0,3.0,0.45071960418701174,2026-10-06 16:16:43+00:00,7811.5400390625,2026-10-09,2026-10-10T10:11:13+00:00
2026-10-12,call,SPXW261012C07320000,7320.0,478.4,516.4,381.25,2.0,2.0,0.6113243824005129,2026-09-24 13:45:00+00:00,7811.5400390625,2026-10-09,2026-10-10T10:11:13+00:00
2026-10-12,call,SPXW261012C07325000,7325.0,473.4,511.4,445.96,3.0,2.0,0.6067391621398928,2026-09-21 16:12:38+00:00,7811.5400390625,2026-10-09,2026-10-10T10:11:13+00:00
2026-10-12,call,SPXW261012C07370000,7370.0,428.9,466.8,462.1,1.0,0.0,0.5679822254943847,2026-10-06 18:57:35+00:00,7811.5400390625,2026-10-09,2026-10-10T10:11:13+00:00
2026-10-12,call,SPXW261012C07375000,7375.0,423.9,462.4,442.58,1.0,1.0,0.5674329145812989,2026-10-09 19:35:07+00:00,7811.5400390625,2026-10-09,2026-10-10T10:11:13+00:00
2026-10-12,call,SPXW261012C07390000,7390.0,408.8,446.8,293.12,4.0,4.0,0.5493361717224123,2026-10-01 18:27:09+00:00,7811.5400390625,2026-10-09,2026-10-10T10:11:13+00:00
2026-10-12,call,SPXW261012C07400000,7400.0,416.5,417.8,417.86,1.0,2.0,0.3766999586486816,2026-10-09 19:35:07+00:00,7811.5400390625,2026-10-09,2026-10-10T10:11:13+00:00
2026-10-12,call,SPXW261012C07410000,7410.0,388.4,426.5,390.58,4.0,2.0,0.5285996847534181,2026-10-09 15:58:55+00:00,7811.5400390625,2026-10-09,2026-10-10T10:11:13+00:00
2026-10-12,call,SPXW261012C07440000,7440.0,365.5,389.3,362.01,5.0,30.0,0.4508111560058594,2026-09-25 19:41:06+00:00,7811.5400390625,2026-10-09,2026-10-10T10:11:13+00:00
2026-10-12,call,SPXW261012C07450000,7450.0,366.5,368.0,352.87,6.0,29.0,0.341528801574707,2026-10-09 16:15:46+00:00,7811.5400390625,2026-10-09,2026-10-10T10:11:13+00:00
2026-10-12,call,SPXW261012C07455000,7455.0,343.4,381.1,272.87,,2.0,0.4835561898803712,2026-09-30 15:47:41+00:00,7811.5400390625,2026-10-09,2026-10-10T10:11:13+00:00
2026-10-12,call,SPXW261012C07470000,7470.0,328.4,366.1,373.21,3.0,4.0,0.4692893647766114,2026-10-06 15:57:13+00:00,7811.5400390625,2026-10-09,2026-10-10T10:11:13+00:00
2026-10-12,call,SPXW261012C07475000,7475.0,323.4,362.4,343.08,1.0,2.0,0.47256997161865233,2026-10-09 19:24:07+00:00,7811.5400390625,2026-10-09,2026-10-10T10:11:13+00:00
2026-10-12,call,SPXW261012C07480000,7480.0,318.4,356.1,325.65,4.0,6.0,0.4597374583435059,2026-10-09 16:19:20+00:00,7811.5400390625,2026-10-09,2026-10-10T10:11:13+00:00
2026-10-12,call,SPXW261012C07490000,7490.0,308.4,346.1,315.52,1.0,12.0,0.45015503463745116,2026-10-09 16:24:31+00:00,7811.5400390625,2026-10-09,2026-10-10T10:11:13+00:00
2026-10-12,call,SPXW261012C07500000,7500.0,316.5,317.9,316.42,5.0,36.0,0.3022225540161133,2026-10-09 19:41:08+00:00,7811.5400390625,2026-10-09,2026-10-10T10:11:13+00:00
2026-10-12,call,SPXW261012C07510000,7510.0,288.9,326.1,295.37,6.0,15.0,0.4308528594970704,2026-10-09 16:24:31+00:00,7811.5400390625,2026-10-09,2026-10-10T10:11:13+00:00
2026-10-12,call,SPXW261012C07520000,7520.0,278.9,316.1,297.16,1.0,37.0,0.4211483666992188,2026-10-09 19:15:33+00:00,7811.5400390625,2026-10-09,2026-10-10T10:11:13+00:00
2026-10-12,call,SPXW261012C07525000,7525.0,273.9,312.0,291.42,1.0,9.0,0.42154509124755857,2026-10-09 19:41:08+00:00,7811.5400390625,2026-10-09,2026-10-10T10:11:13+00:00
2026-10-12,call,SPXW261012C07530000,7530.0,275.4,299.2,276.46,7.0,9.0,0.3687044331359864,2026-10-09 16:38:47+00:00,7811.5400390625,2026-10-09,2026-10-10T10:11:13+00:00
2026-10-12,call,SPXW261012C07535000,7535.0,270.4,294.2,202.85,1.0,1.0,0.3640963249206543,2026-10-02 13:57:09+00:00,7811.5400390625,2026-10-09,2026-10-10T10:11:13+00:00
2026-10-12,call,SPXW261012C07540000,7540.0,276.5,277.9,276.64,8.0,42.0,0.27127803924560545,2026-10-09 19:38:37+00:00,7811.5400390625,2026-10-09,2026-10-10T10:11:13+00:00
2026-10-12,call,SPXW261012C07550000,7550.0,266.5,267.9,255.22,4.0,24.0,0.2634656173706055,2026-10-09 16:26:06+00:00,7811.5400390625,2026-10-09,2026-10-10T10:11:13+00:00
2026-10-12,call,SPXW261012C07555000,7555.0,250.4,274.4,200.59,,1.0,0.34680828979492184,2026-09-24 18:56:52+00:00,7811.5400390625,2026-10-09,2026-10-10T10:11:13+00:00
2026-10-12,call,SPXW261012C07560000,7560.0,245.4,269.4,223.06,2.0,9.0,0.3421238883972168,2026-10-08 15:08:47+00:00,7811.5400390625,2026-10-09,2026-10-10T10:11:13+00:00
2026-10-12,call,SPXW261012C07570000,7570.0,235.4,259.4,247.95,2.0,6.0,0.33273219764709483,2026-10-09 19:29:27+00:00,7811.5400390625,2026-10-09,2026-10-10T10:11:13+00:00
2026-10-12,call,SPXW261012C07575000,7575.0,241.5,242.9,241.9,3.0,10.0,0.24378197631835938,2026-10-09 19:32:01+00:00,7811.5400390625,2026-10-09,2026-10-10T10:11:13+00:00
2026-10-12,call,SPXW261012C07580000,7580.0,225.4,249.4,226.59,6.0,5.0,0.3232794723510741,2026-10-09 16:40:19+00:00,7811.5400390625,2026-10-09,2026-10-10T10:11:13+00:00
2026-10-12,call,SPXW261012C07585000,7585.0,231.5,232.9,205.34,5.0,13.0,0.23583222671508786,2026-10-06 15:05:33+00:00,7811.5400390625,2026-10-09,2026-10-10T10:11:13+00:00
2026-10-12,call,SPXW261012C07590000,7590.0,226.5,228.0,227.3,2.0,69.0,0.23276524078369143,2026-10-09 19:13:03+00:00,7811.5400390625,2026-10-09,2026-10-10T10:11:13+00:00
2026-10-12,call,SPXW261012C07595000,7595.0,221.5,223.0,202.61,5.0,7.0,0.22875221939086915,2026-10-09 13:31:13+00:00,7811.5400390625,2026-10-09,2026-10-10T10:11:13+00:00
2026-10-12,call,SPXW261012C07600000,7600.0,216.6,218.0,215.4,72.0,378.0,0.22472393936157226,2026-10-09 19:37:21+00:00,7811.5400390625,2026-10-09,2026-10-10T10:11:13+00:00
2026-10-12,call,SPXW261012C07605000,7605.0,211.6,213.0,211.64,2.0,10.0,0.22069565933227536,2026-10-09 19:35:47+00:00,7811.5400390625,2026-10-09,2026-10-10T10:11:13+00:00
2026-10-12,call,SPXW261012C07610000,7610.0,206.6,208.0,200.34,23.0,83.0,0.2166521206665039,2026-10-09 17:05:58+00:00,7811.5400390625,2026-10-09,2026-10-10T10:11:13+00:00
2026-10-12,call,SPXW261012C07615000,7615.0,201.6,203.0,139.63,1.0,8.0,0.21257806472778318,2026-10-08 17:33:54+00:00,7811.5400390625,2026-10-09,2026-10-10T10:11:13+00:00
2026-10-12,call,SPXW261012C07620000,7620.0,196.6,198.0,196.67,39.0,58.0,0.20850400878906244,2026-10-09 18:52:31+00:00,7811.5400390625,2026-10-09,2026-10-10T10:11:13+00:00
2026-10-12,call,SPXW261012C07625000,7625.0,191.6,193.0,180.75,5.0,114.0,0.20441469421386715,2026-10-09 16:22:19+00:00,7811.5400390625,2026-10-09,2026-10-10T10:11:13+00:00
2026-10-12,call,SPXW261012C07630000,7630.0,186.7,188.0,164.52,1.0,62.0,0.20032537963867186,2026-10-09 14:27:33+00:00,7811.5400390625,2026-10-09,2026-10-10T10:11:13+00:00
2026-10-12,call,SPXW261012C07635000,7635.0,181.7,183.0,182.21,1.0,27.0,0.19620554779052735,2026-10-09 19:15:33+00:00,7811.5400390625,2026-10-09,2026-10-10T10:11:13+00:00
2026-10-12,call,SPXW261012C07640000,7640.0,176.7,178.0,176.81,5.0,131.0,0.19207045730590822,2026-10-09 19:29:52+00:00,7811.5400390625,2026-10-09,2026-10-10T10:11:13+00:00
2026-10-12,call,SPXW261012C07645000,7645.0,162.5,182.5,169.21,4.0,55.0,0.24968706863403317,2026-10-09 18:26:48+00:00,7811.5400390625,2026-10-09,2026-10-10T10:11:13+00:00
2026-10-12,call,SPXW261012C07650000,7650.0,166.7,168.0,165.62,56.0,353.0,0.18373924179077145,2026-10-09 19:37:05+00:00,7811.5400390625,2026-10-09,2026-10-10T10:11:13+00:00
2026-10-12,call,SPXW261012C07655000,7655.0,152.5,163.2,164.6,6.0,44.0,0.18109949768066402,2026-10-09 19:23:25+00:00,7811.5400390625,2026-10-09,2026-10-10T10:11:13+00:00
2026-10-12,call,SPXW261012C07660000,7660.0,147.5,158.2,157.39,9.0,130.0,0.17687285537719727,2026-10-09 19:16:42+00:00,7811.5400390625,2026-10-09,2026-10-10T10:11:13+00:00
2026-10-12,call,SPXW261012C07665000,7665.0,151.6,162.4,154.6,5.0,41.0,0.22942359939575196,2026-10-09 19:23:25+00:00,7811.5400390625,2026-10-09,2026-10-10T10:11:13+00:00
2026-10-12,call,SPXW261012C07670000,7670.0,146.6,148.4,143.42,15.0,191.0,0.16980810668945315,2026-10-09 19:45:47+00:00,7811.5400390625,2026-10-09,2026-10-10T10:11:13+00:00
2026-10-12,call,SPXW261012C07675000,7675.0,141.6,143.3,138.5,44.0,124.0,0.16477275665283203,2026-10-09 20:14:16+00:00,7811.5400390625,2026-10-09,2026-10-10T10:11:13+00:00
2026-10-12,call,SPXW261012C07680000,7680.0,136.6,138.4,131.95,35.0,100.0,0.16115645980834958,2026-10-09 19:51:29+00:00,7811.5400390625,2026-10-09,2026-10-10T10:11:13+00:00
2026-10-12,call,SPXW261012C07685000,7685.0,122.6,133.3,128.62,35.0,189.0,0.15610585113525394,2026-10-09 20:11:18+00:00,7811.5400390625,2026-10-09,2026-10-10T10:11:13+00:00
2026-10-12,call,SPXW261012C07690000,7690.0,126.7,128.4,122.83,27.0,85.0,0.15239800247192387,2026-10-09 20:11:18+00:00,7811.5400390625,2026-10-09,2026-10-10T10:11:13+00:00
2026-10-12,call,SPXW261012C07695000,7695.0,121.7,123.4,118.9,21.0,28.0,0.14798825653076175,2026-10-09 20:08:02+00:00,7811.5400390625,2026-10-09,2026-10-10T10:11:13+00:00
2026-10-12,call,SPXW261012C07700000,7700.0,108.1,118.4,115.76,122.0,729.0,0.1435327346801758,2026-10-09 20:02:34+00:00,7811.5400390625,2026-10-09,2026-10-10T10:11:13+00:00
2026-10-12,call,SPXW261012C07705000,7705.0,111.8,113.6,112.89,146.0,41.0,0.1403436796569824,2026-10-09 19:28:43+00:00,7811.5400390625,2026-10-09,2026-10-10T10:11:13+00:00
2026-10-12,call,SPXW261012C07710000,7710.0,97.8,108.5,104.87,29.0,1176.0,0.13517100189208986,2026-10-09 20:04:15+00:00,7811.5400390625,2026-10-09,2026-10-10T10:11:13+00:00
2026-10-12,call,SPXW261012C07715000,7715.0,102.0,103.5,99.84,102.0,110.0,0.1306086695861816,2026-10-09 20:04:15+00:00,7811.5400390625,2026-10-09,2026-10-10T10:11:13+00:00
2026-10-12,call,SPXW261012C07720000,7720.0,97.1,98.5,97.26,160.0,961.0,0.1260158200073242,2026-10-09 19:32:22+00:00,7811.5400390625,2026-10-09,2026-10-10T10:11:13+00:00
2026-10-12,call,SPXW261012C07725000,7725.0,92.2,93.7,87.77,92.0,618.0,0.12255210952758791,2026-10-09 19:57:29+00:00,7811.5400390625,2026-10-09,2026-10-10T10:11:13+00:00
2026-10-12,call,SPXW261012C07730000,7730.0,87.3,88.8,84.23,202.0,215.0,0.11841701904296875,2026-10-09 20:08:37+00:00,7811.5400390625,2026-10-09,2026-10-10T10:11:13+00:00
2026-10-12,call,SPXW261012C07735000,7735.0,82.5,83.9,80.49,146.0,260.0,0.11420563537597657,2026-10-09 20:03:27+00:00,7811.5400390625,2026-10-09,2026-10-10T10:11:13+00:00
2026-10-12,call,SPXW261012C07740000,7740.0,77.7,79.1,74.37,237.0,335.0,0.11045201080322264,2026-10-09 20:09:46+00:00,7811.5400390625,2026-10-09,2026-10-10T10:11:13+00:00
2026-10-12,call,SPXW261012C07745000,7745.0,72.9,74.3,69.62,258.0,315.0,0.1065915757751465,2026-10-09 20:09:46+00:00,7811.5400390625,2026-10-09,2026-10-10T10:11:13+00:00
2026-10-12,call,SPXW261012C07750000,7750.0,68.1,69.6,65.1,1725.0,1765.0,0.10311260665893554,2026-10-09 20:14:16+00:00,7811.5400390625,2026-10-09,2026-10-10T10:11:13+00:00
2026-10-12,call,SPXW261012C07755000,7755.0,63.5,64.9,62.17,1496.0,556.0,0.0994657925415039,2026-10-09 20:03:14+00:00,7811.5400390625,2026-10-09,2026-10-10T10:11:13+00:00
2026-10-12,call,SPXW261012C07760000,7760.0,58.8,60.2,56.1,438.0,334.0,0.09565876274108887,2026-10-09 20:11:20+00:00,7811.5400390625,2026-10-09,2026-10-10T10:11:13+00:00
2026-10-12,call,SPXW261012C07765000,7765.0,54.2,55.7,51.89,605.0,430.0,0.09259177680969238,2026-10-09 20:05:10+00:00,7811.5400390625,2026-10-09,2026-10-10T10:11:13+00:00
2026-10-12,call,SPXW261012C07770000,7770.0,49.8,51.2,46.96,1057.0,707.0,0.08927302337646485,2026-10-09 20:11:21+00:00,7811.5400390625,2026-10-09,2026-10-10T10:11:13+00:00
2026-10-12,call,SPXW261012C07775000,7775.0,45.3,46.8,42.0,2235.0,1348.0,0.08612211494445804,2026-10-09 20:05:48+00:00,7811.5400390625,2026-10-09,2026-10-10T10:11:13+00:00
2026-10-12,call,SPXW261012C07780000,7780.0,41.2,42.3,38.65,1338.0,874.0,0.08226167991638184,2026-10-09 20:14:48+00:00,7811.5400390625,2026-10-09,2026-10-10T10:11:13+00:00
2026-10-12,call,SPXW261012C07785000,7785.0,37.0,38.1,34.34,1231.0,322.0,0.07929387512207033,2026-10-09 20:13:31+00:00,7811.5400390625,2026-10-09,2026-10-10T10:11:13+00:00
2026-10-12,call,SPXW261012C07790000,7790.0,33.0,34.1,30.16,3417.0,426.0,0.07670753623962404,2026-10-09 20:14:01+00:00,7811.5400390625,2026-10-09,2026-10-10T10:11:13+00:00
2026-10-12,call,SPXW261012C07795000,7795.0,29.2,30.2,26.25,2770.0,357.0,0.07402964553833011,2026-10-09 20:10:40+00:00,7811.5400390625,2026-10-09,2026-10-10T10:11:13+00:00
2026-10-12,call,SPXW261012C07800000,7800.0,25.8,26.2,23.1,8402.0,5122.0,0.07047438323974611,2026-10-09 20:14:28+00:00,7811.5400390625,2026-10-09,2026-10-10T10:11:13+00:00
2026-10-12,call,SPXW261012C07805000,7805.0,22.4,22.8,20.1,4463.0,476.0,0.06852127777099612,2026-10-09 20:14:37+00:00,7811.5400390625,2026-10-09,2026-10-10T10:11:13+00:00
2026-10-12,call,SPXW261012C07810000,7810.0,19.2,19.6,17.0,8423.0,481.0,0.0666063188934326,2026-10-09 20:14:34+00:00,7811.5400390625,2026-10-09,2026-10-10T10:11:13+00:00
2026-10-12,call,SPXW261012C07815000,7815.0,16.3,16.7,14.4,6449.0,969.0,0.06502705001831055,2026-10-09 20:14:40+00:00,7811.5400390625,2026-10-09,2026-10-10T10:11:13+00:00
2026-10-12,call,SPXW261012C07820000,7820.0,13.7,14.0,11.85,12030.0,7024.0,0.06335622932434082,2026-10-09 20:14:57+00:00,7811.5400390625,2026-10-09,2026-10-10T10:11:13+00:00
2026-10-12,call,SPXW261012C07825000,7825.0,11.3,11.7,9.6,4815.0,998.0,0.062295754089355476,2026-10-09 20:14:58+00:00,7811.5400390625,2026-10-09,2026-10-10T10:11:13+00:00
2026-10-12,call,SPXW261012C07830000,7830.0,9.3,9.6,7.95,4196.0,1575.0,0.06109795112609864,2026-10-09 20:14:48+00:00,7811.5400390625,2026-10-09,2026-10-10T10:11:13+00:00
2026-10-12,call,SPXW261012C07835000,7835.0,7.5,7.7,6.37,3826.0,341.0,0.0597323031616211,2026-10-09 20:14:46+00:00,7811.5400390625,2026-10-09,2026-10-10T10:11:13+00:00
2026-10-12,call,SPXW261012C07840000,7840.0,6.0,6.3,5.07,6077.0,3306.0,0.05949579429626464,2026-10-09 20:14:52+00:00,7811.5400390625,2026-10-09,2026-10-10T10:11:13+00:00
2026-10-12,call,SPXW261012C07845000,7845.0,4.7,5.0,4.07,5166.0,1378.0,0.05879389701843263,2026-10-09 20:14:52+00:00,7811.5400390625,2026-10-09,2026-10-10T10:11:13+00:00
2026-10-12,call,SPXW261012C07850000,7850.0,3.8,4.0,3.1,9787.0,2556.0,0.058626052017211924,2026-10-09 20:14:59+00:00,7811.5400390625,2026-10-09,2026-10-10T10:11:13+00:00
2026-10-12,call,SPXW261012C07860000,7860.0,2.25,2.4,1.95,3486.0,856.0,0.057809714965820325,2026-10-09 20:14:40+00:00,7811.5400390625,2026-10-09,2026-10-10T10:11:13+00:00
2026-10-12,call,SPXW261012C07870000,7870.0,1.35,1.45,1.12,2684.0,772.0,0.05796230133056641,2026-10-09 20:14:30+00:00,7811.5400390625,2026-10-09,2026-10-10T10:11:13+00:00
2026-10-12,call,SPXW261012C07875000,7875.0,1.0,1.15,0.9,4380.0,1244.0,0.05849635360717774,2026-10-09 20:14:57+00:00,7811.5400390625,2026-10-09,2026-10-10T10:11:13+00:00
2026-10-12,call,SPXW261012C07880000,7880.0,0.75,0.9,0.7,3897.0,835.0,0.058908336791992186,2026-10-09 20:14:53+00:00,7811.5400390625,2026-10-09,2026-10-10T10:11:13+00:00
2026-10-12,call,SPXW261012C07885000,7885.0,,1.05,0.9,,,0.0643098941040039,2026-10-08 20:09:07+00:00,7811.5400390625,2026-10-09,2026-10-10T10:11:13+00:00
2026-10-12,call,SPXW261012C07890000,7890.0,0.45,0.55,0.45,2988.0,1576.0,0.0599154067993164,2026-10-09 20:14:28+00:00,7811.5400390625,2026-10-09,2026-10-10T10:11:13+00:00
2026-10-12,call,SPXW261012C07895000,7895.0,,0.8,0.55,,,0.06745317321777346,2026-10-08 20:00:35+00:00,7811.5400390625,2026-10-09,2026-10-10T10:11:13+00:00
2026-10-12,call,SPXW261012C07900000,7900.0,0.35,0.4,0.3,3569.0,2928.0,0.06272299591064454,2026-10-09 20:14:32+00:00,7811.5400390625,2026-10-09,2026-10-10T10:11:13+00:00
2026-10-12,call,SPXW261012C07910000,7910.0,0.15,0.3,0.2,5792.0,1624.0,0.06568317138671875,2026-10-09 20:09:07+00:00,7811.5400390625,2026-10-09,2026-10-10T10:11:13+00:00
2026-10-12,call,SPXW261012C07915000,7915.0,0.4,,0.35,,,0.07151197052001954,2026-10-08 19:43:58+00:00,7811.5400390625,2026-10-09,2026-10-10T10:11:13+00:00
2026-10-12,call,SPXW261012C07920000,7920.0,0.1,0.25,0.15,1826.0,1110.0,0.06946731323242189,2026-10-09 20:07:52+00:00,7811.5400390625,2026-10-09,2026-10-10T10:11:13+00:00
2026-10-12,call,SPXW261012C07925000,7925.0,0.1,0.2,0.15,1933.0,1176.0,0.07007765869140625,2026-10-09 20:11:06+00:00,7811.5400390625,2026-10-09,2026-10-10T10:11:13+00:00
2026-10-12,call,SPXW261012C07930000,7930.0,0.1,0.2,0.15,679.0,821.0,0.0727631787109375,2026-10-09 20:13:06+00:00,7811.5400390625,2026-10-09,2026-10-10T10:11:13+00:00
2026-10-12,call,SPXW261012C07940000,7940.0,0.05,0.15,0.1,5994.0,820.0,0.07520456054687502,2026-10-09 20:14:19+00:00,7811.5400390625,2026-10-09,2026-10-10T10:11:13+00:00
2026-10-12,call,SPXW261012C07950000,7950.0,0.05,0.15,0.1,1694.0,3014.0,0.08033146240234376,2026-10-09 20:14:19+00:00,7811.5400390625,2026-10-09,2026-10-10T10:11:13+00:00
2026-10-12,call,SPXW261012C07960000,7960.0,0.05,0.1,0.1,331.0,961.0,0.08143008422851564,2026-10-09 20:14:29+00:00,7811.5400390625,2026-10-09,2026-10-10T10:11:13+00:00
2026-10-12,call,SPXW261012C07975000,7975.0,0.05,0.1,0.1,156.0,4205.0,0.08863216064453125,2026-10-09 20:00:59+00:00,7811.5400390625,2026-10-09,2026-10-10T10:11:13+00:00
2026-10-12,call,SPXW261012C08000000,8000.0,0.05,0.1,0.07,335.0,3373.0,0.100594931640625,2026-10-09 20:11:21+00:00,7811.5400390625,2026-10-09,2026-10-10T10:11:13+00:00
2026-10-12,call,SPXW261012C08025000,8025.0,0.0,0.1,0.07,1482.0,4296.0,0.11206942626953123,2026-10-09 19:07:09+00:00,7811.5400390625,2026-10-09,2026-10-10T10:11:13+00:00
2026-10-12,call,SPXW261012C08050000,8050.0,0.0,0.1,0.05,638.0,466.0,0.12378805908203125,2026-10-09 20:14:59+00:00,7811.5400390625,2026-10-09,2026-10-10T10:11:13+00:00
2026-10-12,call,SPXW261012C08075000,8075.0,0.0,0.1,0.05,147.0,144.0,0.13501841552734378,2026-10-09 20:12:21+00:00,7811.5400390625,2026-10-09,2026-10-10T10:11:13+00:00
2026-10-12,call,SPXW261012C08100000,8100.0,0.0,0.1,0.05,526.0,337.0,0.14624877197265623,2026-10-09 20:11:36+00:00,7811.5400390625,2026-10-09,2026-10-10T10:11:13+00:00
2026-10-12,call,SPXW261012C08125000,8125.0,0.0,0.1,0.05,68.0,66.0,0.15747912841796874,2026-10-09 20:10:20+00:00,7811.5400390625,2026-10-09,2026-10-10T10:11:13+00:00
2026-10-12,call,SPXW261012C08150000,8150.0,0.0,0.1,0.05,194.0,921.0,0.16846534667968754,2026-10-09 20:08:35+00:00,7811.5400390625,2026-10-09,2026-10-10T10:11:13+00:00
2026-10-12,call,SPXW261012C08175000,8175.0,0.0,0.1,0.05,465.0,67.0,0.17920742675781248,2026-10-09 20:07:02+00:00,7811.5400390625,2026-10-09,2026-10-10T10:11:13+00:00
2026-10-12,call,SPXW261012C08200000,8200.0,0.0,0.1,0.05,693.0,341.0,0.1901936450195313,2026-10-09 20:03:36+00:00,7811.5400390625,2026-10-09,2026-10-10T10:11:13+00:00
2026-10-12,call,SPXW261012C08225000,8225.0,0.0,0.1,0.05,8.0,595.0,0.20093572509765623,2026-10-09 19:58:44+00:00,7811.5400390625,2026-10-09,2026-10-10T10:11:13+00:00
2026-10-12,call,SPXW261012C08250000,8250.0,0.0,0.1,0.05,125.0,1622.0,0.21143366699218746,2026-10-09 19:08:04+00:00,7811.5400390625,2026-10-09,2026-10-10T10:11:13+00:00
2026-10-12,call,SPXW261012C08300000,8300.0,0.0,0.05,0.05,512.0,386.0,0.21875781249999998,2026-10-09 20:03:06+00:00,7811.5400390625,2026-10-09,2026-10-10T10:11:13+00:00
2026-10-12,call,SPXW261012C08400000,8400.0,0.0,0.05,0.05,2255.0,60.0,0.257819921875,2026-10-09 19:53:11+00:00,7811.5400390625,2026-10-09,2026-10-10T10:11:13+00:00
2026-10-12,call,SPXW261012C08500000,8500.0,0.0,0.05,0.05,2510.0,7.0,0.29688203124999996,2026-10-09 16:21:26+00:00,7811.5400390625,2026-10-09,2026-10-10T10:11:13+00:00
2026-10-12,call,SPXW261012C08600000,8600.0,0.0,0.05,0.1,2.0,53.0,0.33399103515625,2026-10-01 13:47:36+00:00,7811.5400390625,2026-10-09,2026-10-10T10:11:13+00:00
2026-10-12,call,SPXW261012C08800000,8800.0,0.0,0.05,0.05,29.0,33.0,0.4062559375,2026-10-06 16:18:35+00:00,7811.5400390625,2026-10-09,2026-10-10T10:11:13+00:00
2026-10-12,call,SPXW261012C09000000,9000.0,0.0,0.05,0.03,4.0,147.0,0.476567734375,2026-10-07 17:58:40+00:00,7811.5400390625,2026-10-09,2026-10-10T10:11:13+00:00
2026-10-12,call,SPXW261012C09200000,9200.0,0.0,0.05,0.15,,10.0,0.5195360546875,2026-09-10 17:50:36+00:00,7811.5400390625,2026-10-09,2026-10-10T10:11:13+00:00
2026-10-12,call,SPXW261012C09400000,9400.0,0.0,0.05,0.08,,1.0,0.5820354296875,2026-09-11 15:37:06+00:00,7811.5400390625,2026-10-09,2026-10-10T10:11:13+00:00
2026-10-12,put,SPXW261012P03200000,3200.0,0.0,0.05,0.05,1.0,101.0,2.6250034375,2026-09-15 19:01:11+00:00,7811.5400390625,2026-10-09,2026-10-10T10:11:13+00:00
2026-10-12,put,SPXW261012P03400000,3400.0,0.0,0.05,0.05,1.0,4.0,2.4531288671875,2026-09-17 13:41:55+00:00,7811.5400390625,2026-10-09,2026-10-10T10:11:13+00:00
2026-10-12,put,SPXW261012P03600000,3600.0,0.0,0.05,0.1,,30.0,2.28906677734375,2026-09-17 13:56:28+00:00,7811.5400390625,2026-10-09,2026-10-10T10:11:13+00:00
2026-10-12,put,SPXW261012P03800000,3800.0,0.0,0.05,0.2,,200.0,2.1406296484375,2026-09-08 17:42:17+00:00,7811.5400390625,2026-10-09,2026-10-10T10:11:13+00:00
2026-10-12,put,SPXW261012P04000000,4000.0,0.0,0.05,0.05,1.0,106.0,1.9921875390625,2026-09-22 19:52:06+00:00,7811.5400390625,2026-10-09,2026-10-10T10:11:13+00:00
2026-10-12,put,SPXW261012P04200000,4200.0,0.0,0.05,0.05,1.0,4.0,1.8515632421875,2026-09-21 19:56:48+00:00,7811.5400390625,2026-10-09,2026-10-10T10:11:13+00:00
2026-10-12,put,SPXW261012P04400000,4400.0,0.0,0.05,0.05,1.0,7.0,1.71875140625,2026-09-29 15:24:02+00:00,7811.5400390625,2026-10-09,2026-10-10T10:11:13+00:00
2026-10-12,put,SPXW261012P04600000,4600.0,0.0,0.05,0.1,2.0,35.0,1.5937520312499998,2026-09-23 20:02:36+00:00,7811.5400390625,2026-10-09,2026-10-10T10:11:13+00:00
2026-10-12,put,SPXW261012P04800000,4800.0,0.0,0.05,0.05,1.0,8.0,1.46875265625,2026-10-05 19:44:27+00:00,7811.5400390625,2026-10-09,2026-10-10T10:11:13+00:00
2026-10-12,put,SPXW261012P05000000,5000.0,0.0,0.05,0.05,7.0,557.0,1.3515657421874998,2026-10-05 13:30:04+00:00,7811.5400390625,2026-10-09,2026-10-10T10:11:13+00:00
2026-10-12,put,SPXW261012P05200000,5200.0,0.0,0.05,0.05,50.0,125.0,1.2382850585937497,2026-10-05 13:42:04+00:00,7811.5400390625,2026-10-09,2026-10-10T10:11:13+00:00
2026-10-12,put,SPXW261012P05400000,5400.0,0.0,0.05,0.05,609.0,936.0,1.12891060546875,2026-10-05 19:29:37+00:00,7811.5400390625,2026-10-09,2026-10-10T10:11:13+00:00
2026-10-12,put,SPXW261012P05600000,5600.0,0.0,0.05,0.05,110.0,1241.0,1.0234423828125,2026-10-06 14:22:24+00:00,7811.5400390625,2026-10-09,2026-10-10T10:11:13+00:00
2026-10-12,put,SPXW261012P05800000,5800.0,0.0,0.05,0.05,1.0,1111.0,0.92187578125,2026-10-07 13:35:35+00:00,7811.5400390625,2026-10-09,2026-10-10T10:11:13+00:00
2026-10-12,put,SPXW261012P06000000,6000.0,0.0,0.05,0.05,2600.0,2318.0,0.8203142968749999,2026-10-09 15:51:08+00:00,7811.5400390625,2026-10-09,2026-10-10T10:11:13+00:00
2026-10-12,put,SPXW261012P06100000,6100.0,0.0,0.05,0.05,608.0,1491.0,0.773439765625,2026-10-08 19:38:51+00:00,7811.5400390625,2026-10-09,2026-10-10T10:11:13+00:00
2026-10-12,put,SPXW261012P06200000,6200.0,0.0,0.05,0.05,100.0,801.0,0.726565234375,2026-10-08 20:06:20+00:00,7811.5400390625,2026-10-09,2026-10-10T10:11:13+00:00
2026-10-12,put,SPXW261012P06300000,6300.0,0.0,0.05,0.05,43.0,6479.0,0.6757844921875001,2026-10-08 16:48:59+00:00,7811.5400390625,2026-10-09,2026-10-10T10:11:13+00:00
2026-10-12,put,SPXW261012P06400000,6400.0,0.0,0.1,0.05,149.0,1362.0,0.6621127539062501,2026-10-08 17:04:05+00:00,7811.5400390625,2026-10-09,2026-10-10T10:11:13+00:00
2026-10-12,put,SPXW261012P06500000,6500.0,0.0,0.05,0.05,507.0,2303.0,0.585941640625,2026-10-09 14:51:47+00:00,7811.5400390625,2026-10-09,2026-10-10T10:11:13+00:00
2026-10-12,put,SPXW261012P06525000,6525.0,0.0,0.1,0.05,1054.0,267.0,0.6015664843750002,2026-10-09 19:30:13+00:00,7811.5400390625,2026-10-09,2026-10-10T10:11:13+00:00
2026-10-12,put,SPXW261012P06550000,6550.0,0.0,0.1,0.05,236.0,636.0,0.5898478515625001,2026-10-09 19:32:56+00:00,7811.5400390625,2026-10-09,2026-10-10T10:11:13+00:00
2026-10-12,put,SPXW261012P06600000,6600.0,0.0,0.1,0.03,1231.0,6231.0,0.5664105859375,2026-10-09 19:56:07+00:00,7811.5400390625,2026-10-09,2026-10-10T10:11:13+00:00
2026-10-12,put,SPXW261012P06625000,6625.0,0.0,0.1,0.05,266.0,62.0,0.5546919531250001,2026-10-09 15:05:14+00:00,7811.5400390625,2026-10-09,2026-10-10T10:11:13+00:00
2026-10-12,put,SPXW261012P06650000,6650.0,0.0,0.1,0.05,203.0,172.0,0.5429733203125001,2026-10-09 19:53:57+00:00,7811.5400390625,2026-10-09,2026-10-10T10:11:13+00:00
2026-10-12,put,SPXW261012P06675000,6675.0,0.0,0.1,0.05,250.0,156.0,0.5312546875,2026-10-09 15:05:59+00:00,7811.5400390625,2026-10-09,2026-10-10T10:11:13+00:00
2026-10-12,put,SPXW261012P06700000,6700.0,0.0,0.1,0.05,2727.0,469.0,0.5195360546875,2026-10-09 20:13:16+00:00,7811.5400390625,2026-10-09,2026-10-10T10:11:13+00:00
2026-10-12,put,SPXW261012P06725000,6725.0,0.0,0.1,0.1,109.0,141.0,0.507817421875,2026-10-09 20:14:58+00:00,7811.5400390625,2026-10-09,2026-10-10T10:11:13+00:00
2026-10-12,put,SPXW261012P06750000,6750.0,0.0,0.1,0.05,178.0,872.0,0.523442265625,2026-10-09 20:11:13+00:00,7811.5400390625,2026-10-09,2026-10-10T10:11:13+00:00
2026-10-12,put,SPXW261012P06775000,6775.0,0.0,0.1,0.05,32.0,988.0,0.5117236328125,2026-10-09 20:11:01+00:00,7811.5400390625,2026-10-09,2026-10-10T10:11:13+00:00
2026-10-12,put,SPXW261012P06800000,6800.0,0.0,0.1,0.05,3308.0,843.0,0.499028447265625,2026-10-09 20:10:52+00:00,7811.5400390625,2026-10-09,2026-10-10T10:11:13+00:00
2026-10-12,put,SPXW261012P06825000,6825.0,0.05,0.1,0.05,327.0,1242.0,0.48730981445312505,2026-10-09 20:13:48+00:00,7811.5400390625,2026-10-09,2026-10-10T10:11:13+00:00
2026-10-12,put,SPXW261012P06850000,6850.0,0.05,0.1,0.05,153.0,429.0,0.47461462890625,2026-10-09 20:09:31+00:00,7811.5400390625,2026-10-09,2026-10-10T10:11:13+00:00
2026-10-12,put,SPXW261012P06875000,6875.0,0.05,0.1,0.05,16.0,225.0,0.46289599609375004,2026-10-09 19:59:22+00:00,7811.5400390625,2026-10-09,2026-10-10T10:11:13+00:00
2026-10-12,put,SPXW261012P06900000,6900.0,0.05,0.15,0.05,1791.0,237.0,0.46680220703125,2026-10-09 20:09:41+00:00,7811.5400390625,2026-10-09,2026-10-10T10:11:13+00:00
2026-10-12,put,SPXW261012P06925000,6925.0,0.05,0.15,0.05,201.0,192.0,0.454107021484375,2026-10-09 20:02:42+00:00,7811.5400390625,2026-10-09,2026-10-10T10:11:13+00:00
2026-10-12,put,SPXW261012P06950000,6950.0,0.05,0.15,0.05,221.0,590.0,0.4419001123046875,2026-10-09 20:03:06+00:00,7811.5400390625,2026-10-09,2026-10-10T10:11:13+00:00
2026-10-12,put,SPXW261012P06975000,6975.0,0.05,0.15,0.05,260.0,218.0,0.4292049267578125,2026-10-09 20:01:49+00:00,7811.5400390625,2026-10-09,2026-10-10T10:11:13+00:00
2026-10-12,put,SPXW261012P07000000,7000.0,0.05,0.15,0.1,997.0,2106.0,0.41699801757812494,2026-10-09 19:45:19+00:00,7811.5400390625,2026-10-09,2026-10-10T10:11:13+00:00
2026-10-12,put,SPXW261012P07025000,7025.0,0.05,0.15,0.05,26.0,82.0,0.40430283203125,2026-10-09 20:01:41+00:00,7811.5400390625,2026-10-09,2026-10-10T10:11:13+00:00
2026-10-12,put,SPXW261012P07050000,7050.0,0.05,0.15,0.05,650.0,268.0,0.3920959228515625,2026-10-09 20:01:36+00:00,7811.5400390625,2026-10-09,2026-10-10T10:11:13+00:00
2026-10-12,put,SPXW261012P07075000,7075.0,0.05,0.15,0.05,36.0,109.0,0.379889013671875,2026-10-09 20:00:58+00:00,7811.5400390625,2026-10-09,2026-10-10T10:11:13+00:00
2026-10-12,put,SPXW261012P07100000,7100.0,0.05,0.15,0.1,640.0,1012.0,0.367193828125,2026-10-09 19:55:42+00:00,7811.5400390625,2026-10-09,2026-10-10T10:11:13+00:00
2026-10-12,put,SPXW261012P07125000,7125.0,0.05,0.15,0.1,294.0,228.0,0.3549869189453124,2026-10-09 19:46:35+00:00,7811.5400390625,2026-10-09,2026-10-10T10:11:13+00:00
2026-10-12,put,SPXW261012P07150000,7150.0,0.05,0.15,0.05,444.0,353.0,0.34278000976562495,2026-10-09 20:09:50+00:00,7811.5400390625,2026-10-09,2026-10-10T10:11:13+00:00
2026-10-12,put,SPXW261012P07175000,7175.0,0.05,0.15,0.05,47.0,195.0,0.3303289624023437,2026-10-09 20:09:50+00:00,7811.5400390625,2026-10-09,2026-10-10T10:11:13+00:00
2026-10-12,put,SPXW261012P07200000,7200.0,0.05,0.15,0.05,217.0,875.0,0.3178779150390625,2026-10-09 20:09:50+00:00,7811.5400390625,2026-10-09,2026-10-10T10:11:13+00:00
2026-10-12,put,SPXW261012P07220000,7220.0,0.05,0.15,0.05,31.0,67.0,0.30811238769531246,2026-10-09 20:09:50+00:00,7811.5400390625,2026-10-09,2026-10-10T10:11:13+00:00
2026-10-12,put,SPXW261012P07225000,7225.0,0.05,0.15,0.05,140.0,323.0,0.305671005859375,2026-10-09 20:09:50+00:00,7811.5400390625,2026-10-09,2026-10-10T10:11:13+00:00
2026-10-12,put,SPXW261012P07250000,7250.0,0.05,0.15,0.05,97.0,840.0,0.2934640966796874,2026-10-09 20:09:50+00:00,7811.5400390625,2026-10-09,2026-10-10T10:11:13+00:00
2026-10-12,put,SPXW261012P07260000,7260.0,0.1,0.2,0.05,106.0,196.0,0.29688203124999996,2026-10-09 20:09:50+00:00,7811.5400390625,2026-10-09,2026-10-10T10:11:13+00:00
2026-10-12,put,SPXW261012P07270000,7270.0,0.1,0.2,0.05,78.0,72.0,0.29175512939453113,2026-10-09 20:09:50+00:00,7811.5400390625,2026-10-09,2026-10-10T10:11:13+00:00
2026-10-12,put,SPXW261012P07275000,7275.0,0.1,0.2,0.05,14556.0,962.0,0.2890696093749999,2026-10-09 20:09:50+00:00,7811.5400390625,2026-10-09,2026-10-10T10:11:13+00:00
2026-10-12,put,SPXW261012P07280000,7280.0,0.1,0.2,0.05,354.0,40.0,0.2866282275390625,2026-10-09 20:09:50+00:00,7811.5400390625,2026-10-09,2026-10-10T10:11:13+00:00
2026-10-12,put,SPXW261012P07290000,7290.0,0.1,0.2,0.05,54.0,142.0,0.28174546386718746,2026-10-09 20:09:50+00:00,7811.5400390625,2026-10-09,2026-10-10T10:11:13+00:00
2026-10-12,put,SPXW261012P07300000,7300.0,0.1,0.2,0.05,253.0,671.0,0.2766185620117187,2026-10-09 20:09:50+00:00,7811.5400390625,2026-10-09,2026-10-10T10:11:13+00:00
2026-10-12,put,SPXW261012P07310000,7310.0,0.1,0.2,0.1,571.0,115.0,0.27149166015625,2026-10-09 20:14:48+00:00,7811.5400390625,2026-10-09,2026-10-10T10:11:13+00:00
2026-10-12,put,SPXW261012P07320000,7320.0,0.1,0.2,0.05,626.0,875.0,0.266608896484375,2026-10-09 20:09:50+00:00,7811.5400390625,2026-10-09,2026-10-10T10:11:13+00:00
2026-10-12,put,SPXW261012P07325000,7325.0,0.1,0.2,0.05,487.0,405.0,0.26392337646484376,2026-10-09 20:09:50+00:00,7811.5400390625,2026-10-09,2026-10-10T10:11:13+00:00
2026-10-12,put,SPXW261012P07330000,7330.0,0.1,0.2,0.05,708.0,61.0,0.26148199462890626,2026-10-09 20:09:50+00:00,7811.5400390625,2026-10-09,2026-10-10T10:11:13+00:00
2026-10-12,put,SPXW261012P07340000,7340.0,0.1,0.2,0.05,253.0,255.0,0.2563550927734375,2026-10-09 20:09:50+00:00,7811.5400390625,2026-10-09,2026-10-10T10:11:13+00:00
2026-10-12,put,SPXW261012P07350000,7350.0,0.1,0.2,0.1,223.0,417.0,0.2514723291015625,2026-10-09 20:14:21+00:00,7811.5400390625,2026-10-09,2026-10-10T10:11:13+00:00
2026-10-12,put,SPXW261012P07360000,7360.0,0.1,0.2,0.1,188.0,173.0,0.24634542724609376,2026-10-09 20:13:50+00:00,7811.5400390625,2026-10-09,2026-10-10T10:11:13+00:00
2026-10-12,put,SPXW261012P07370000,7370.0,0.1,0.2,0.05,28.0,115.0,0.241218525390625,2026-10-09 20:09:50+00:00,7811.5400390625,2026-10-09,2026-10-10T10:11:13+00:00
2026-10-12,put,SPXW261012P07375000,7375.0,0.1,0.2,0.1,187.0,3252.0,0.2387771435546875,2026-10-09 20:09:50+00:00,7811.5400390625,2026-10-09,2026-10-10T10:11:13+00:00
2026-10-12,put,SPXW261012P07380000,7380.0,0.15,0.2,0.05,106.0,51.0,0.23609162353515623,2026-10-09 20:09:50+00:00,7811.5400390625,2026-10-09,2026-10-10T10:11:13+00:00
2026-10-12,put,SPXW261012P07385000,7385.0,0.15,0.2,0.1,26.0,42.0,0.23365024169921872,2026-10-09 20:09:50+00:00,7811.5400390625,2026-10-09,2026-10-10T10:11:13+00:00
2026-10-12,put,SPXW261012P07390000,7390.0,0.1,0.2,0.1,36.0,92.0,0.23120885986328127,2026-10-09 20:09:50+00:00,7811.5400390625,2026-10-09,2026-10-10T10:11:13+00:00
2026-10-12,put,SPXW261012P07395000,7395.0,0.1,0.2,0.1,35.0,24.0,0.22852333984375,2026-10-09 20:09:50+00:00,7811.5400390625,2026-10-09,2026-10-10T10:11:13+00:00
2026-10-12,put,SPXW261012P07400000,7400.0,0.1,0.25,0.12,640.0,1921.0,0.231452998046875,2026-10-09 20:09:59+00:00,7811.5400390625,2026-10-09,2026-10-10T10:11:13+00:00
2026-10-12,put,SPXW261012P07405000,7405.0,0.1,0.25,0.1,44.0,148.0,0.22901161621093752,2026-10-09 20:09:50+00:00,7811.5400390625,2026-10-09,2026-10-10T10:11:13+00:00
2026-10-12,put,SPXW261012P07410000,7410.0,0.15,0.25,0.1,49.0,152.0,0.22632609619140626,2026-10-09 20:09:50+00:00,7811.5400390625,2026-10-09,2026-10-10T10:11:13+00:00
2026-10-12,put,SPXW261012P07415000,7415.0,0.15,0.25,0.1,35.0,276.0,0.22376264526367184,2026-10-09 20:09:50+00:00,7811.5400390625,2026-10-09,2026-10-10T10:11:13+00:00
2026-10-12,put,SPXW261012P07420000,7420.0,0.15,0.25,0.1,120.0,175.0,0.2211991943359375,2026-10-09 20:09:50+00:00,7811.5400390625,2026-10-09,2026-10-10T10:11:13+00:00
2026-10-12,put,SPXW261012P07425000,7425.0,0.15,0.25,0.1,334.0,362.0,0.21851367431640623,2026-10-09 20:09:50+00:00,7811.5400390625,2026-10-09,2026-10-10T10:11:13+00:00
2026-10-12,put,SPXW261012P07430000,7430.0,0.15,0.25,0.1,240.0,136.0,0.21607229248046872,2026-10-09 20:09:50+00:00,7811.5400390625,2026-10-09,2026-10-10T10:11:13+00:00
2026-10-12,put,SPXW261012P07435000,7435.0,0.15,0.25,0.1,137.0,94.0,0.2133867724609375,2026-10-09 20:09:50+00:00,7811.5400390625,2026-10-09,2026-10-10T10:11:13+00:00
2026-10-12,put,SPXW261012P07440000,7440.0,0.15,0.25,0.1,84.0,266.0,0.2108233215332031,2026-10-09 20:09:50+00:00,7811.5400390625,2026-10-09,2026-10-10T10:11:13+00:00
2026-10-12,put,SPXW261012P07445000,7445.0,0.15,0.25,0.1,43.0,101.0,0.2082598706054687,2026-10-09 20:09:50+00:00,7811.5400390625,2026-10-09,2026-10-10T10:11:13+00:00
2026-10-12,put,SPXW261012P07450000,7450.0,0.15,0.25,0.1,883.0,464.0,0.20557435058593748,2026-10-09 20:09:50+00:00,7811.5400390625,2026-10-09,2026-10-10T10:11:13+00:00
2026-10-12,put,SPXW261012P07455000,7455.0,0.15,0.25,0.1,156.0,166.0,0.2030108996582031,2026-10-09 20:09:50+00:00,7811.5400390625,2026-10-09,2026-10-10T10:11:13+00:00
2026-10-12,put,SPXW261012P07460000,7460.0,0.15,0.25,0.1,266.0,170.0,0.2004474487304687,2026-10-09 20:09:50+00:00,7811.5400390625,2026-10-09,2026-10-10T10:11:13+00:00
2026-10-12,put,SPXW261012P07465000,7465.0,0.15,0.25,0.12,229.0,65.0,0.1977619287109375,2026-10-09 20:14:21+00:00,7811.5400390625,2026-10-09,2026-10-10T10:11:13+00:00
2026-10-12,put,SPXW261012P07470000,7470.0,0.15,0.25,0.15,442.0,87.0,0.195320546875,2026-10-09 20:11:15+00:00,7811.5400390625,2026-10-09,2026-10-10T10:11:13+00:00
2026-10-12,put,SPXW261012P07475000,7475.0,0.15,0.25,0.1,485.0,590.0,0.19263502685546874,2026-10-09 20:09:50+00:00,7811.5400390625,2026-10-09,2026-10-10T10:11:13+00:00
2026-10-12,put,SPXW261012P07480000,7480.0,0.15,0.25,0.1,522.0,243.0,0.18994950683593753,2026-10-09 20:09:50+00:00,7811.5400390625,2026-10-09,2026-10-10T10:11:13+00:00
2026-10-12,put,SPXW261012P07485000,7485.0,0.15,0.3,0.1,47.0,210.0,0.1914143359375,2026-10-09 20:09:50+00:00,7811.5400390625,2026-10-09,2026-10-10T10:11:13+00:00
2026-10-12,put,SPXW261012P07490000,7490.0,0.15,0.3,0.1,205.0,239.0,0.18872881591796875,2026-10-09 20:09:50+00:00,7811.5400390625,2026-10-09,2026-10-10T10:11:13+00:00
2026-10-12,put,SPXW261012P07495000,7495.0,0.15,0.3,0.1,70.0,104.0,0.1860432958984375,2026-10-09 20:09:50+00:00,7811.5400390625,2026-10-09,2026-10-10T10:11:13+00:00
2026-10-12,put,SPXW261012P07500000,7500.0,0.2,0.25,0.15,9561.0,988.0,0.17957363403320312,2026-10-09 20:14:15+00:00,7811.5400390625,2026-10-09,2026-10-10T10:11:13+00:00
2026-10-12,put,SPXW261012P07505000,7505.0,0.2,0.3,0.1,87.0,117.0,0.18079432495117187,2026-10-09 20:09:50+00:00,7811.5400390625,2026-10-09,2026-10-10T10:11:13+00:00
2026-10-12,put,SPXW261012P07510000,7510.0,0.2,0.3,0.1,1670.0,799.0,0.17810880493164064,2026-10-09 20:09:50+00:00,7811.5400390625,2026-10-09,2026-10-10T10:11:13+00:00
2026-10-12,put,SPXW261012P07515000,7515.0,0.2,0.3,0.15,285.0,251.0,0.17542328491210937,2026-10-09 20:09:50+00:00,7811.5400390625,2026-10-09,2026-10-10T10:11:13+00:00
2026-10-12,put,SPXW261012P07520000,7520.0,0.2,0.3,0.15,260.0,2906.0,0.17285983398437502,2026-10-09 20:09:50+00:00,7811.5400390625,2026-10-09,2026-10-10T10:11:13+00:00
2026-10-12,put,SPXW261012P07525000,7525.0,0.2,0.3,0.15,3895.0,803.0,0.17017431396484378,2026-10-09 20:09:50+00:00,7811.5400390625,2026-10-09,2026-10-10T10:11:13+00:00
2026-10-12,put,SPXW261012P07530000,7530.0,0.2,0.3,0.15,180.0,770.0,0.16748879394531252,2026-10-09 20:09:50+00:00,7811.5400390625,2026-10-09,2026-10-10T10:11:13+00:00
2026-10-12,put,SPXW261012P07535000,7535.0,0.2,0.3,0.15,286.0,205.0,0.16480327392578126,2026-10-09 20:09:50+00:00,7811.5400390625,2026-10-09,2026-10-10T10:11:13+00:00
2026-10-12,put,SPXW261012P07540000,7540.0,0.2,0.3,0.15,4132.0,1039.0,0.16211775390625,2026-10-09 20:09:50+00:00,7811.5400390625,2026-10-09,2026-10-10T10:11:13+00:00
2026-10-12,put,SPXW261012P07545000,7545.0,0.2,0.3,0.15,184.0,394.0,0.15943223388671873,2026-10-09 20:09:50+00:00,7811.5400390625,2026-10-09,2026-10-10T10:11:13+00:00
2026-10-12,put,SPXW261012P07550000,7550.0,0.2,0.3,0.15,2861.0,1924.0,0.15674671386718753,2026-10-09 20:09:50+00:00,7811.5400390625,2026-10-09,2026-10-10T10:11:13+00:00
2026-10-12,put,SPXW261012P07555000,7555.0,0.2,0.3,0.2,779.0,470.0,0.15406119384765626,2026-10-09 20:11:42+00:00,7811.5400390625,2026-10-09,2026-10-10T10:11:13+00:00
2026-10-12,put,SPXW261012P07560000,7560.0,0.2,0.35,0.15,399.0,577.0,0.15430533203125002,2026-10-09 20:09:50+00:00,7811.5400390625,2026-10-09,2026-10-10T10:11:13+00:00
2026-10-12,put,SPXW261012P07565000,7565.0,0.2,0.35,0.15,263.0,734.0,0.15161981201171876,2026-10-09 20:09:50+00:00,7811.5400390625,2026-10-09,2026-10-10T10:11:13+00:00
2026-10-12,put,SPXW261012P07570000,7570.0,0.2,0.35,0.15,370.0,698.0,0.14881222290039062,2026-10-09 20:09:50+00:00,7811.5400390625,2026-10-09,2026-10-10T10:11:13+00:00
2026-10-12,put,SPXW261012P07575000,7575.0,0.25,0.35,0.2,478.0,456.0,0.14612670288085935,2026-10-09 20:12:36+00:00,7811.5400390625,2026-10-09,2026-10-10T10:11:13+00:00
2026-10-12,put,SPXW261012P07580000,7580.0,0.25,0.35,0.15,227.0,340.0,0.14331911376953127,2026-10-09 20:09:50+00:00,7811.5400390625,2026-10-09,2026-10-10T10:11:13+00:00
2026-10-12,put,SPXW261012P07585000,7585.0,0.25,0.35,0.15,428.0,351.0,0.14063359375,2026-10-09 20:09:50+00:00,7811.5400390625,2026-10-09,2026-10-10T10:11:13+00:00
2026-10-12,put,SPXW261012P07590000,7590.0,0.25,0.35,0.15,487.0,1380.0,0.1378260046386719,2026-10-09 20:09:50+00:00,7811.5400390625,2026-10-09,2026-10-10T10:11:13+00:00
2026-10-12,put,SPXW261012P07595000,7595.0,0.25,0.35,0.15,577.0,890.0,0.13507945007324224,2026-10-09 20:09:50+00:00,7811.5400390625,2026-10-09,2026-10-10T10:11:13+00:00
2026-10-12,put,SPXW261012P07600000,7600.0,0.25,0.35,0.2,14508.0,2324.0,0.13233289550781252,2026-10-09 20:14:48+00:00,7811.5400390625,2026-10-09,2026-10-10T10:11:13+00:00
2026-10-12,put,SPXW261012P07605000,7605.0,0.25,0.35,0.2,468.0,1457.0,0.12952530639648438,2026-10-09 20:09:50+00:00,7811.5400390625,2026-10-09,2026-10-10T10:11:13+00:00
2026-10-12,put,SPXW261012P07610000,7610.0,0.25,0.4,0.2,4477.0,2284.0,0.12903703002929687,2026-10-09 20:09:50+00:00,7811.5400390625,2026-10-09,2026-10-10T10:11:13+00:00
2026-10-12,put,SPXW261012P07615000,7615.0,0.25,0.4,0.2,759.0,938.0,0.12622944091796873,2026-10-09 20:09:50+00:00,7811.5400390625,2026-10-09,2026-10-10T10:11:13+00:00
2026-10-12,put,SPXW261012P07620000,7620.0,0.25,0.4,0.2,1247.0,371.0,0.12342185180664064,2026-10-09 20:13:07+00:00,7811.5400390625,2026-10-09,2026-10-10T10:11:13+00:00
2026-10-12,put,SPXW261012P07625000,7625.0,0.3,0.4,0.24,4975.0,782.0,0.1206142626953125,2026-10-09 20:13:05+00:00,7811.5400390625,2026-10-09,2026-10-10T10:11:13+00:00
2026-10-12,put,SPXW261012P07630000,7630.0,0.3,0.4,0.21,631.0,480.0,0.11780667358398436,2026-10-09 20:14:30+00:00,7811.5400390625,2026-10-09,2026-10-10T10:11:13+00:00
2026-10-12,put,SPXW261012P07635000,7635.0,0.3,0.4,0.2,628.0,249.0,0.11493804992675781,2026-10-09 20:01:04+00:00,7811.5400390625,2026-10-09,2026-10-10T10:11:13+00:00
2026-10-12,put,SPXW261012P07640000,7640.0,0.3,0.4,0.25,4893.0,519.0,0.11206942626953123,2026-10-09 20:14:30+00:00,7811.5400390625,2026-10-09,2026-10-10T10:11:13+00:00
2026-10-12,put,SPXW261012P07645000,7645.0,0.3,0.45,0.28,485.0,374.0,0.11109287353515623,2026-10-09 20:12:33+00:00,7811.5400390625,2026-10-09,2026-10-10T10:11:13+00:00
2026-10-12,put,SPXW261012P07650000,7650.0,0.3,0.45,0.25,2728.0,4269.0,0.10816321533203124,2026-10-09 20:14:13+00:00,7811.5400390625,2026-10-09,2026-10-10T10:11:13+00:00
2026-10-12,put,SPXW261012P07655000,7655.0,0.35,0.4,0.28,2704.0,451.0,0.10352458984374999,2026-10-09 20:06:18+00:00,7811.5400390625,2026-10-09,2026-10-10T10:11:13+00:00
2026-10-12,put,SPXW261012P07660000,7660.0,0.35,0.45,0.3,3168.0,927.0,0.10236493347167967,2026-10-09 20:14:35+00:00,7811.5400390625,2026-10-09,2026-10-10T10:11:13+00:00
2026-10-12,put,SPXW261012P07665000,7665.0,0.35,0.5,0.3,2393.0,325.0,0.10102217346191406,2026-10-09 20:14:39+00:00,7811.5400390625,2026-10-09,2026-10-10T10:11:13+00:00
2026-10-12,put,SPXW261012P07670000,7670.0,0.35,0.45,0.3,2327.0,307.0,0.09650561706542969,2026-10-09 20:13:07+00:00,7811.5400390625,2026-10-09,2026-10-10T10:11:13+00:00
2026-10-12,put,SPXW261012P07675000,7675.0,0.4,0.5,0.37,2916.0,1130.0,0.09504078796386721,2026-10-09 20:13:23+00:00,7811.5400390625,2026-10-09,2026-10-10T10:11:13+00:00
2026-10-12,put,SPXW261012P07680000,7680.0,0.4,0.55,0.4,1224.0,693.0,0.09345388977050782,2026-10-09 20:11:43+00:00,7811.5400390625,2026-10-09,2026-10-10T10:11:13+00:00
2026-10-12,put,SPXW261012P07685000,7685.0,0.45,0.55,0.35,2640.0,341.0,0.09040216247558594,2026-10-09 20:14:48+00:00,7811.5400390625,2026-10-09,2026-10-10T10:11:13+00:00
2026-10-12,put,SPXW261012P07690000,7690.0,0.45,0.6,0.45,2534.0,885.0,0.08860164337158202,2026-10-09 20:12:41+00:00,7811.5400390625,2026-10-09,2026-10-10T10:11:13+00:00
2026-10-12,put,SPXW261012P07695000,7695.0,0.5,0.6,0.5,2096.0,692.0,0.08551939880371096,2026-10-09 20:07:21+00:00,7811.5400390625,2026-10-09,2026-10-10T10:11:13+00:00
2026-10-12,put,SPXW261012P07700000,7700.0,0.55,0.65,0.55,7028.0,2854.0,0.08350525878906252,2026-10-09 20:14:25+00:00,7811.5400390625,2026-10-09,2026-10-10T10:11:13+00:00
2026-10-12,put,SPXW261012P07705000,7705.0,0.55,0.7,0.65,2223.0,587.0,0.08139956695556641,2026-10-09 20:13:17+00:00,7811.5400390625,2026-10-09,2026-10-10T10:11:13+00:00
2026-10-12,put,SPXW261012P07710000,7710.0,0.6,0.75,0.65,3860.0,837.0,0.07917180603027345,2026-10-09 20:14:12+00:00,7811.5400390625,2026-10-09,2026-10-10T10:11:13+00:00
2026-10-12,put,SPXW261012P07715000,7715.0,0.7,0.8,0.76,3916.0,916.0,0.07682197601318361,2026-10-09 20:14:30+00:00,7811.5400390625,2026-10-09,2026-10-10T10:11:13+00:00
2026-10-12,put,SPXW261012P07720000,7720.0,0.75,0.85,0.85,3471.0,1901.0,0.0743805941772461,2026-10-09 20:14:41+00:00,7811.5400390625,2026-10-09,2026-10-10T10:11:13+00:00
2026-10-12,put,SPXW261012P07725000,7725.0,0.85,1.0,0.95,4824.0,1244.0,0.07331248962402344,2026-10-09 20:14:37+00:00,7811.5400390625,2026-10-09,2026-10-10T10:11:13+00:00
2026-10-12,put,SPXW261012P07730000,7730.0,1.05,1.15,1.12,5079.0,648.0,0.07190869506835937,2026-10-09 20:14:50+00:00,7811.5400390625,2026-10-09,2026-10-10T10:11:13+00:00
2026-10-12,put,SPXW261012P07735000,7735.0,1.15,1.3,1.28,2471.0,531.0,0.07019972778320313,2026-10-09 20:14:28+00:00,7811.5400390625,2026-10-09,2026-10-10T10:11:13+00:00
2026-10-12,put,SPXW261012P07740000,7740.0,1.3,1.45,1.47,4117.0,543.0,0.06823136367797852,2026-10-09 20:14:50+00:00,7811.5400390625,2026-10-09,2026-10-10T10:11:13+00:00
2026-10-12,put,SPXW261012P07745000,7745.0,1.5,1.7,1.75,2995.0,542.0,0.06699541412353516,2026-10-09 20:13:46+00:00,7811.5400390625,2026-10-09,2026-10-10T10:11:13+00:00
2026-10-12,put,SPXW261012P07750000,7750.0,1.75,1.95,1.99,6904.0,3606.0,0.06537799865722656,2026-10-09 20:14:41+00:00,7811.5400390625,2026-10-09,2026-10-10T10:11:13+00:00
2026-10-12,put,SPXW261012P07755000,7755.0,2.1,2.2,2.3,2152.0,459.0,0.06342489318847656,2026-10-09 20:14:46+00:00,7811.5400390625,2026-10-09,2026-10-10T10:11:13+00:00
2026-10-12,put,SPXW261012P07760000,7760.0,2.45,2.6,2.75,2231.0,497.0,0.06221946090698243,2026-10-09 20:14:21+00:00,7811.5400390625,2026-10-09,2026-10-10T10:11:13+00:00
2026-10-12,put,SPXW261012P07765000,7765.0,2.85,3.0,3.15,3752.0,536.0,0.060556269531250005,2026-10-09 20:14:37+00:00,7811.5400390625,2026-10-09,2026-10-10T10:11:13+00:00
2026-10-12,put,SPXW261012P07770000,7770.0,3.3,3.6,3.7,4732.0,1018.0,0.05962549270629883,2026-10-09 20:14:39+00:00,7811.5400390625,2026-10-09,2026-10-10T10:11:13+00:00
2026-10-12,put,SPXW261012P07775000,7775.0,3.9,4.1,4.5,4705.0,557.0,0.05758846473693849,2026-10-09 20:14:56+00:00,7811.5400390625,2026-10-09,2026-10-10T10:11:13+00:00
2026-10-12,put,SPXW261012P07780000,7780.0,4.6,4.8,5.2,6794.0,226.0,0.056085489044189446,2026-10-09 20:14:55+00:00,7811.5400390625,2026-10-09,2026-10-10T10:11:13+00:00
2026-10-12,put,SPXW261012P07785000,7785.0,5.4,5.7,6.05,3890.0,246.0,0.05491057403564453,2026-10-09 20:14:46+00:00,7811.5400390625,2026-10-09,2026-10-10T10:11:13+00:00
2026-10-12,put,SPXW261012P07790000,7790.0,6.3,6.6,7.3,5372.0,465.0,0.053064279022216804,2026-10-09 20:14:51+00:00,7811.5400390625,2026-10-09,2026-10-10T10:11:13+00:00
2026-10-12,put,SPXW261012P07795000,7795.0,7.5,7.8,8.47,2993.0,298.0,0.051752036285400385,2026-10-09 20:14:57+00:00,7811.5400390625,2026-10-09,2026-10-10T10:11:13+00:00
2026-10-12,put,SPXW261012P07800000,7800.0,8.8,9.1,9.94,8427.0,3695.0,0.05004306900024415,2026-10-09 20:14:57+00:00,7811.5400390625,2026-10-09,2026-10-10T10:11:13+00:00
2026-10-12,put,SPXW261012P07805000,7805.0,10.4,10.7,11.5,3657.0,77.0,0.04860112785339356,2026-10-09 20:14:39+00:00,7811.5400390625,2026-10-09,2026-10-10T10:11:13+00:00
2026-10-12,put,SPXW261012P07810000,7810.0,12.2,12.5,13.45,6848.0,139.0,0.04693412181854248,2026-10-09 20:14:40+00:00,7811.5400390625,2026-10-09,2026-10-10T10:11:13+00:00
2026-10-12,put,SPXW261012P07815000,7815.0,47.6,48.5,64.84,,,0.16544413665771485,2026-10-08 18:44:15+00:00,7811.5400390625,2026-10-09,2026-10-10T10:11:13+00:00
2026-10-12,put,SPXW261012P07820000,7820.0,16.6,17.0,18.6,1891.0,177.0,0.043565777816772455,2026-10-09 20:14:52+00:00,7811.5400390625,2026-10-09,2026-10-10T10:11:13+00:00
2026-10-12,put,SPXW261012P07825000,7825.0,19.3,19.7,21.5,942.0,129.0,0.041627930984497075,2026-10-09 20:14:57+00:00,7811.5400390625,2026-10-09,2026-10-10T10:11:13+00:00
2026-10-12,put,SPXW261012P07830000,7830.0,22.2,22.6,24.76,565.0,196.0,0.03888137641906737,2026-10-09 20:14:24+00:00,7811.5400390625,2026-10-09,2026-10-10T10:11:13+00:00
2026-10-12,put,SPXW261012P07835000,7835.0,25.5,25.8,28.13,224.0,95.0,0.035287967529296874,2026-10-09 20:14:22+00:00,7811.5400390625,2026-10-09,2026-10-10T10:11:13+00:00
2026-10-12,put,SPXW261012P07840000,7840.0,28.6,29.6,31.97,245.0,268.0,0.03203787796020508,2026-10-09 20:14:14+00:00,7811.5400390625,2026-10-09,2026-10-10T10:11:13+00:00
2026-10-12,put,SPXW261012P07845000,7845.0,71.9,72.8,91.27,,,0.19229933685302736,2026-10-08 17:19:51+00:00,7811.5400390625,2026-10-09,2026-10-10T10:11:13+00:00
2026-10-12,put,SPXW261012P07850000,7850.0,36.3,37.4,39.95,850.0,332.0,1.0000000000000003e-05,2026-10-09 20:14:57+00:00,7811.5400390625,2026-10-09,2026-10-10T10:11:13+00:00
2026-10-12,put,SPXW261012P07855000,7855.0,80.6,81.6,85.9,,,0.2021411573791504,2026-10-08 20:04:51+00:00,7811.5400390625,2026-10-09,2026-10-10T10:11:13+00:00
2026-10-12,put,SPXW261012P07860000,7860.0,44.6,46.0,48.81,27.0,21.0,1.0000000000000003e-05,2026-10-09 20:12:52+00:00,7811.5400390625,2026-10-09,2026-10-10T10:11:13+00:00
2026-10-12,put,SPXW261012P07865000,7865.0,90.1,91.0,120.77,,,0.21361565200805666,2026-10-08 17:25:56+00:00,7811.5400390625,2026-10-09,2026-10-10T10:11:13+00:00
2026-10-12,put,SPXW261012P07870000,7870.0,53.7,55.1,58.4,42.0,24.0,1.0000000000000003e-05,2026-10-09 20:12:10+00:00,7811.5400390625,2026-10-09,2026-10-10T10:11:13+00:00
2026-10-12,put,SPXW261012P07875000,7875.0,99.2,100.2,115.34,,,0.22382367980957027,2026-10-08 18:53:56+00:00,7811.5400390625,2026-10-09,2026-10-10T10:11:13+00:00
2026-10-12,put,SPXW261012P07880000,7880.0,63.1,64.5,64.28,5.0,5.0,1.0000000000000003e-05,2026-10-09 19:08:48+00:00,7811.5400390625,2026-10-09,2026-10-10T10:11:13+00:00
2026-10-12,put,SPXW261012P07885000,7885.0,108.9,109.8,103.05,,,0.23513032943725587,2026-10-08 14:00:38+00:00,7811.5400390625,2026-10-09,2026-10-10T10:11:13+00:00
2026-10-12,put,SPXW261012P07890000,7890.0,72.8,74.2,80.0,4.0,4.0,1.0000000000000003e-05,2026-10-09 19:54:40+00:00,7811.5400390625,2026-10-09,2026-10-10T10:11:13+00:00
2026-10-12,put,SPXW261012P07900000,7900.0,82.4,84.2,87.2,50.0,14.0,1.0000000000000003e-05,2026-10-09 20:14:29+00:00,7811.5400390625,2026-10-09,2026-10-10T10:11:13+00:00
2026-10-12,put,SPXW261012P07925000,7925.0,98.3,118.2,117.68,5.0,2.0,0.12842668457031248,2026-10-09 16:31:22+00:00,7811.5400390625,2026-10-09,2026-10-10T10:11:13+00:00
2026-10-12,put,SPXW261012P07950000,7950.0,132.4,133.9,136.2,10.0,6.0,1.0000000000000003e-05,2026-10-09 19:43:23+00:00,7811.5400390625,2026-10-09,2026-10-10T10:11:13+00:00
2026-10-12,put,SPXW261012P07975000,7975.0,157.4,158.8,218.79,1.0,1.0,1.0000000000000003e-05,2026-10-08 17:19:38+00:00,7811.5400390625,2026-10-09,2026-10-10T10:11:13+00:00
2026-10-12,put,SPXW261012P08000000,8000.0,182.4,183.8,237.52,5.0,11.0,1.0000000000000003e-05,2026-10-08 16:51:18+00:00,7811.5400390625,2026-10-09,2026-10-10T10:11:13+00:00
2026-10-12,put,SPXW261012P08025000,8025.0,207.4,208.8,277.36,1.0,6.0,1.0000000000000003e-05,2026-10-08 17:25:56+00:00,7811.5400390625,2026-10-09,2026-10-10T10:11:13+00:00
2026-10-12,put,SPXW261012P08200000,8200.0,382.4,383.7,462.15,,1.0,1.0000000000000003e-05,2026-08-28 19:51:26+00:00,7811.5400390625,2026-10-09,2026-10-10T10:11:13+00:00
2026-10-12,put,SPXW261012P08300000,8300.0,482.4,483.7,484.58,1.0,1.0,1.0000000000000003e-05,2026-10-09 19:50:36+00:00,7811.5400390625,2026-10-09,2026-10-10T10:11:13+00:00
2026-10-13,call,SPXW261013C06675000,6675.0,1127.1,1151.0,1095.5,,23.0,0.6820100158691409,2026-09-21 17:42:05+00:00,7811.5400390625,2026-10-09,2026-10-10T10:11:13+00:00
2026-10-13,call,SPXW261013C06700000,6700.0,1102.1,1126.0,1070.7,23.0,27.0,0.6678500012207034,2026-09-21 17:42:05+00:00,7811.5400390625,2026-10-09,2026-10-10T10:11:13+00:00
2026-10-13,call,SPXW261013C06775000,6775.0,1027.1,1051.1,859.28,,1.0,0.6272009936523439,2026-09-14 13:30:04+00:00,7811.5400390625,2026-10-09,2026-10-10T10:11:13+00:00
2026-10-13,call,SPXW261013C06900000,6900.0,902.1,926.1,935.11,10.0,10.0,0.5567060931396486,2026-10-06 16:39:20+00:00,7811.5400390625,2026-10-09,2026-10-10T10:11:13+00:00
2026-10-13,call,SPXW261013C07000000,7000.0,802.1,826.1,834.66,11.0,10.0,0.5005543109130859,2026-10-06 16:39:20+00:00,7811.5400390625,2026-10-09,2026-10-10T10:11:13+00:00
2026-10-13,call,SPXW261013C07050000,7050.0,752.2,776.1,691.8,13.0,7.0,0.6500889483642578,2026-10-02 13:30:17+00:00,7811.5400390625,2026-10-09,2026-10-10T10:11:13+00:00
2026-10-13,call,SPXW261013C07100000,7100.0,702.2,726.1,730.24,1.0,7.0,0.6146889117431642,2026-10-06 14:04:05+00:00,7811.5400390625,2026-10-09,2026-10-10T10:11:13+00:00
2026-10-13,call,SPXW261013C07150000,7150.0,652.2,676.2,507.0,1.0,19.0,0.580128100128174,2026-09-16 16:18:02+00:00,7811.5400390625,2026-10-09,2026-10-10T10:11:13+00:00
2026-10-13,call,SPXW261013C07225000,7225.0,577.2,601.2,619.38,1.0,1.0,0.5265550274658204,2026-10-06 15:53:41+00:00,7811.5400390625,2026-10-09,2026-10-10T10:11:13+00:00
2026-10-13,call,SPXW261013C07250000,7250.0,552.2,576.2,594.66,1.0,2.0,0.5086108709716797,2026-10-06 15:53:41+00:00,7811.5400390625,2026-10-09,2026-10-10T10:11:13+00:00
2026-10-13,call,SPXW261013C07275000,7275.0,527.3,551.2,399.69,4.0,42.0,0.49060567993164067,2026-09-29 17:58:07+00:00,7811.5400390625,2026-10-09,2026-10-10T10:11:13+00:00
2026-10-13,call,SPXW261013C07300000,7300.0,505.9,526.2,480.42,1.0,5.0,0.4725394543457031,2026-10-05 20:11:20+00:00,7811.5400390625,2026-10-09,2026-10-10T10:11:13+00:00
2026-10-13,call,SPXW261013C07350000,7350.0,456.1,476.3,325.4,1.0,19.0,0.43695631408691404,2026-09-16 16:18:02+00:00,7811.5400390625,2026-10-09,2026-10-10T10:11:13+00:00
2026-10-13,call,SPXW261013C07375000,7375.0,431.1,451.3,337.09,,1.0,0.4186306916809082,2026-09-09 18:59:12+00:00,7811.5400390625,2026-10-09,2026-10-10T10:11:13+00:00
2026-10-13,call,SPXW261013C07380000,7380.0,426.1,446.3,310.3,,1.0,0.4149533602905273,2026-09-30 19:56:02+00:00,7811.5400390625,2026-10-09,2026-10-10T10:11:13+00:00
2026-10-13,call,SPXW261013C07400000,7400.0,406.1,426.3,414.45,1.0,,0.4001982588195801,2026-10-09 19:44:56+00:00,7811.5400390625,2026-10-09,2026-10-10T10:11:13+00:00
2026-10-13,call,SPXW261013C07410000,7410.0,396.1,416.3,318.16,,30.0,0.39279782012939457,2026-09-30 15:24:51+00:00,7811.5400390625,2026-10-09,2026-10-10T10:11:13+00:00
2026-10-13,call,SPXW261013C07420000,7420.0,386.2,406.3,387.09,1.0,1.0,0.3853821228027343,2026-10-07 18:11:50+00:00,7811.5400390625,2026-10-09,2026-10-10T10:11:13+00:00
2026-10-13,call,SPXW261013C07425000,7425.0,381.2,401.4,335.03,5.0,6.0,0.3823609127807617,2026-10-05 14:16:19+00:00,7811.5400390625,2026-10-09,2026-10-10T10:11:13+00:00
2026-10-13,call,SPXW261013C07450000,7450.0,356.2,376.4,362.29,1.0,3.0,0.36366908309936524,2026-10-09 18:44:44+00:00,7811.5400390625,2026-10-09,2026-10-10T10:11:13+00:00
2026-10-13,call,SPXW261013C07470000,7470.0,336.2,356.4,241.52,4.0,23.0,0.3486240675354004,2026-09-29 14:19:12+00:00,7811.5400390625,2026-10-09,2026-10-10T10:11:13+00:00
2026-10-13,call,SPXW261013C07490000,7490.0,316.2,336.4,194.99,2.0,2.0,0.3334569828796387,2026-09-30 20:04:04+00:00,7811.5400390625,2026-10-09,2026-10-10T10:11:13+00:00
2026-10-13,call,SPXW261013C07500000,7500.0,317.0,318.7,290.59,1.0,193.0,0.2690502783203125,2026-10-07 15:44:05+00:00,7811.5400390625,2026-10-09,2026-10-10T10:11:13+00:00
2026-10-13,call,SPXW261013C07510000,7510.0,296.4,316.5,298.76,1.0,33.0,0.31880869186401356,2026-10-09 17:29:39+00:00,7811.5400390625,2026-10-09,2026-10-10T10:11:13+00:00
2026-10-13,call,SPXW261013C07525000,7525.0,281.3,301.5,321.26,1.0,2.0,0.30725790405273434,2026-10-06 15:53:41+00:00,7811.5400390625,2026-10-09,2026-10-10T10:11:13+00:00
2026-10-13,call,SPXW261013C07530000,7530.0,276.3,296.5,246.95,4.0,9.0,0.3033974690246582,2026-10-08 15:58:26+00:00,7811.5400390625,2026-10-09,2026-10-10T10:11:13+00:00
2026-10-13,call,SPXW261013C07535000,7535.0,271.3,291.5,248.74,1.0,0.0,0.29952177536010743,2026-10-05 17:59:52+00:00,7811.5400390625,2026-10-09,2026-10-10T10:11:13+00:00
2026-10-13,call,SPXW261013C07550000,7550.0,256.3,276.5,258.81,1.0,12.0,0.28783365982055653,2026-10-09 17:29:39+00:00,7811.5400390625,2026-10-09,2026-10-10T10:11:13+00:00
2026-10-13,call,SPXW261013C07555000,7555.0,251.3,271.5,271.82,1.0,3.0,0.28391981956481926,2026-10-06 17:21:25+00:00,7811.5400390625,2026-10-09,2026-10-10T10:11:13+00:00
2026-10-13,call,SPXW261013C07560000,7560.0,246.3,266.5,157.93,4.0,5.0,0.2799907206726074,2026-09-28 14:55:40+00:00,7811.5400390625,2026-10-09,2026-10-10T10:11:13+00:00
2026-10-13,call,SPXW261013C07570000,7570.0,236.5,256.6,171.53,32.0,32.0,0.27268183380126954,2026-10-02 19:24:40+00:00,7811.5400390625,2026-10-09,2026-10-10T10:11:13+00:00
2026-10-13,call,SPXW261013C07575000,7575.0,231.4,251.6,138.6,1.0,3.0,0.2687222176361084,2026-09-30 19:55:06+00:00,7811.5400390625,2026-10-09,2026-10-10T10:11:13+00:00
2026-10-13,call,SPXW261013C07580000,7580.0,226.4,246.6,123.89,4.0,8.0,0.26474734283447265,2026-09-30 20:04:04+00:00,7811.5400390625,2026-10-09,2026-10-10T10:11:13+00:00
2026-10-13,call,SPXW261013C07585000,7585.0,221.4,241.6,138.6,,1.0,0.2607648387145996,2026-09-29 14:49:47+00:00,7811.5400390625,2026-10-09,2026-10-10T10:11:13+00:00
2026-10-13,call,SPXW261013C07590000,7590.0,227.3,228.9,220.21,1.0,218.0,0.208442974243164,2026-10-09 16:50:57+00:00,7811.5400390625,2026-10-09,2026-10-10T10:11:13+00:00
2026-10-13,call,SPXW261013C07595000,7595.0,211.4,231.6,205.82,10.0,37.0,0.2527464252471924,2026-10-09 14:57:28+00:00,7811.5400390625,2026-10-09,2026-10-10T10:11:13+00:00
2026-10-13,call,SPXW261013C07600000,7600.0,217.3,218.9,177.13,9.0,43.0,0.20133244964599606,2026-10-07 14:54:47+00:00,7811.5400390625,2026-10-09,2026-10-10T10:11:13+00:00
2026-10-13,call,SPXW261013C07605000,7605.0,201.8,225.2,213.05,2.0,6.0,0.26328251373291023,2026-10-09 18:50:43+00:00,7811.5400390625,2026-10-09,2026-10-10T10:11:13+00:00
2026-10-13,call,SPXW261013C07610000,7610.0,207.3,209.0,190.22,11.0,181.0,0.19489330505371094,2026-10-09 14:57:28+00:00,7811.5400390625,2026-10-09,2026-10-10T10:11:13+00:00
2026-10-13,call,SPXW261013C07615000,7615.0,193.5,209.7,109.8,1.0,14.0,0.22629557891845703,2026-10-01 17:30:04+00:00,7811.5400390625,2026-10-09,2026-10-10T10:11:13+00:00
2026-10-13,call,SPXW261013C07620000,7620.0,188.5,204.7,154.85,5.0,70.0,0.22231307479858392,2026-10-02 14:20:58+00:00,7811.5400390625,2026-10-09,2026-10-10T10:11:13+00:00
2026-10-13,call,SPXW261013C07625000,7625.0,192.4,194.0,192.3,1.0,56.0,0.18405204383850096,2026-10-09 18:50:43+00:00,7811.5400390625,2026-10-09,2026-10-10T10:11:13+00:00
2026-10-13,call,SPXW261013C07630000,7630.0,178.6,194.8,151.66,2.0,27.0,0.21483634292602538,2026-10-08 15:30:31+00:00,7811.5400390625,2026-10-09,2026-10-10T10:11:13+00:00
2026-10-13,call,SPXW261013C07635000,7635.0,173.6,189.8,155.33,1.0,30.0,0.21079280426025387,2026-10-05 20:10:21+00:00,7811.5400390625,2026-10-09,2026-10-10T10:11:13+00:00
2026-10-13,call,SPXW261013C07640000,7640.0,168.8,184.9,158.5,1.0,25.0,0.2072528005981445,2026-10-09 16:02:04+00:00,7811.5400390625,2026-10-09,2026-10-10T10:11:13+00:00
2026-10-13,call,SPXW261013C07645000,7645.0,163.7,179.9,116.1,68.0,55.0,0.20317874465942382,2026-10-08 18:10:44+00:00,7811.5400390625,2026-10-09,2026-10-10T10:11:13+00:00
2026-10-13,call,SPXW261013C07650000,7650.0,167.5,169.2,168.66,29.0,583.0,0.16698525894165045,2026-10-09 19:18:29+00:00,7811.5400390625,2026-10-09,2026-10-10T10:11:13+00:00
2026-10-13,call,SPXW261013C07655000,7655.0,153.8,170.0,122.17,1.0,18.0,0.19545787460327146,2026-10-08 16:48:14+00:00,7811.5400390625,2026-10-09,2026-10-10T10:11:13+00:00
2026-10-13,call,SPXW261013C07660000,7660.0,149.0,165.1,154.39,4.0,57.0,0.19181106048583985,2026-10-09 20:13:51+00:00,7811.5400390625,2026-10-09,2026-10-10T10:11:13+00:00
2026-10-13,call,SPXW261013C07665000,7665.0,143.9,160.2,107.99,1.0,53.0,0.18813372909545895,2026-10-08 19:50:01+00:00,7811.5400390625,2026-10-09,2026-10-10T10:11:13+00:00
2026-10-13,call,SPXW261013C07670000,7670.0,147.9,149.6,147.6,8.0,100.0,0.15432059066772463,2026-10-09 19:37:12+00:00,7811.5400390625,2026-10-09,2026-10-10T10:11:13+00:00
2026-10-13,call,SPXW261013C07675000,7675.0,142.9,144.5,138.95,12.0,171.0,0.1498955860900879,2026-10-09 19:57:29+00:00,7811.5400390625,2026-10-09,2026-10-10T10:11:13+00:00
2026-10-13,call,SPXW261013C07680000,7680.0,137.9,139.6,134.79,29.0,98.0,0.14661497924804687,2026-10-09 20:13:51+00:00,7811.5400390625,2026-10-09,2026-10-10T10:11:13+00:00
2026-10-13,call,SPXW261013C07685000,7685.0,133.0,134.7,118.85,2.0,659.0,0.14328859649658204,2026-10-09 15:03:02+00:00,7811.5400390625,2026-10-09,2026-10-10T10:11:13+00:00
2026-10-13,call,SPXW261013C07690000,7690.0,128.2,129.8,110.2,13.0,57.0,0.13991643783569335,2026-10-09 15:11:48+00:00,7811.5400390625,2026-10-09,2026-10-10T10:11:13+00:00
2026-10-13,call,SPXW261013C07695000,7695.0,123.4,125.1,70.9,27.0,90.0,0.13756660781860353,2026-10-08 18:00:53+00:00,7811.5400390625,2026-10-09,2026-10-10T10:11:13+00:00
2026-10-13,call,SPXW261013C07700000,7700.0,118.5,120.1,116.38,10.0,1104.0,0.13356121574401855,2026-10-09 19:54:11+00:00,7811.5400390625,2026-10-09,2026-10-10T10:11:13+00:00
2026-10-13,call,SPXW261013C07705000,7705.0,113.7,115.4,68.2,29.0,107.0,0.1310664286804199,2026-10-08 18:14:05+00:00,7811.5400390625,2026-10-09,2026-10-10T10:11:13+00:00
2026-10-13,call,SPXW261013C07710000,7710.0,108.9,110.4,105.61,31.0,145.0,0.1269694847869873,2026-10-09 20:09:58+00:00,7811.5400390625,2026-10-09,2026-10-10T10:11:13+00:00
2026-10-13,call,SPXW261013C07715000,7715.0,104.1,105.8,102.05,12.0,67.0,0.12479512908935547,2026-10-09 19:54:11+00:00,7811.5400390625,2026-10-09,2026-10-10T10:11:13+00:00
2026-10-13,call,SPXW261013C07720000,7720.0,99.3,100.9,99.93,16.0,104.0,0.12107202178955079,2026-10-09 19:06:47+00:00,7811.5400390625,2026-10-09,2026-10-10T10:11:13+00:00
2026-10-13,call,SPXW261013C07725000,7725.0,94.6,96.3,91.47,26.0,106.0,0.1186840451812744,2026-10-09 20:12:17+00:00,7811.5400390625,2026-10-09,2026-10-10T10:11:13+00:00
2026-10-13,call,SPXW261013C07730000,7730.0,89.8,91.6,88.04,60.0,67.0,0.1157162403869629,2026-10-09 20:03:27+00:00,7811.5400390625,2026-10-09,2026-10-10T10:11:13+00:00
2026-10-13,call,SPXW261013C07735000,7735.0,85.2,86.8,82.94,13.0,79.0,0.11219912467956542,2026-10-09 20:04:15+00:00,7811.5400390625,2026-10-09,2026-10-10T10:11:13+00:00
2026-10-13,call,SPXW261013C07740000,7740.0,80.6,82.2,78.26,22.0,271.0,0.10945257011413573,2026-10-09 20:04:15+00:00,7811.5400390625,2026-10-09,2026-10-10T10:11:13+00:00
2026-10-13,call,SPXW261013C07745000,7745.0,76.1,77.8,73.16,22.0,115.0,0.10738502487182616,2026-10-09 20:09:58+00:00,7811.5400390625,2026-10-09,2026-10-10T10:11:13+00:00
2026-10-13,call,SPXW261013C07750000,7750.0,71.6,73.3,69.12,135.0,622.0,0.10473765144348143,2026-10-09 20:05:45+00:00,7811.5400390625,2026-10-09,2026-10-10T10:11:13+00:00
2026-10-13,call,SPXW261013C07755000,7755.0,67.2,68.7,64.31,162.0,239.0,0.10152570846557615,2026-10-09 20:12:17+00:00,7811.5400390625,2026-10-09,2026-10-10T10:11:13+00:00
2026-10-13,call,SPXW261013C07760000,7760.0,62.7,64.3,59.9,184.0,820.0,0.0989317402648926,2026-10-09 20:12:36+00:00,7811.5400390625,2026-10-09,2026-10-10T10:11:13+00:00
2026-10-13,call,SPXW261013C07765000,7765.0,58.4,60.2,54.7,165.0,210.0,0.09723040229797364,2026-10-09 19:56:21+00:00,7811.5400390625,2026-10-09,2026-10-10T10:11:13+00:00
2026-10-13,call,SPXW261013C07770000,7770.0,54.2,56.0,51.6,442.0,1840.0,0.09491108955383304,2026-10-09 20:12:36+00:00,7811.5400390625,2026-10-09,2026-10-10T10:11:13+00:00
2026-10-13,call,SPXW261013C07775000,7775.0,50.1,51.9,46.8,501.0,276.0,0.092694772605896,2026-10-09 19:57:54+00:00,7811.5400390625,2026-10-09,2026-10-10T10:11:13+00:00
2026-10-13,call,SPXW261013C07780000,7780.0,46.4,47.7,43.6,379.0,610.0,0.08986811019897462,2026-10-09 20:11:20+00:00,7811.5400390625,2026-10-09,2026-10-10T10:11:13+00:00
2026-10-13,call,SPXW261013C07785000,7785.0,42.6,43.9,39.88,766.0,182.0,0.08810192302703858,2026-10-09 20:11:20+00:00,7811.5400390625,2026-10-09,2026-10-10T10:11:13+00:00
2026-10-13,call,SPXW261013C07790000,7790.0,39.1,39.5,36.65,865.0,309.0,0.0840660136795044,2026-10-09 20:00:40+00:00,7811.5400390625,2026-10-09,2026-10-10T10:11:13+00:00
2026-10-13,call,SPXW261013C07795000,7795.0,35.5,35.9,32.58,890.0,1765.0,0.08229219718933106,2026-10-09 20:01:21+00:00,7811.5400390625,2026-10-09,2026-10-10T10:11:13+00:00
2026-10-13,call,SPXW261013C07800000,7800.0,32.1,32.5,29.7,1620.0,1946.0,0.08075107490539551,2026-10-09 20:13:09+00:00,7811.5400390625,2026-10-09,2026-10-10T10:11:13+00:00
2026-10-13,call,SPXW261013C07805000,7805.0,28.8,29.2,26.4,751.0,3327.0,0.0790955128479004,2026-10-09 20:12:33+00:00,7811.5400390625,2026-10-09,2026-10-10T10:11:13+00:00
2026-10-13,call,SPXW261013C07810000,7810.0,25.8,26.2,23.56,833.0,394.0,0.07792059783935548,2026-10-09 20:13:17+00:00,7811.5400390625,2026-10-09,2026-10-10T10:11:13+00:00
2026-10-13,call,SPXW261013C07815000,7815.0,22.9,23.3,21.1,1258.0,2782.0,0.07657783782958986,2026-10-09 20:14:35+00:00,7811.5400390625,2026-10-09,2026-10-10T10:11:13+00:00
2026-10-13,call,SPXW261013C07820000,7820.0,20.2,20.6,18.3,821.0,687.0,0.07534951759338382,2026-10-09 20:10:45+00:00,7811.5400390625,2026-10-09,2026-10-10T10:11:13+00:00
2026-10-13,call,SPXW261013C07825000,7825.0,17.8,18.1,16.2,1924.0,3995.0,0.07422037849426272,2026-10-09 20:14:31+00:00,7811.5400390625,2026-10-09,2026-10-10T10:11:13+00:00
2026-10-13,call,SPXW261013C07830000,7830.0,15.5,15.9,14.07,767.0,420.0,0.07349559326171876,2026-10-09 20:14:22+00:00,7811.5400390625,2026-10-09,2026-10-10T10:11:13+00:00
2026-10-13,call,SPXW261013C07835000,7835.0,13.5,13.8,12.21,1003.0,323.0,0.07254955780029299,2026-10-09 20:14:22+00:00,7811.5400390625,2026-10-09,2026-10-10T10:11:13+00:00
2026-10-13,call,SPXW261013C07840000,7840.0,11.7,12.0,10.34,765.0,593.0,0.07203076416015625,2026-10-09 20:10:59+00:00,7811.5400390625,2026-10-09,2026-10-10T10:11:13+00:00
2026-10-13,call,SPXW261013C07845000,7845.0,10.0,10.4,8.89,616.0,436.0,0.07164929824829103,2026-10-09 20:14:15+00:00,7811.5400390625,2026-10-09,2026-10-10T10:11:13+00:00
2026-10-13,call,SPXW261013C07850000,7850.0,8.6,8.8,7.66,2815.0,1383.0,0.07068037483215334,2026-10-09 20:14:29+00:00,7811.5400390625,2026-10-09,2026-10-10T10:11:13+00:00
2026-10-13,call,SPXW261013C07860000,7860.0,6.2,6.5,5.5,607.0,296.0,0.07049727119445803,2026-10-09 20:12:45+00:00,7811.5400390625,2026-10-09,2026-10-10T10:11:13+00:00
2026-10-13,call,SPXW261013C07870000,7870.0,4.4,4.7,3.89,630.0,404.0,0.07035231414794924,2026-10-09 20:11:00+00:00,7811.5400390625,2026-10-09,2026-10-10T10:11:13+00:00
2026-10-13,call,SPXW261013C07875000,7875.0,3.7,3.9,3.3,342.0,490.0,0.06992507232666016,2026-10-09 20:07:31+00:00,7811.5400390625,2026-10-09,2026-10-10T10:11:13+00:00
2026-10-13,call,SPXW261013C07880000,7880.0,3.1,3.3,2.7,883.0,535.0,0.07007765869140625,2026-10-09 20:10:47+00:00,7811.5400390625,2026-10-09,2026-10-10T10:11:13+00:00
2026-10-13,call,SPXW261013C07890000,7890.0,2.1,2.3,1.85,497.0,500.0,0.07012343460083009,2026-10-09 20:11:00+00:00,7811.5400390625,2026-10-09,2026-10-10T10:11:13+00:00
2026-10-13,call,SPXW261013C07900000,7900.0,1.45,1.6,1.25,3274.0,2676.0,0.07047438323974611,2026-10-09 20:07:21+00:00,7811.5400390625,2026-10-09,2026-10-10T10:11:13+00:00
2026-10-13,call,SPXW261013C07910000,7910.0,0.95,1.1,0.9,1911.0,1004.0,0.07090162506103516,2026-10-09 20:14:16+00:00,7811.5400390625,2026-10-09,2026-10-10T10:11:13+00:00
2026-10-13,call,SPXW261013C07920000,7920.0,0.6,0.8,0.6,213.0,356.0,0.07221386779785156,2026-10-09 20:02:39+00:00,7811.5400390625,2026-10-09,2026-10-10T10:11:13+00:00
2026-10-13,call,SPXW261013C07925000,7925.0,0.5,0.65,0.5,293.0,796.0,0.07230541961669923,2026-10-09 20:04:51+00:00,7811.5400390625,2026-10-09,2026-10-10T10:11:13+00:00
2026-10-13,call,SPXW261013C07930000,7930.0,0.45,0.55,0.4,320.0,426.0,0.07291576507568359,2026-10-09 20:08:09+00:00,7811.5400390625,2026-10-09,2026-10-10T10:11:13+00:00
2026-10-13,call,SPXW261013C07940000,7940.0,0.35,0.45,0.3,128.0,360.0,0.07563180236816408,2026-10-09 20:07:21+00:00,7811.5400390625,2026-10-09,2026-10-10T10:11:13+00:00
2026-10-13,call,SPXW261013C07950000,7950.0,0.2,0.3,0.2,199.0,814.0,0.0759980096435547,2026-10-09 20:14:19+00:00,7811.5400390625,2026-10-09,2026-10-10T10:11:13+00:00
2026-10-13,call,SPXW261013C07960000,7960.0,0.15,0.3,0.15,191.0,580.0,0.08069766967773437,2026-10-09 20:14:19+00:00,7811.5400390625,2026-10-09,2026-10-10T10:11:13+00:00
2026-10-13,call,SPXW261013C07975000,7975.0,0.1,0.25,0.15,295.0,680.0,0.08558043334960938,2026-10-09 20:02:36+00:00,7811.5400390625,2026-10-09,2026-10-10T10:11:13+00:00
2026-10-13,call,SPXW261013C08000000,8000.0,0.05,0.2,0.1,112.0,1554.0,0.09412526977539062,2026-10-09 20:13:48+00:00,7811.5400390625,2026-10-09,2026-10-10T10:11:13+00:00
2026-10-13,call,SPXW261013C08025000,8025.0,0.05,0.15,0.1,39.0,873.0,0.10144941528320311,2026-10-09 20:00:21+00:00,7811.5400390625,2026-10-09,2026-10-10T10:11:13+00:00
2026-10-13,call,SPXW261013C08050000,8050.0,0.05,0.15,0.1,12.0,668.0,0.11182528808593749,2026-10-09 18:51:08+00:00,7811.5400390625,2026-10-09,2026-10-10T10:11:13+00:00
2026-10-13,call,SPXW261013C08075000,8075.0,0.05,0.15,0.15,130.0,534.0,0.12207909179687501,2026-10-09 20:05:07+00:00,7811.5400390625,2026-10-09,2026-10-10T10:11:13+00:00
2026-10-13,call,SPXW261013C08100000,8100.0,0.05,0.15,0.1,21.0,544.0,0.13208875732421876,2026-10-09 19:38:36+00:00,7811.5400390625,2026-10-09,2026-10-10T10:11:13+00:00
2026-10-13,call,SPXW261013C08125000,8125.0,0.0,0.15,0.13,1.0,44.0,0.1420984228515625,2026-10-09 13:34:27+00:00,7811.5400390625,2026-10-09,2026-10-10T10:11:13+00:00
2026-10-13,call,SPXW261013C08150000,8150.0,0.0,0.15,0.12,4.0,12.0,0.1518639501953125,2026-10-09 13:34:27+00:00,7811.5400390625,2026-10-09,2026-10-10T10:11:13+00:00
2026-10-13,call,SPXW261013C08200000,8200.0,0.0,0.1,0.05,4.0,94.0,0.1645591357421875,2026-10-09 18:05:33+00:00,7811.5400390625,2026-10-09,2026-10-10T10:11:13+00:00
2026-10-13,call,SPXW261013C08225000,8225.0,0.0,0.1,0.1,4.0,5.0,0.17408052490234377,2026-10-08 19:38:16+00:00,7811.5400390625,2026-10-09,2026-10-10T10:11:13+00:00
2026-10-13,call,SPXW261013C08250000,8250.0,0.0,0.1,0.07,2.0,3.0,0.18311363769531247,2026-09-30 14:56:03+00:00,7811.5400390625,2026-10-09,2026-10-10T10:11:13+00:00
2026-10-13,call,SPXW261013C08300000,8300.0,0.0,0.1,0.1,5.0,78.0,0.2016681396484375,2026-10-09 19:42:27+00:00,7811.5400390625,2026-10-09,2026-10-10T10:11:13+00:00
2026-10-13,call,SPXW261013C08400000,8400.0,0.0,0.1,0.05,87.0,22.0,0.23731231445312498,2026-10-09 20:02:26+00:00,7811.5400390625,2026-10-09,2026-10-10T10:11:13+00:00
2026-10-13,call,SPXW261013C08600000,8600.0,0.0,0.0,0.1,200.0,202.0,0.12500875,2026-10-06 15:00:34+00:00,7811.5400390625,2026-10-09,2026-10-10T10:11:13+00:00
2026-10-13,call,SPXW261013C08800000,8800.0,0.0,0.05,0.2,8.0,13.0,0.35156898437499995,2026-09-22 19:12:26+00:00,7811.5400390625,2026-10-09,2026-10-10T10:11:13+00:00
2026-10-13,call,SPXW261013C09200000,9200.0,0.0,0.05,0.25,,1.0,0.47070841796875,2026-09-08 13:30:04+00:00,7811.5400390625,2026-10-09,2026-10-10T10:11:13+00:00
2026-10-13,put,SPXW261013P03200000,3200.0,0.0,0.05,0.1,,2.0,2.2734418164062498,2026-09-15 14:45:03+00:00,7811.5400390625,2026-10-09,2026-10-10T10:11:13+00:00
2026-10-13,put,SPXW261013P03600000,3600.0,0.0,0.05,0.17,,100.0,1.984375078125,2026-09-09 17:28:43+00:00,7811.5400390625,2026-10-09,2026-10-10T10:11:13+00:00
2026-10-13,put,SPXW261013P04000000,4000.0,0.0,0.05,0.05,7.0,20.0,1.7265638671875,2026-09-22 14:13:41+00:00,7811.5400390625,2026-10-09,2026-10-10T10:11:13+00:00
2026-10-13,put,SPXW261013P04200000,4200.0,0.0,0.05,0.38,,22.0,1.6015644921874999,2026-09-08 20:12:44+00:00,7811.5400390625,2026-10-09,2026-10-10T10:11:13+00:00
2026-10-13,put,SPXW261013P04400000,4400.0,0.0,0.05,0.1,60.0,77.0,1.484377578125,2026-09-23 16:56:44+00:00,7811.5400390625,2026-10-09,2026-10-10T10:11:13+00:00
2026-10-13,put,SPXW261013P04600000,4600.0,0.0,0.05,0.1,3.0,8.0,1.3750031249999999,2026-09-29 17:09:08+00:00,7811.5400390625,2026-10-09,2026-10-10T10:11:13+00:00
2026-10-13,put,SPXW261013P04800000,4800.0,0.0,0.05,0.05,59.0,102.0,1.2734411328124997,2026-10-02 14:15:19+00:00,7811.5400390625,2026-10-09,2026-10-10T10:11:13+00:00
2026-10-13,put,SPXW261013P05000000,5000.0,0.0,0.05,0.05,27.0,29.0,1.171879140625,2026-10-02 17:55:43+00:00,7811.5400390625,2026-10-09,2026-10-10T10:11:13+00:00
2026-10-13,put,SPXW261013P05200000,5200.0,0.0,0.05,0.05,7.0,659.0,1.0703171484375003,2026-10-08 16:08:56+00:00,7811.5400390625,2026-10-09,2026-10-10T10:11:13+00:00
2026-10-13,put,SPXW261013P05400000,5400.0,0.0,0.05,0.05,680.0,3336.0,0.9765627343750001,2026-10-05 19:30:11+00:00,7811.5400390625,2026-10-09,2026-10-10T10:11:13+00:00
2026-10-13,put,SPXW261013P05600000,5600.0,0.0,0.05,0.05,51.0,2644.0,0.8867198828124999,2026-10-08 18:24:11+00:00,7811.5400390625,2026-10-09,2026-10-10T10:11:13+00:00
2026-10-13,put,SPXW261013P05800000,5800.0,0.0,0.1,0.05,6.0,1580.0,0.8359391406249999,2026-10-08 19:07:36+00:00,7811.5400390625,2026-10-09,2026-10-10T10:11:13+00:00
2026-10-13,put,SPXW261013P06000000,6000.0,0.0,0.1,0.05,510.0,586.0,0.7460962890625,2026-10-09 14:05:36+00:00,7811.5400390625,2026-10-09,2026-10-10T10:11:13+00:00
2026-10-13,put,SPXW261013P06100000,6100.0,0.0,0.1,0.05,2591.0,5583.0,0.70117486328125,2026-10-09 20:09:48+00:00,7811.5400390625,2026-10-09,2026-10-10T10:11:13+00:00
2026-10-13,put,SPXW261013P06200000,6200.0,0.0,0.1,0.05,2839.0,521.0,0.65820654296875,2026-10-09 20:07:56+00:00,7811.5400390625,2026-10-09,2026-10-10T10:11:13+00:00
2026-10-13,put,SPXW261013P06300000,6300.0,0.0,0.1,0.05,523.0,4149.0,0.6152382226562501,2026-10-09 20:00:03+00:00,7811.5400390625,2026-10-09,2026-10-10T10:11:13+00:00
2026-10-13,put,SPXW261013P06400000,6400.0,0.05,0.15,0.05,33.0,387.0,0.6044961425781252,2026-10-09 15:02:11+00:00,7811.5400390625,2026-10-09,2026-10-10T10:11:13+00:00
2026-10-13,put,SPXW261013P06500000,6500.0,0.05,0.15,0.15,91.0,574.0,0.56055126953125,2026-10-08 18:09:16+00:00,7811.5400390625,2026-10-09,2026-10-10T10:11:13+00:00
2026-10-13,put,SPXW261013P06525000,6525.0,0.05,0.15,0.15,59.0,410.0,0.5498091894531252,2026-10-08 18:06:54+00:00,7811.5400390625,2026-10-09,2026-10-10T10:11:13+00:00
2026-10-13,put,SPXW261013P06550000,6550.0,0.05,0.15,0.15,80.0,145.0,0.5390671093750001,2026-10-08 19:16:29+00:00,7811.5400390625,2026-10-09,2026-10-10T10:11:13+00:00
2026-10-13,put,SPXW261013P06575000,6575.0,0.05,0.15,0.1,1.0,4.0,0.5283250292968751,2026-10-06 19:59:55+00:00,7811.5400390625,2026-10-09,2026-10-10T10:11:13+00:00
2026-10-13,put,SPXW261013P06600000,6600.0,0.05,0.15,0.1,37.0,248.0,0.51758294921875,2026-10-09 19:33:26+00:00,7811.5400390625,2026-10-09,2026-10-10T10:11:13+00:00
2026-10-13,put,SPXW261013P06625000,6625.0,0.05,0.15,0.1,224.0,535.0,0.506840869140625,2026-10-09 19:21:10+00:00,7811.5400390625,2026-10-09,2026-10-10T10:11:13+00:00
2026-10-13,put,SPXW261013P06650000,6650.0,0.05,0.15,0.1,195.0,68.0,0.5131884619140624,2026-10-09 19:54:38+00:00,7811.5400390625,2026-10-09,2026-10-10T10:11:13+00:00
2026-10-13,put,SPXW261013P06675000,6675.0,0.05,0.15,0.1,45.0,40.0,0.5024463818359376,2026-10-09 19:53:54+00:00,7811.5400390625,2026-10-09,2026-10-10T10:11:13+00:00
2026-10-13,put,SPXW261013P06700000,6700.0,0.05,0.15,0.1,1427.0,331.0,0.49121602539062503,2026-10-09 19:22:39+00:00,7811.5400390625,2026-10-09,2026-10-10T10:11:13+00:00
2026-10-13,put,SPXW261013P06725000,6725.0,0.05,0.15,0.1,34.0,15.0,0.4804739453125,2026-10-09 19:16:53+00:00,7811.5400390625,2026-10-09,2026-10-10T10:11:13+00:00
2026-10-13,put,SPXW261013P06750000,6750.0,0.05,0.15,0.1,72.0,1056.0,0.46924358886718753,2026-10-09 20:00:06+00:00,7811.5400390625,2026-10-09,2026-10-10T10:11:13+00:00
2026-10-13,put,SPXW261013P06775000,6775.0,0.05,0.15,0.12,610.0,663.0,0.4585015087890626,2026-10-09 19:00:36+00:00,7811.5400390625,2026-10-09,2026-10-10T10:11:13+00:00
2026-10-13,put,SPXW261013P06800000,6800.0,0.05,0.15,0.1,87.0,648.0,0.44727115234375,2026-10-09 16:12:01+00:00,7811.5400390625,2026-10-09,2026-10-10T10:11:13+00:00
2026-10-13,put,SPXW261013P06825000,6825.0,0.05,0.2,0.25,150.0,208.0,0.44824770507812495,2026-10-08 18:54:05+00:00,7811.5400390625,2026-10-09,2026-10-10T10:11:13+00:00
2026-10-13,put,SPXW261013P06850000,6850.0,0.1,0.2,0.25,15.0,179.0,0.4370173486328125,2026-10-08 17:54:24+00:00,7811.5400390625,2026-10-09,2026-10-10T10:11:13+00:00
2026-10-13,put,SPXW261013P06875000,6875.0,0.15,0.2,0.12,406.0,96.0,0.42578699218750005,2026-10-09 15:48:29+00:00,7811.5400390625,2026-10-09,2026-10-10T10:11:13+00:00
2026-10-13,put,SPXW261013P06900000,6900.0,0.1,0.2,0.15,358.0,162.0,0.415044912109375,2026-10-09 16:55:41+00:00,7811.5400390625,2026-10-09,2026-10-10T10:11:13+00:00
2026-10-13,put,SPXW261013P06925000,6925.0,0.1,0.2,0.15,208.0,124.0,0.40381455566406255,2026-10-09 19:42:17+00:00,7811.5400390625,2026-10-09,2026-10-10T10:11:13+00:00
2026-10-13,put,SPXW261013P06950000,6950.0,0.1,0.2,0.1,241.0,796.0,0.39282833740234374,2026-10-09 19:23:29+00:00,7811.5400390625,2026-10-09,2026-10-10T10:11:13+00:00
2026-10-13,put,SPXW261013P06975000,6975.0,0.1,0.2,0.35,73.0,76.0,0.38184211914062494,2026-10-08 18:33:10+00:00,7811.5400390625,2026-10-09,2026-10-10T10:11:13+00:00
2026-10-13,put,SPXW261013P07000000,7000.0,0.1,0.2,0.15,169.0,3213.0,0.3706117626953125,2026-10-09 20:13:10+00:00,7811.5400390625,2026-10-09,2026-10-10T10:11:13+00:00
2026-10-13,put,SPXW261013P07025000,7025.0,0.1,0.2,0.15,82.0,143.0,0.35986968261718744,2026-10-09 20:05:48+00:00,7811.5400390625,2026-10-09,2026-10-10T10:11:13+00:00
2026-10-13,put,SPXW261013P07050000,7050.0,0.1,0.25,0.15,26.0,136.0,0.35645174804687496,2026-10-09 20:00:45+00:00,7811.5400390625,2026-10-09,2026-10-10T10:11:13+00:00
2026-10-13,put,SPXW261013P07075000,7075.0,0.15,0.25,0.22,90.0,175.0,0.3452213916015625,2026-10-09 15:24:47+00:00,7811.5400390625,2026-10-09,2026-10-10T10:11:13+00:00
2026-10-13,put,SPXW261013P07100000,7100.0,0.15,0.25,0.17,440.0,325.0,0.33423517333984376,2026-10-09 20:12:02+00:00,7811.5400390625,2026-10-09,2026-10-10T10:11:13+00:00
2026-10-13,put,SPXW261013P07125000,7125.0,0.15,0.25,0.32,3.0,137.0,0.32300481689453114,2026-10-08 14:44:14+00:00,7811.5400390625,2026-10-09,2026-10-10T10:11:13+00:00
2026-10-13,put,SPXW261013P07150000,7150.0,0.15,0.25,0.4,16.0,72.0,0.3117744604492187,2026-10-08 17:03:37+00:00,7811.5400390625,2026-10-09,2026-10-10T10:11:13+00:00
2026-10-13,put,SPXW261013P07175000,7175.0,0.15,0.25,0.2,14.0,138.0,0.3007882421875,2026-10-09 18:24:27+00:00,7811.5400390625,2026-10-09,2026-10-10T10:11:13+00:00
2026-10-13,put,SPXW261013P07200000,7200.0,0.15,0.3,0.2,773.0,3506.0,0.2951730639648437,2026-10-09 20:14:44+00:00,7811.5400390625,2026-10-09,2026-10-10T10:11:13+00:00
2026-10-13,put,SPXW261013P07210000,7210.0,0.15,0.3,0.2,22.0,4.0,0.2906565075683593,2026-10-09 20:14:20+00:00,7811.5400390625,2026-10-09,2026-10-10T10:11:13+00:00
2026-10-13,put,SPXW261013P07220000,7220.0,0.2,0.3,0.25,74.0,11.0,0.28613995117187496,2026-10-09 19:41:43+00:00,7811.5400390625,2026-10-09,2026-10-10T10:11:13+00:00
2026-10-13,put,SPXW261013P07225000,7225.0,0.2,0.3,0.28,26.0,188.0,0.28394270751953116,2026-10-09 18:08:05+00:00,7811.5400390625,2026-10-09,2026-10-10T10:11:13+00:00
2026-10-13,put,SPXW261013P07240000,7240.0,0.2,0.3,0.25,12.0,93.0,0.2771068383789062,2026-10-09 17:21:36+00:00,7811.5400390625,2026-10-09,2026-10-10T10:11:13+00:00
2026-10-13,put,SPXW261013P07250000,7250.0,0.2,0.3,0.2,1069.0,240.0,0.27246821289062495,2026-10-09 19:55:24+00:00,7811.5400390625,2026-10-09,2026-10-10T10:11:13+00:00
2026-10-13,put,SPXW261013P07260000,7260.0,0.2,0.3,0.25,26.0,127.0,0.26807372558593745,2026-10-09 18:28:49+00:00,7811.5400390625,2026-10-09,2026-10-10T10:11:13+00:00
2026-10-13,put,SPXW261013P07270000,7270.0,0.2,0.3,0.25,107.0,199.0,0.26343510009765625,2026-10-09 19:21:36+00:00,7811.5400390625,2026-10-09,2026-10-10T10:11:13+00:00
2026-10-13,put,SPXW261013P07275000,7275.0,0.2,0.3,0.25,204.0,151.0,0.2612378564453125,2026-10-09 18:46:41+00:00,7811.5400390625,2026-10-09,2026-10-10T10:11:13+00:00
2026-10-13,put,SPXW261013P07280000,7280.0,0.2,0.3,0.25,26.0,10.0,0.2590406127929688,2026-10-09 19:29:32+00:00,7811.5400390625,2026-10-09,2026-10-10T10:11:13+00:00
2026-10-13,put,SPXW261013P07290000,7290.0,0.2,0.35,0.25,18.0,51.0,0.25879647460937505,2026-10-09 19:45:00+00:00,7811.5400390625,2026-10-09,2026-10-10T10:11:13+00:00
2026-10-13,put,SPXW261013P07300000,7300.0,0.2,0.35,0.25,50.0,408.0,0.2541578491210938,2026-10-09 19:57:07+00:00,7811.5400390625,2026-10-09,2026-10-10T10:11:13+00:00
2026-10-13,put,SPXW261013P07310000,7310.0,0.2,0.35,0.25,16.0,42.0,0.24964129272460936,2026-10-09 20:03:25+00:00,7811.5400390625,2026-10-09,2026-10-10T10:11:13+00:00
2026-10-13,put,SPXW261013P07320000,7320.0,0.25,0.35,0.3,7.0,29.0,0.24500266723632813,2026-10-09 17:21:36+00:00,7811.5400390625,2026-10-09,2026-10-10T10:11:13+00:00
2026-10-13,put,SPXW261013P07325000,7325.0,0.25,0.35,0.3,338.0,78.0,0.24268335449218748,2026-10-09 19:49:03+00:00,7811.5400390625,2026-10-09,2026-10-10T10:11:13+00:00
2026-10-13,put,SPXW261013P07330000,7330.0,0.25,0.35,0.3,28.0,45.0,0.24048611083984373,2026-10-09 17:30:17+00:00,7811.5400390625,2026-10-09,2026-10-10T10:11:13+00:00
2026-10-13,put,SPXW261013P07340000,7340.0,0.25,0.35,0.35,16.0,102.0,0.23584748535156247,2026-10-09 17:39:55+00:00,7811.5400390625,2026-10-09,2026-10-10T10:11:13+00:00
2026-10-13,put,SPXW261013P07350000,7350.0,0.25,0.35,0.2,123.0,181.0,0.23120885986328127,2026-10-09 19:58:39+00:00,7811.5400390625,2026-10-09,2026-10-10T10:11:13+00:00
2026-10-13,put,SPXW261013P07360000,7360.0,0.25,0.35,0.2,11.0,33.0,0.22669230346679686,2026-10-09 19:58:39+00:00,7811.5400390625,2026-10-09,2026-10-10T10:11:13+00:00
2026-10-13,put,SPXW261013P07365000,7365.0,0.25,0.35,0.25,13.0,13.0,0.2243729907226562,2026-10-09 19:58:37+00:00,7811.5400390625,2026-10-09,2026-10-10T10:11:13+00:00
2026-10-13,put,SPXW261013P07370000,7370.0,0.25,0.35,0.25,10.0,23.0,0.22205367797851558,2026-10-09 19:58:35+00:00,7811.5400390625,2026-10-09,2026-10-10T10:11:13+00:00
2026-10-13,put,SPXW261013P07375000,7375.0,0.25,0.4,0.25,32.0,160.0,0.22315229980468748,2026-10-09 19:58:15+00:00,7811.5400390625,2026-10-09,2026-10-10T10:11:13+00:00
2026-10-13,put,SPXW261013P07380000,7380.0,0.25,0.4,0.31,12.0,117.0,0.22083298706054685,2026-10-09 20:02:11+00:00,7811.5400390625,2026-10-09,2026-10-10T10:11:13+00:00
2026-10-13,put,SPXW261013P07385000,7385.0,0.25,0.4,0.35,8.0,30.0,0.21851367431640623,2026-10-09 17:33:28+00:00,7811.5400390625,2026-10-09,2026-10-10T10:11:13+00:00
2026-10-13,put,SPXW261013P07390000,7390.0,0.25,0.4,0.35,8.0,74.0,0.2161943615722656,2026-10-09 18:51:38+00:00,7811.5400390625,2026-10-09,2026-10-10T10:11:13+00:00
2026-10-13,put,SPXW261013P07395000,7395.0,0.25,0.4,0.35,9.0,11.0,0.213875048828125,2026-10-09 17:29:53+00:00,7811.5400390625,2026-10-09,2026-10-10T10:11:13+00:00
2026-10-13,put,SPXW261013P07400000,7400.0,0.3,0.4,0.25,87.0,321.0,0.21143366699218746,2026-10-09 19:58:36+00:00,7811.5400390625,2026-10-09,2026-10-10T10:11:13+00:00
2026-10-13,put,SPXW261013P07410000,7410.0,0.3,0.4,0.25,9.0,39.0,0.2067950415039062,2026-10-09 19:58:20+00:00,7811.5400390625,2026-10-09,2026-10-10T10:11:13+00:00
2026-10-13,put,SPXW261013P07415000,7415.0,0.3,0.4,0.25,16.0,43.0,0.20447572875976558,2026-10-09 19:58:37+00:00,7811.5400390625,2026-10-09,2026-10-10T10:11:13+00:00
2026-10-13,put,SPXW261013P07420000,7420.0,0.3,0.4,0.25,120.0,84.0,0.20215641601562498,2026-10-09 19:58:07+00:00,7811.5400390625,2026-10-09,2026-10-10T10:11:13+00:00
2026-10-13,put,SPXW261013P07425000,7425.0,0.3,0.4,0.37,32.0,101.0,0.19983710327148438,2026-10-09 18:13:50+00:00,7811.5400390625,2026-10-09,2026-10-10T10:11:13+00:00
2026-10-13,put,SPXW261013P07430000,7430.0,0.3,0.4,0.35,7.0,295.0,0.19739572143554687,2026-10-09 19:02:14+00:00,7811.5400390625,2026-10-09,2026-10-10T10:11:13+00:00
2026-10-13,put,SPXW261013P07435000,7435.0,0.3,0.4,0.4,5.0,225.0,0.19507640869140624,2026-10-09 17:33:28+00:00,7811.5400390625,2026-10-09,2026-10-10T10:11:13+00:00
2026-10-13,put,SPXW261013P07440000,7440.0,0.3,0.45,0.25,54.0,82.0,0.19556468505859376,2026-10-09 19:59:29+00:00,7811.5400390625,2026-10-09,2026-10-10T10:11:13+00:00
2026-10-13,put,SPXW261013P07445000,7445.0,0.3,0.45,0.3,8.0,72.0,0.19312330322265625,2026-10-09 19:58:37+00:00,7811.5400390625,2026-10-09,2026-10-10T10:11:13+00:00
2026-10-13,put,SPXW261013P07450000,7450.0,0.3,0.45,0.3,55.0,3059.0,0.19080399047851562,2026-10-09 19:58:37+00:00,7811.5400390625,2026-10-09,2026-10-10T10:11:13+00:00
2026-10-13,put,SPXW261013P07455000,7455.0,0.3,0.45,0.3,14.0,85.0,0.18842364318847654,2026-10-09 19:58:37+00:00,7811.5400390625,2026-10-09,2026-10-10T10:11:13+00:00
2026-10-13,put,SPXW261013P07460000,7460.0,0.3,0.45,0.3,10.0,98.0,0.1860432958984375,2026-10-09 19:58:37+00:00,7811.5400390625,2026-10-09,2026-10-10T10:11:13+00:00
2026-10-13,put,SPXW261013P07465000,7465.0,0.35,0.45,0.35,118.0,65.0,0.18366294860839844,2026-10-09 20:01:37+00:00,7811.5400390625,2026-10-09,2026-10-10T10:11:13+00:00
2026-10-13,put,SPXW261013P07470000,7470.0,0.35,0.45,0.35,90.0,158.0,0.18128260131835935,2026-10-09 20:03:49+00:00,7811.5400390625,2026-10-09,2026-10-10T10:11:13+00:00
2026-10-13,put,SPXW261013P07475000,7475.0,0.35,0.45,0.35,74.0,194.0,0.1789022540283203,2026-10-09 20:00:45+00:00,7811.5400390625,2026-10-09,2026-10-10T10:11:13+00:00
2026-10-13,put,SPXW261013P07480000,7480.0,0.35,0.45,0.4,55.0,464.0,0.17652190673828128,2026-10-09 19:54:48+00:00,7811.5400390625,2026-10-09,2026-10-10T10:11:13+00:00
2026-10-13,put,SPXW261013P07485000,7485.0,0.35,0.45,0.45,64.0,242.0,0.17408052490234377,2026-10-09 17:32:39+00:00,7811.5400390625,2026-10-09,2026-10-10T10:11:13+00:00
2026-10-13,put,SPXW261013P07490000,7490.0,0.35,0.5,0.4,29.0,385.0,0.17408052490234377,2026-10-09 20:05:43+00:00,7811.5400390625,2026-10-09,2026-10-10T10:11:13+00:00
2026-10-13,put,SPXW261013P07495000,7495.0,0.35,0.5,0.4,8.0,238.0,0.17163914306640626,2026-10-09 19:00:03+00:00,7811.5400390625,2026-10-09,2026-10-10T10:11:13+00:00
2026-10-13,put,SPXW261013P07500000,7500.0,0.35,0.5,0.41,117.0,1703.0,0.16919776123046876,2026-10-09 20:12:02+00:00,7811.5400390625,2026-10-09,2026-10-10T10:11:13+00:00
2026-10-13,put,SPXW261013P07505000,7505.0,0.35,0.5,0.45,8.0,746.0,0.1667563793945313,2026-10-09 18:59:52+00:00,7811.5400390625,2026-10-09,2026-10-10T10:11:13+00:00
2026-10-13,put,SPXW261013P07510000,7510.0,0.4,0.5,0.42,30.0,391.0,0.1643760321044922,2026-10-09 20:04:53+00:00,7811.5400390625,2026-10-09,2026-10-10T10:11:13+00:00
2026-10-13,put,SPXW261013P07515000,7515.0,0.4,0.5,0.45,20.0,209.0,0.1619346502685547,2026-10-09 19:32:34+00:00,7811.5400390625,2026-10-09,2026-10-10T10:11:13+00:00
2026-10-13,put,SPXW261013P07520000,7520.0,0.4,0.5,0.47,40.0,165.0,0.1595543029785156,2026-10-09 19:44:14+00:00,7811.5400390625,2026-10-09,2026-10-10T10:11:13+00:00
2026-10-13,put,SPXW261013P07525000,7525.0,0.4,0.55,0.45,202.0,199.0,0.15906602661132813,2026-10-09 19:33:56+00:00,7811.5400390625,2026-10-09,2026-10-10T10:11:13+00:00
2026-10-13,put,SPXW261013P07530000,7530.0,0.4,0.55,0.45,63.0,115.0,0.15662464477539065,2026-10-09 19:00:03+00:00,7811.5400390625,2026-10-09,2026-10-10T10:11:13+00:00
2026-10-13,put,SPXW261013P07535000,7535.0,0.45,0.55,0.47,20.0,55.0,0.15418326293945314,2026-10-09 19:52:22+00:00,7811.5400390625,2026-10-09,2026-10-10T10:11:13+00:00
2026-10-13,put,SPXW261013P07540000,7540.0,0.4,0.55,0.45,48.0,151.0,0.1516808465576172,2026-10-09 19:57:51+00:00,7811.5400390625,2026-10-09,2026-10-10T10:11:13+00:00
2026-10-13,put,SPXW261013P07545000,7545.0,0.45,0.55,0.5,49.0,96.0,0.1492394647216797,2026-10-09 19:00:03+00:00,7811.5400390625,2026-10-09,2026-10-10T10:11:13+00:00
2026-10-13,put,SPXW261013P07550000,7550.0,0.45,0.55,0.45,133.0,643.0,0.14673704833984375,2026-10-09 19:58:35+00:00,7811.5400390625,2026-10-09,2026-10-10T10:11:13+00:00
2026-10-13,put,SPXW261013P07555000,7555.0,0.45,0.6,0.44,54.0,91.0,0.14600463378906248,2026-10-09 19:58:22+00:00,7811.5400390625,2026-10-09,2026-10-10T10:11:13+00:00
2026-10-13,put,SPXW261013P07560000,7560.0,0.45,0.6,0.47,366.0,123.0,0.143563251953125,2026-10-09 19:57:47+00:00,7811.5400390625,2026-10-09,2026-10-10T10:11:13+00:00
2026-10-13,put,SPXW261013P07565000,7565.0,0.45,0.6,0.55,38.0,836.0,0.14099980102539064,2026-10-09 19:32:34+00:00,7811.5400390625,2026-10-09,2026-10-10T10:11:13+00:00
2026-10-13,put,SPXW261013P07570000,7570.0,0.5,0.6,0.51,88.0,712.0,0.1384973846435547,2026-10-09 19:57:47+00:00,7811.5400390625,2026-10-09,2026-10-10T10:11:13+00:00
2026-10-13,put,SPXW261013P07575000,7575.0,0.5,0.65,0.5,167.0,872.0,0.13758186645507814,2026-10-09 19:52:35+00:00,7811.5400390625,2026-10-09,2026-10-10T10:11:13+00:00
2026-10-13,put,SPXW261013P07580000,7580.0,0.5,0.65,0.54,193.0,8270.0,0.13501841552734378,2026-10-09 19:58:22+00:00,7811.5400390625,2026-10-09,2026-10-10T10:11:13+00:00
2026-10-13,put,SPXW261013P07585000,7585.0,0.5,0.65,0.56,77.0,453.0,0.13251599914550782,2026-10-09 19:31:22+00:00,7811.5400390625,2026-10-09,2026-10-10T10:11:13+00:00
2026-10-13,put,SPXW261013P07590000,7590.0,0.55,0.7,0.53,175.0,8660.0,0.1313563427734375,2026-10-09 20:02:24+00:00,7811.5400390625,2026-10-09,2026-10-10T10:11:13+00:00
2026-10-13,put,SPXW261013P07595000,7595.0,0.55,0.7,0.65,44.0,2665.0,0.1287928918457031,2026-10-09 19:00:03+00:00,7811.5400390625,2026-10-09,2026-10-10T10:11:13+00:00
2026-10-13,put,SPXW261013P07600000,7600.0,0.55,0.7,0.6,531.0,3434.0,0.12622944091796873,2026-10-09 20:14:44+00:00,7811.5400390625,2026-10-09,2026-10-10T10:11:13+00:00
2026-10-13,put,SPXW261013P07605000,7605.0,0.6,0.75,0.63,208.0,216.0,0.12494771545410156,2026-10-09 20:02:24+00:00,7811.5400390625,2026-10-09,2026-10-10T10:11:13+00:00
2026-10-13,put,SPXW261013P07610000,7610.0,0.6,0.75,0.64,489.0,535.0,0.12232322998046877,2026-10-09 20:05:29+00:00,7811.5400390625,2026-10-09,2026-10-10T10:11:13+00:00
2026-10-13,put,SPXW261013P07615000,7615.0,0.65,0.8,0.65,1012.0,175.0,0.1209194354248047,2026-10-09 20:13:53+00:00,7811.5400390625,2026-10-09,2026-10-10T10:11:13+00:00
2026-10-13,put,SPXW261013P07620000,7620.0,0.65,0.8,0.73,504.0,1197.0,0.11829494995117187,2026-10-09 20:05:29+00:00,7811.5400390625,2026-10-09,2026-10-10T10:11:13+00:00
2026-10-13,put,SPXW261013P07625000,7625.0,0.7,0.85,0.7,434.0,468.0,0.11676908630371094,2026-10-09 20:13:53+00:00,7811.5400390625,2026-10-09,2026-10-10T10:11:13+00:00
2026-10-13,put,SPXW261013P07630000,7630.0,0.7,0.85,0.8,434.0,3003.0,0.11408356628417969,2026-10-09 20:08:08+00:00,7811.5400390625,2026-10-09,2026-10-10T10:11:13+00:00
2026-10-13,put,SPXW261013P07635000,7635.0,0.75,0.9,0.8,164.0,174.0,0.11243563354492186,2026-10-09 20:13:23+00:00,7811.5400390625,2026-10-09,2026-10-10T10:11:13+00:00
2026-10-13,put,SPXW261013P07640000,7640.0,0.8,0.95,0.88,1319.0,547.0,0.11072666625976563,2026-10-09 20:10:08+00:00,7811.5400390625,2026-10-09,2026-10-10T10:11:13+00:00
2026-10-13,put,SPXW261013P07645000,7645.0,0.8,1.0,0.9,258.0,349.0,0.10892614715576171,2026-10-09 19:59:41+00:00,7811.5400390625,2026-10-09,2026-10-10T10:11:13+00:00
2026-10-13,put,SPXW261013P07650000,7650.0,0.85,1.0,0.97,1715.0,1984.0,0.10617959259033202,2026-10-09 20:12:29+00:00,7811.5400390625,2026-10-09,2026-10-10T10:11:13+00:00
2026-10-13,put,SPXW261013P07655000,7655.0,0.9,1.05,1.03,165.0,206.0,0.10428752166748045,2026-10-09 20:09:44+00:00,7811.5400390625,2026-10-09,2026-10-10T10:11:13+00:00
2026-10-13,put,SPXW261013P07660000,7660.0,0.95,1.15,1.1,393.0,454.0,0.10315838256835935,2026-10-09 20:07:06+00:00,7811.5400390625,2026-10-09,2026-10-10T10:11:13+00:00
2026-10-13,put,SPXW261013P07665000,7665.0,1.0,1.2,1.15,174.0,269.0,0.1010832080078125,2026-10-09 20:13:29+00:00,7811.5400390625,2026-10-09,2026-10-10T10:11:13+00:00
2026-10-13,put,SPXW261013P07670000,7670.0,1.1,1.25,1.2,745.0,824.0,0.09897751617431641,2026-10-09 20:03:06+00:00,7811.5400390625,2026-10-09,2026-10-10T10:11:13+00:00
2026-10-13,put,SPXW261013P07675000,7675.0,1.15,1.35,1.31,571.0,877.0,0.09748216979980469,2026-10-09 20:13:18+00:00,7811.5400390625,2026-10-09,2026-10-10T10:11:13+00:00
2026-10-13,put,SPXW261013P07680000,7680.0,1.25,1.4,1.43,1657.0,1691.0,0.09522389160156251,2026-10-09 20:05:49+00:00,7811.5400390625,2026-10-09,2026-10-10T10:11:13+00:00
2026-10-13,put,SPXW261013P07685000,7685.0,1.35,1.5,1.55,566.0,664.0,0.09354544158935549,2026-10-09 20:10:01+00:00,7811.5400390625,2026-10-09,2026-10-10T10:11:13+00:00
2026-10-13,put,SPXW261013P07690000,7690.0,1.45,1.6,1.63,591.0,493.0,0.09174492248535156,2026-10-09 20:10:08+00:00,7811.5400390625,2026-10-09,2026-10-10T10:11:13+00:00
2026-10-13,put,SPXW261013P07695000,7695.0,1.6,1.75,1.77,223.0,323.0,0.09037164520263671,2026-10-09 20:12:28+00:00,7811.5400390625,2026-10-09,2026-10-10T10:11:13+00:00
2026-10-13,put,SPXW261013P07700000,7700.0,1.75,1.9,1.95,2356.0,1473.0,0.08884578155517578,2026-10-09 20:14:47+00:00,7811.5400390625,2026-10-09,2026-10-10T10:11:13+00:00
2026-10-13,put,SPXW261013P07705000,7705.0,1.9,2.05,2.2,115.0,127.0,0.08716733154296877,2026-10-09 20:05:51+00:00,7811.5400390625,2026-10-09,2026-10-10T10:11:13+00:00
2026-10-13,put,SPXW261013P07710000,7710.0,2.05,2.25,2.4,413.0,238.0,0.0857787956237793,2026-10-09 20:13:39+00:00,7811.5400390625,2026-10-09,2026-10-10T10:11:13+00:00
2026-10-13,put,SPXW261013P07715000,7715.0,2.25,2.45,2.65,230.0,231.0,0.08420715606689455,2026-10-09 20:14:32+00:00,7811.5400390625,2026-10-09,2026-10-10T10:11:13+00:00
2026-10-13,put,SPXW261013P07720000,7720.0,2.5,2.7,2.82,663.0,247.0,0.0828491374206543,2026-10-09 20:08:02+00:00,7811.5400390625,2026-10-09,2026-10-10T10:11:13+00:00
2026-10-13,put,SPXW261013P07725000,7725.0,2.75,2.95,3.11,495.0,342.0,0.08127749786376953,2026-10-09 20:13:49+00:00,7811.5400390625,2026-10-09,2026-10-10T10:11:13+00:00
2026-10-13,put,SPXW261013P07730000,7730.0,3.0,3.3,3.52,976.0,337.0,0.08019413467407227,2026-10-09 20:07:32+00:00,7811.5400390625,2026-10-09,2026-10-10T10:11:13+00:00
2026-10-13,put,SPXW261013P07735000,7735.0,3.4,3.6,3.85,311.0,122.0,0.07853094329833986,2026-10-09 20:13:29+00:00,7811.5400390625,2026-10-09,2026-10-10T10:11:13+00:00
2026-10-13,put,SPXW261013P07740000,7740.0,3.8,4.0,4.3,562.0,368.0,0.07723395919799805,2026-10-09 20:14:21+00:00,7811.5400390625,2026-10-09,2026-10-10T10:11:13+00:00
2026-10-13,put,SPXW261013P07745000,7745.0,4.2,4.5,4.8,291.0,1586.0,0.07623451850891116,2026-10-09 20:11:37+00:00,7811.5400390625,2026-10-09,2026-10-10T10:11:13+00:00
2026-10-13,put,SPXW261013P07750000,7750.0,4.7,5.0,5.3,2286.0,1383.0,0.07491464645385743,2026-10-09 20:14:16+00:00,7811.5400390625,2026-10-09,2026-10-10T10:11:13+00:00
2026-10-13,put,SPXW261013P07755000,7755.0,5.3,5.5,5.96,368.0,567.0,0.07329723098754884,2026-10-09 20:11:00+00:00,7811.5400390625,2026-10-09,2026-10-10T10:11:13+00:00
2026-10-13,put,SPXW261013P07760000,7760.0,5.9,6.2,6.72,2352.0,233.0,0.07231304893493654,2026-10-09 20:05:56+00:00,7811.5400390625,2026-10-09,2026-10-10T10:11:13+00:00
2026-10-13,put,SPXW261013P07765000,7765.0,6.6,6.9,7.43,892.0,161.0,0.0709626596069336,2026-10-09 20:14:29+00:00,7811.5400390625,2026-10-09,2026-10-10T10:11:13+00:00
2026-10-13,put,SPXW261013P07770000,7770.0,7.4,7.7,8.25,763.0,1574.0,0.06968093414306642,2026-10-09 20:14:29+00:00,7811.5400390625,2026-10-09,2026-10-10T10:11:13+00:00
2026-10-13,put,SPXW261013P07775000,7775.0,8.3,8.6,9.22,731.0,689.0,0.06840683799743655,2026-10-09 20:14:24+00:00,7811.5400390625,2026-10-09,2026-10-10T10:11:13+00:00
2026-10-13,put,SPXW261013P07780000,7780.0,9.3,9.6,10.28,592.0,250.0,0.06710222457885742,2026-10-09 20:14:24+00:00,7811.5400390625,2026-10-09,2026-10-10T10:11:13+00:00
2026-10-13,put,SPXW261013P07785000,7785.0,10.4,10.7,11.58,499.0,106.0,0.06572894729614259,2026-10-09 20:11:20+00:00,7811.5400390625,2026-10-09,2026-10-10T10:11:13+00:00
2026-10-13,put,SPXW261013P07790000,7790.0,11.6,12.0,12.9,2294.0,146.0,0.06459217887878418,2026-10-09 20:12:36+00:00,7811.5400390625,2026-10-09,2026-10-10T10:11:13+00:00
2026-10-13,put,SPXW261013P07795000,7795.0,13.0,13.4,14.86,667.0,73.0,0.06329519477844239,2026-10-09 20:01:21+00:00,7811.5400390625,2026-10-09,2026-10-10T10:11:13+00:00
2026-10-13,put,SPXW261013P07800000,7800.0,14.6,15.0,16.0,1821.0,1015.0,0.06212790908813477,2026-10-09 20:14:38+00:00,7811.5400390625,2026-10-09,2026-10-10T10:11:13+00:00
2026-10-13,put,SPXW261013P07810000,7810.0,18.3,18.6,20.4,1780.0,134.0,0.05936609588623047,2026-10-09 20:09:34+00:00,7811.5400390625,2026-10-09,2026-10-10T10:11:13+00:00
2026-10-13,put,SPXW261013P07815000,7815.0,51.8,52.2,58.87,,,0.15462576339721684,2026-10-08 19:27:42+00:00,7811.5400390625,2026-10-09,2026-10-10T10:11:13+00:00
2026-10-13,put,SPXW261013P07820000,7820.0,22.7,23.1,24.6,323.0,290.0,0.056886567459106446,2026-10-09 20:14:37+00:00,7811.5400390625,2026-10-09,2026-10-10T10:11:13+00:00
2026-10-13,put,SPXW261013P07825000,7825.0,25.2,25.6,27.5,193.0,159.0,0.055383591766357425,2026-10-09 20:13:01+00:00,7811.5400390625,2026-10-09,2026-10-10T10:11:13+00:00
2026-10-13,put,SPXW261013P07830000,7830.0,28.0,28.4,30.06,282.0,110.0,0.05407897834777832,2026-10-09 20:11:21+00:00,7811.5400390625,2026-10-09,2026-10-10T10:11:13+00:00
2026-10-13,put,SPXW261013P07835000,7835.0,65.6,66.7,68.88,,,0.1657950852966309,2026-10-08 20:14:41+00:00,7811.5400390625,2026-10-09,2026-10-10T10:11:13+00:00
2026-10-13,put,SPXW261013P07840000,7840.0,34.1,34.5,35.62,60.0,56.0,0.05055423332214355,2026-10-09 20:02:38+00:00,7811.5400390625,2026-10-09,2026-10-10T10:11:13+00:00
2026-10-13,put,SPXW261013P07845000,7845.0,37.1,38.2,40.0,134.0,174.0,0.049844706726074224,2026-10-09 20:02:07+00:00,7811.5400390625,2026-10-09,2026-10-10T10:11:13+00:00
2026-10-13,put,SPXW261013P07850000,7850.0,40.5,41.8,44.0,895.0,56.0,0.047632204437255854,2026-10-09 20:13:15+00:00,7811.5400390625,2026-10-09,2026-10-10T10:11:13+00:00
2026-10-13,put,SPXW261013P07855000,7855.0,82.3,83.4,70.2,,,0.1808172129058838,2026-10-08 14:29:17+00:00,7811.5400390625,2026-10-09,2026-10-10T10:11:13+00:00
2026-10-13,put,SPXW261013P07860000,7860.0,48.1,49.6,52.19,13.0,28.0,0.041193059844970695,2026-10-09 20:12:52+00:00,7811.5400390625,2026-10-09,2026-10-10T10:11:13+00:00
2026-10-13,put,SPXW261013P07865000,7865.0,90.7,91.9,78.77,,,0.18792010818481442,2026-10-08 14:30:28+00:00,7811.5400390625,2026-10-09,2026-10-10T10:11:13+00:00
2026-10-13,put,SPXW261013P07870000,7870.0,56.1,57.8,61.43,4.0,60.0,1.0000000000000003e-05,2026-10-09 16:51:42+00:00,7811.5400390625,2026-10-09,2026-10-10T10:11:13+00:00
2026-10-13,put,SPXW261013P07875000,7875.0,60.4,62.2,64.5,46.0,17.0,1.0000000000000003e-05,2026-10-09 20:08:38+00:00,7811.5400390625,2026-10-09,2026-10-10T10:11:13+00:00
2026-10-13,put,SPXW261013P07880000,7880.0,104.8,106.1,83.6,,,0.20243870079040524,2026-10-07 18:20:37+00:00,7811.5400390625,2026-10-09,2026-10-10T10:11:13+00:00
2026-10-13,put,SPXW261013P07885000,7885.0,109.1,110.3,101.63,,,0.2053149537658691,2026-10-07 13:34:20+00:00,7811.5400390625,2026-10-09,2026-10-10T10:11:13+00:00
2026-10-13,put,SPXW261013P07900000,7900.0,114.0,,125.72,,,0.18174798973083497,2026-10-08 15:27:10+00:00,7811.5400390625,2026-10-09,2026-10-10T10:11:13+00:00
2026-10-13,put,SPXW261013P07905000,7905.0,118.8,,89.47,,,0.18595937339782712,2026-10-06 20:04:53+00:00,7811.5400390625,2026-10-09,2026-10-10T10:11:13+00:00
2026-10-13,put,SPXW261013P07910000,7910.0,123.7,,117.53,,,0.19047592979431152,2026-10-08 14:32:59+00:00,7811.5400390625,2026-10-09,2026-10-10T10:11:13+00:00
2026-10-13,put,SPXW261013P07915000,7915.0,128.6,,92.61,,,0.19493145164489747,2026-10-06 16:54:46+00:00,7811.5400390625,2026-10-09,2026-10-10T10:11:13+00:00
2026-10-13,put,SPXW261013P07920000,7920.0,102.4,104.0,102.05,3.0,4.0,1.0000000000000003e-05,2026-10-06 17:17:44+00:00,7811.5400390625,2026-10-09,2026-10-10T10:11:13+00:00
2026-10-13,put,SPXW261013P07925000,7925.0,107.3,109.0,242.8,1.0,1.0,1.0000000000000003e-05,2026-10-01 13:35:26+00:00,7811.5400390625,2026-10-09,2026-10-10T10:11:13+00:00
2026-10-13,put,SPXW261013P07930000,7930.0,143.3,,154.62,,,0.20797758583068846,2026-10-08 15:27:10+00:00,7811.5400390625,2026-10-09,2026-10-10T10:11:13+00:00
2026-10-13,put,SPXW261013P07975000,7975.0,151.2,167.4,318.0,1.0,1.0,0.13855841918945314,2026-10-01 14:46:20+00:00,7811.5400390625,2026-10-09,2026-10-10T10:11:13+00:00
2026-10-13,put,SPXW261013P07980000,7980.0,193.3,,204.02,,,0.2528227184295654,2026-10-08 15:27:10+00:00,7811.5400390625,2026-10-09,2026-10-10T10:11:13+00:00
2026-10-13,put,SPXW261013P08000000,8000.0,181.8,183.5,182.49,5.0,0.0,1.0000000000000003e-05,2026-10-09 19:16:53+00:00,7811.5400390625,2026-10-09,2026-10-10T10:11:13+00:00
2026-10-13,put,SPXW261013P08100000,8100.0,274.1,298.1,316.4,,1.0,0.263251996459961,2026-09-21 19:22:05+00:00,7811.5400390625,2026-10-09,2026-10-10T10:11:13+00:00
2026-10-14,call,SPXW261014C06975000,6975.0,827.9,851.9,690.54,19.0,66.0,0.6363256582641602,2026-09-18 19:34:15+00:00,7811.5400390625,2026-10-09,2026-10-10T10:11:13+00:00
2026-10-14,call,SPXW261014C07000000,7000.0,802.9,826.9,727.8,1.0,67.0,0.6203956417846681,2026-09-24 16:18:18+00:00,7811.5400390625,2026-10-09,2026-10-10T10:11:13+00:00
2026-10-14,call,SPXW261014C07225000,7225.0,581.6,602.1,495.6,,5.0,0.4778494598388672,2026-09-11 16:11:21+00:00,7811.5400390625,2026-10-09,2026-10-10T10:11:13+00:00
2026-10-14,call,SPXW261014C07250000,7250.0,556.7,577.1,521.87,5.0,5.0,0.46164478790283214,2026-09-04 16:35:58+00:00,7811.5400390625,2026-10-09,2026-10-10T10:11:13+00:00
2026-10-14,call,SPXW261014C07275000,7275.0,531.7,552.2,449.45,,5.0,0.44610386665344237,2026-09-11 16:11:21+00:00,7811.5400390625,2026-10-09,2026-10-10T10:11:13+00:00
2026-10-14,call,SPXW261014C07280000,7280.0,526.7,547.2,443.3,,1.0,0.4428461477661133,2026-09-24 17:57:28+00:00,7811.5400390625,2026-10-09,2026-10-10T10:11:13+00:00
2026-10-14,call,SPXW261014C07300000,7300.0,506.7,527.2,475.62,5.0,5.0,0.4297694963073731,2026-09-04 16:35:58+00:00,7811.5400390625,2026-10-09,2026-10-10T10:11:13+00:00
2026-10-14,call,SPXW261014C07370000,7370.0,436.8,457.3,316.64,30.0,30.0,0.3843140182495117,2026-10-01 13:43:47+00:00,7811.5400390625,2026-10-09,2026-10-10T10:11:13+00:00
2026-10-14,call,SPXW261014C07400000,7400.0,406.9,427.3,367.97,3.0,5.0,0.3643404631042481,2026-10-08 19:50:55+00:00,7811.5400390625,2026-10-09,2026-10-10T10:11:13+00:00
2026-10-14,call,SPXW261014C07420000,7420.0,386.9,407.4,398.62,2.0,2.0,0.351546096420288,2026-10-09 19:17:15+00:00,7811.5400390625,2026-10-09,2026-10-10T10:11:13+00:00
2026-10-14,call,SPXW261014C07425000,7425.0,381.9,402.4,272.18,2.0,2.0,0.3481815670776367,2026-10-01 19:23:24+00:00,7811.5400390625,2026-10-09,2026-10-10T10:11:13+00:00
2026-10-14,call,SPXW261014C07440000,7440.0,366.9,387.4,378.74,2.0,10.0,0.33804983245849607,2026-10-09 19:17:15+00:00,7811.5400390625,2026-10-09,2026-10-10T10:11:13+00:00
2026-10-14,call,SPXW261014C07450000,7450.0,357.0,377.4,357.82,1.0,7.0,0.33127499786376957,2026-10-07 18:16:25+00:00,7811.5400390625,2026-10-09,2026-10-10T10:11:13+00:00
2026-10-14,call,SPXW261014C07460000,7460.0,347.0,367.4,325.7,6.0,31.0,0.3244849046325683,2026-10-05 20:06:53+00:00,7811.5400390625,2026-10-09,2026-10-10T10:11:13+00:00
2026-10-14,call,SPXW261014C07470000,7470.0,337.0,357.5,226.74,30.0,30.0,0.3182364929962158,2026-10-01 13:43:47+00:00,7811.5400390625,2026-10-09,2026-10-10T10:11:13+00:00
2026-10-14,call,SPXW261014C07475000,7475.0,332.0,352.5,225.0,1.0,26.0,0.31481092910766595,2026-09-14 15:06:45+00:00,7811.5400390625,2026-10-09,2026-10-10T10:11:13+00:00
2026-10-14,call,SPXW261014C07480000,7480.0,327.1,347.5,300.07,1.0,1.0,0.3113853652191161,2026-10-08 15:15:19+00:00,7811.5400390625,2026-10-09,2026-10-10T10:11:13+00:00
2026-10-14,call,SPXW261014C07490000,7490.0,317.1,337.5,316.05,1.0,6.0,0.30451134948730463,2026-10-07 19:59:22+00:00,7811.5400390625,2026-10-09,2026-10-10T10:11:13+00:00
2026-10-14,call,SPXW261014C07500000,7500.0,307.1,327.5,263.7,4.0,40.0,0.29761444580078117,2026-10-08 18:53:03+00:00,7811.5400390625,2026-10-09,2026-10-10T10:11:13+00:00
2026-10-14,call,SPXW261014C07505000,7505.0,302.1,322.6,174.4,1.0,1.0,0.2947000462341308,2026-10-01 14:56:13+00:00,7811.5400390625,2026-10-09,2026-10-10T10:11:13+00:00
2026-10-14,call,SPXW261014C07510000,7510.0,297.2,317.6,187.06,1.0,3.0,0.29122107711791984,2026-09-30 20:00:00+00:00,7811.5400390625,2026-10-09,2026-10-10T10:11:13+00:00
2026-10-14,call,SPXW261014C07525000,7525.0,282.2,302.6,295.49,1.0,4.0,0.28076891113281244,2026-10-06 13:32:49+00:00,7811.5400390625,2026-10-09,2026-10-10T10:11:13+00:00
2026-10-14,call,SPXW261014C07530000,7530.0,277.2,297.7,289.18,1.0,12.0,0.27779347702026363,2026-10-09 19:15:33+00:00,7811.5400390625,2026-10-09,2026-10-10T10:11:13+00:00
2026-10-14,call,SPXW261014C07540000,7540.0,267.3,287.7,202.17,2.0,2.0,0.27075924560546877,2026-10-02 19:29:37+00:00,7811.5400390625,2026-10-09,2026-10-10T10:11:13+00:00
2026-10-14,call,SPXW261014C07545000,7545.0,262.3,282.7,216.41,1.0,3.0,0.2672192419433594,2026-10-08 17:44:51+00:00,7811.5400390625,2026-10-09,2026-10-10T10:11:13+00:00
2026-10-14,call,SPXW261014C07550000,7550.0,257.6,277.8,268.0,1.0,74.0,0.2641980319213867,2026-10-09 19:09:36+00:00,7811.5400390625,2026-10-09,2026-10-10T10:11:13+00:00
2026-10-14,call,SPXW261014C07560000,7560.0,247.4,267.8,193.84,2.0,4.0,0.2570798780059814,2026-10-08 17:54:28+00:00,7811.5400390625,2026-10-09,2026-10-10T10:11:13+00:00
2026-10-14,call,SPXW261014C07565000,7565.0,242.4,262.9,132.2,1.0,1.0,0.2540052627563477,2026-10-01 14:58:11+00:00,7811.5400390625,2026-10-09,2026-10-10T10:11:13+00:00
2026-10-14,call,SPXW261014C07570000,7570.0,237.5,257.9,225.1,3.0,46.0,0.2504194831848144,2026-10-09 14:31:47+00:00,7811.5400390625,2026-10-09,2026-10-10T10:11:13+00:00
2026-10-14,call,SPXW261014C07575000,7575.0,232.5,252.9,196.89,142.0,150.0,0.24681844497680666,2026-10-05 14:59:59+00:00,7811.5400390625,2026-10-09,2026-10-10T10:11:13+00:00
2026-10-14,call,SPXW261014C07580000,7580.0,227.6,248.0,130.3,2.0,20.0,0.24369805381774903,2026-09-30 20:01:27+00:00,7811.5400390625,2026-10-09,2026-10-10T10:11:13+00:00
2026-10-14,call,SPXW261014C07585000,7585.0,222.6,243.0,134.98,1.0,4.0,0.24007412765502928,2026-09-29 17:30:13+00:00,7811.5400390625,2026-10-09,2026-10-10T10:11:13+00:00
2026-10-14,call,SPXW261014C07590000,7590.0,217.7,238.1,182.86,1.0,66.0,0.23691558990478517,2026-10-05 15:02:42+00:00,7811.5400390625,2026-10-09,2026-10-10T10:11:13+00:00
2026-10-14,call,SPXW261014C07595000,7595.0,212.9,233.1,190.75,1.0,3.0,0.2332687757873535,2026-10-05 17:18:23+00:00,7811.5400390625,2026-10-09,2026-10-10T10:11:13+00:00
2026-10-14,call,SPXW261014C07600000,7600.0,207.8,228.2,168.26,8.0,50.0,0.23006446212768555,2026-10-08 18:53:03+00:00,7811.5400390625,2026-10-09,2026-10-10T10:11:13+00:00
2026-10-14,call,SPXW261014C07605000,7605.0,203.0,224.2,180.92,1.0,27.0,0.23097998031616213,2026-10-08 13:37:28+00:00,7811.5400390625,2026-10-09,2026-10-10T10:11:13+00:00
2026-10-14,call,SPXW261014C07610000,7610.0,200.2,219.0,201.43,1.0,69.0,0.22634135482788087,2026-10-09 17:42:10+00:00,7811.5400390625,2026-10-09,2026-10-10T10:11:13+00:00
2026-10-14,call,SPXW261014C07615000,7615.0,195.0,211.4,116.8,6.0,12.0,0.2106325885772705,2026-10-01 13:32:57+00:00,7811.5400390625,2026-10-09,2026-10-10T10:11:13+00:00
2026-10-14,call,SPXW261014C07620000,7620.0,190.1,206.5,197.1,5.0,57.0,0.2074511628723144,2026-10-09 19:41:15+00:00,7811.5400390625,2026-10-09,2026-10-10T10:11:13+00:00
2026-10-14,call,SPXW261014C07625000,7625.0,185.3,201.6,192.15,6.0,45.0,0.20425447853088377,2026-10-09 19:41:15+00:00,7811.5400390625,2026-10-09,2026-10-10T10:11:13+00:00
2026-10-14,call,SPXW261014C07630000,7630.0,180.4,196.7,144.17,26.0,69.0,0.2010272769165039,2026-10-08 16:50:00+00:00,7811.5400390625,2026-10-09,2026-10-10T10:11:13+00:00
2026-10-14,call,SPXW261014C07635000,7635.0,175.5,191.8,86.3,28.0,30.0,0.19777718734741212,2026-10-01 16:24:14+00:00,7811.5400390625,2026-10-09,2026-10-10T10:11:13+00:00
2026-10-14,call,SPXW261014C07640000,7640.0,170.6,186.9,176.45,7.0,90.0,0.19450420982360841,2026-10-09 20:09:22+00:00,7811.5400390625,2026-10-09,2026-10-10T10:11:13+00:00
2026-10-14,call,SPXW261014C07645000,7645.0,165.6,182.0,175.63,1.0,19.0,0.19120071502685548,2026-10-09 19:15:33+00:00,7811.5400390625,2026-10-09,2026-10-10T10:11:13+00:00
2026-10-14,call,SPXW261014C07650000,7650.0,160.9,177.2,168.7,2.0,70.0,0.1883015740966797,2026-10-09 18:55:48+00:00,7811.5400390625,2026-10-09,2026-10-10T10:11:13+00:00
2026-10-14,call,SPXW261014C07655000,7655.0,156.0,172.3,116.18,1.0,38.0,0.18493704475402828,2026-10-08 17:44:51+00:00,7811.5400390625,2026-10-09,2026-10-10T10:11:13+00:00
2026-10-14,call,SPXW261014C07660000,7660.0,151.2,167.5,157.15,4.0,41.0,0.1819616106414795,2026-10-09 20:09:22+00:00,7811.5400390625,2026-10-09,2026-10-10T10:11:13+00:00
2026-10-14,call,SPXW261014C07665000,7665.0,146.2,162.7,129.11,2.0,19.0,0.1789480299377441,2026-10-08 19:53:23+00:00,7811.5400390625,2026-10-09,2026-10-10T10:11:13+00:00
2026-10-14,call,SPXW261014C07670000,7670.0,141.4,157.9,149.5,6.0,153.0,0.175888673324585,2026-10-09 18:55:48+00:00,7811.5400390625,2026-10-09,2026-10-10T10:11:13+00:00
2026-10-14,call,SPXW261014C07675000,7675.0,136.6,153.1,137.39,2.0,90.0,0.17279117012023928,2026-10-09 17:30:54+00:00,7811.5400390625,2026-10-09,2026-10-10T10:11:13+00:00
2026-10-14,call,SPXW261014C07680000,7680.0,132.0,148.4,95.0,3.0,44.0,0.1700446155548096,2026-10-08 19:08:18+00:00,7811.5400390625,2026-10-09,2026-10-10T10:11:13+00:00
2026-10-14,call,SPXW261014C07685000,7685.0,127.1,143.6,105.65,2.0,80.0,0.16684793121337893,2026-10-08 15:45:58+00:00,7811.5400390625,2026-10-09,2026-10-10T10:11:13+00:00
2026-10-14,call,SPXW261014C07690000,7690.0,122.5,138.9,125.51,1.0,161.0,0.16398693687438967,2026-10-09 18:07:03+00:00,7811.5400390625,2026-10-09,2026-10-10T10:11:13+00:00
2026-10-14,call,SPXW261014C07695000,7695.0,117.8,134.2,122.65,3.0,162.0,0.16107253730773927,2026-10-09 19:52:59+00:00,7811.5400390625,2026-10-09,2026-10-10T10:11:13+00:00
2026-10-14,call,SPXW261014C07700000,7700.0,113.1,129.6,118.05,29.0,138.0,0.15846331047058107,2026-10-09 19:52:59+00:00,7811.5400390625,2026-10-09,2026-10-10T10:11:13+00:00
2026-10-14,call,SPXW261014C07705000,7705.0,108.5,125.0,96.27,1.0,70.0,0.15578541976928711,2026-10-08 17:09:40+00:00,7811.5400390625,2026-10-09,2026-10-10T10:11:13+00:00
2026-10-14,call,SPXW261014C07710000,7710.0,103.9,120.4,77.4,1.0,634.0,0.15302360656738284,2026-10-08 18:29:05+00:00,7811.5400390625,2026-10-09,2026-10-10T10:11:13+00:00
2026-10-14,call,SPXW261014C07715000,7715.0,99.3,115.8,101.52,26.0,76.0,0.1501855001831055,2026-10-09 17:42:10+00:00,7811.5400390625,2026-10-09,2026-10-10T10:11:13+00:00
2026-10-14,call,SPXW261014C07720000,7720.0,94.6,111.3,103.52,6.0,172.0,0.14761823459625245,2026-10-09 19:33:35+00:00,7811.5400390625,2026-10-09,2026-10-10T10:11:13+00:00
2026-10-14,call,SPXW261014C07725000,7725.0,90.3,106.9,98.85,7.0,240.0,0.14529510719299318,2026-10-09 18:10:27+00:00,7811.5400390625,2026-10-09,2026-10-10T10:11:13+00:00
2026-10-14,call,SPXW261014C07730000,7730.0,85.8,102.5,94.56,28.0,156.0,0.1428689839935303,2026-10-09 19:33:35+00:00,7811.5400390625,2026-10-09,2026-10-10T10:11:13+00:00
2026-10-14,call,SPXW261014C07735000,7735.0,81.4,98.1,88.25,38.0,53.0,0.1403360503387451,2026-10-09 19:23:54+00:00,7811.5400390625,2026-10-09,2026-10-10T10:11:13+00:00
2026-10-14,call,SPXW261014C07740000,7740.0,77.1,93.8,84.04,101.0,218.0,0.1380091082763672,2026-10-09 19:46:34+00:00,7811.5400390625,2026-10-09,2026-10-10T10:11:13+00:00
2026-10-14,call,SPXW261014C07745000,7745.0,72.8,89.6,82.03,34.0,106.0,0.1358805284881592,2026-10-09 19:10:01+00:00,7811.5400390625,2026-10-09,2026-10-10T10:11:13+00:00
2026-10-14,call,SPXW261014C07750000,7750.0,68.6,85.4,75.45,233.0,1105.0,0.13361843563079834,2026-10-09 19:45:39+00:00,7811.5400390625,2026-10-09,2026-10-10T10:11:13+00:00
2026-10-14,call,SPXW261014C07755000,7755.0,64.3,81.3,74.22,39.0,98.0,0.13152418777465819,2026-10-09 19:05:25+00:00,7811.5400390625,2026-10-09,2026-10-10T10:11:13+00:00
2026-10-14,call,SPXW261014C07760000,7760.0,60.4,77.3,67.69,200.0,254.0,0.1295787116241455,2026-10-09 19:46:34+00:00,7811.5400390625,2026-10-09,2026-10-10T10:11:13+00:00
2026-10-14,call,SPXW261014C07765000,7765.0,65.2,66.9,65.55,164.0,225.0,0.10812125408172606,2026-10-09 19:39:24+00:00,7811.5400390625,2026-10-09,2026-10-10T10:11:13+00:00
2026-10-14,call,SPXW261014C07770000,7770.0,61.7,63.6,56.95,95.0,131.0,0.10827765510559081,2026-10-09 19:59:52+00:00,7811.5400390625,2026-10-09,2026-10-10T10:11:13+00:00
2026-10-14,call,SPXW261014C07775000,7775.0,58.0,59.6,54.2,164.0,860.0,0.10608804077148437,2026-10-09 19:54:49+00:00,7811.5400390625,2026-10-09,2026-10-10T10:11:13+00:00
2026-10-14,call,SPXW261014C07780000,7780.0,54.5,55.0,49.78,174.0,529.0,0.10195295028686524,2026-10-09 19:59:52+00:00,7811.5400390625,2026-10-09,2026-10-10T10:11:13+00:00
2026-10-14,call,SPXW261014C07785000,7785.0,51.0,51.4,48.5,202.0,145.0,0.10052626777648926,2026-10-09 19:54:06+00:00,7811.5400390625,2026-10-09,2026-10-10T10:11:13+00:00
2026-10-14,call,SPXW261014C07790000,7790.0,47.5,48.0,44.1,356.0,158.0,0.09941238731384278,2026-10-09 19:56:24+00:00,7811.5400390625,2026-10-09,2026-10-10T10:11:13+00:00
2026-10-14,call,SPXW261014C07795000,7795.0,44.1,44.6,40.0,386.0,190.0,0.09802385139465333,2026-10-09 19:57:20+00:00,7811.5400390625,2026-10-09,2026-10-10T10:11:13+00:00
2026-10-14,call,SPXW261014C07800000,7800.0,40.9,41.4,38.9,619.0,4201.0,0.0969214149093628,2026-10-09 20:14:58+00:00,7811.5400390625,2026-10-09,2026-10-10T10:11:13+00:00
2026-10-14,call,SPXW261014C07805000,7805.0,37.8,38.3,35.53,355.0,518.0,0.09579609046936036,2026-10-09 20:14:01+00:00,7811.5400390625,2026-10-09,2026-10-10T10:11:13+00:00
2026-10-14,call,SPXW261014C07810000,7810.0,34.9,35.3,32.8,558.0,367.0,0.09465169273376467,2026-10-09 20:12:49+00:00,7811.5400390625,2026-10-09,2026-10-10T10:11:13+00:00
2026-10-14,call,SPXW261014C07815000,7815.0,32.0,32.5,30.05,291.0,206.0,0.0937361745452881,2026-10-09 20:12:49+00:00,7811.5400390625,2026-10-09,2026-10-10T10:11:13+00:00
2026-10-14,call,SPXW261014C07820000,7820.0,29.4,29.8,27.5,316.0,718.0,0.09277488044738769,2026-10-09 20:05:13+00:00,7811.5400390625,2026-10-09,2026-10-10T10:11:13+00:00
2026-10-14,call,SPXW261014C07825000,7825.0,26.8,27.3,25.54,468.0,1106.0,0.09203483657836914,2026-10-09 20:04:10+00:00,7811.5400390625,2026-10-09,2026-10-10T10:11:13+00:00
2026-10-14,call,SPXW261014C07830000,7830.0,24.4,24.8,22.88,1408.0,445.0,0.09095147338867188,2026-10-09 20:05:35+00:00,7811.5400390625,2026-10-09,2026-10-10T10:11:13+00:00
2026-10-14,call,SPXW261014C07835000,7835.0,14.2,14.5,14.06,,,0.06694963821411135,2026-10-08 20:12:19+00:00,7811.5400390625,2026-10-09,2026-10-10T10:11:13+00:00
2026-10-14,call,SPXW261014C07840000,7840.0,20.0,20.4,18.57,408.0,580.0,0.08941798042297364,2026-10-09 20:07:47+00:00,7811.5400390625,2026-10-09,2026-10-10T10:11:13+00:00
2026-10-14,call,SPXW261014C07845000,7845.0,11.6,11.9,11.1,,,0.06885315311431886,2026-10-08 20:04:43+00:00,7811.5400390625,2026-10-09,2026-10-10T10:11:13+00:00
2026-10-14,call,SPXW261014C07850000,7850.0,16.2,16.6,14.8,2981.0,1798.0,0.0881820308685303,2026-10-09 20:11:48+00:00,7811.5400390625,2026-10-09,2026-10-10T10:11:13+00:00
2026-10-14,call,SPXW261014C07855000,7855.0,9.3,9.5,8.9,,,0.06989455505371095,2026-10-08 20:04:43+00:00,7811.5400390625,2026-10-09,2026-10-10T10:11:13+00:00
2026-10-14,call,SPXW261014C07860000,7860.0,12.9,13.3,11.8,246.0,289.0,0.08699948654174805,2026-10-09 20:08:45+00:00,7811.5400390625,2026-10-09,2026-10-10T10:11:13+00:00
2026-10-14,call,SPXW261014C07870000,7870.0,10.1,10.5,9.27,5292.0,8534.0,0.0859237526702881,2026-10-09 20:11:30+00:00,7811.5400390625,2026-10-09,2026-10-10T10:11:13+00:00
2026-10-14,call,SPXW261014C07875000,7875.0,8.9,9.3,8.27,329.0,2271.0,0.08551939880371096,2026-10-09 20:14:49+00:00,7811.5400390625,2026-10-09,2026-10-10T10:11:13+00:00
2026-10-14,call,SPXW261014C07880000,7880.0,7.8,8.2,7.32,662.0,538.0,0.0850997863006592,2026-10-09 20:14:49+00:00,7811.5400390625,2026-10-09,2026-10-10T10:11:13+00:00
2026-10-14,call,SPXW261014C07890000,7890.0,6.0,6.3,5.39,1389.0,795.0,0.08430633720397951,2026-10-09 20:00:56+00:00,7811.5400390625,2026-10-09,2026-10-10T10:11:13+00:00
2026-10-14,call,SPXW261014C07900000,7900.0,4.5,4.7,4.1,1402.0,2528.0,0.08324586196899417,2026-10-09 20:11:18+00:00,7811.5400390625,2026-10-09,2026-10-10T10:11:13+00:00
2026-10-14,call,SPXW261014C07910000,7910.0,3.4,3.6,3.05,2015.0,503.0,0.08326874992370609,2026-10-09 20:11:56+00:00,7811.5400390625,2026-10-09,2026-10-10T10:11:13+00:00
2026-10-14,call,SPXW261014C07920000,7920.0,2.5,2.7,2.25,385.0,490.0,0.08310853424072268,2026-10-09 20:11:56+00:00,7811.5400390625,2026-10-09,2026-10-10T10:11:13+00:00
2026-10-14,call,SPXW261014C07925000,7925.0,2.1,2.3,1.7,285.0,681.0,0.08281862014770511,2026-10-09 19:59:41+00:00,7811.5400390625,2026-10-09,2026-10-10T10:11:13+00:00
2026-10-14,call,SPXW261014C07930000,7930.0,1.8,2.0,1.59,398.0,572.0,0.0829864651489258,2026-10-09 20:10:30+00:00,7811.5400390625,2026-10-09,2026-10-10T10:11:13+00:00
2026-10-14,call,SPXW261014C07940000,7940.0,1.3,1.5,1.15,370.0,361.0,0.08330689651489262,2026-10-09 20:10:30+00:00,7811.5400390625,2026-10-09,2026-10-10T10:11:13+00:00
2026-10-14,call,SPXW261014C07950000,7950.0,0.95,1.1,0.88,784.0,1314.0,0.08341370697021487,2026-10-09 20:01:43+00:00,7811.5400390625,2026-10-09,2026-10-10T10:11:13+00:00
2026-10-14,call,SPXW261014C07975000,7975.0,0.4,0.6,0.4,133.0,692.0,0.08649595153808595,2026-10-09 20:03:21+00:00,7811.5400390625,2026-10-09,2026-10-10T10:11:13+00:00
2026-10-14,call,SPXW261014C08000000,8000.0,0.2,0.35,0.2,459.0,727.0,0.0903411279296875,2026-10-09 20:05:18+00:00,7811.5400390625,2026-10-09,2026-10-10T10:11:13+00:00
2026-10-14,call,SPXW261014C08025000,8025.0,0.15,0.25,0.15,49.0,571.0,0.09632251342773437,2026-10-09 20:14:19+00:00,7811.5400390625,2026-10-09,2026-10-10T10:11:13+00:00
2026-10-14,call,SPXW261014C08050000,8050.0,0.1,0.25,0.15,81.0,714.0,0.10608804077148437,2026-10-09 20:07:25+00:00,7811.5400390625,2026-10-09,2026-10-10T10:11:13+00:00
2026-10-14,call,SPXW261014C08075000,8075.0,0.1,0.2,0.15,48.0,274.0,0.11267977172851562,2026-10-09 19:05:22+00:00,7811.5400390625,2026-10-09,2026-10-10T10:11:13+00:00
2026-10-14,call,SPXW261014C08100000,8100.0,0.05,0.2,0.15,1271.0,1271.0,0.12195702270507813,2026-10-09 19:41:36+00:00,7811.5400390625,2026-10-09,2026-10-10T10:11:13+00:00
2026-10-14,call,SPXW261014C08125000,8125.0,0.05,0.2,0.1,2.0,85.0,0.13111220458984374,2026-10-09 18:21:35+00:00,7811.5400390625,2026-10-09,2026-10-10T10:11:13+00:00
2026-10-14,call,SPXW261014C08150000,8150.0,0.05,0.2,0.1,1.0,157.0,0.1401453173828125,2026-10-09 19:00:10+00:00,7811.5400390625,2026-10-09,2026-10-10T10:11:13+00:00
2026-10-14,call,SPXW261014C08175000,8175.0,0.05,0.15,0.1,1.0,14.0,0.14466187377929687,2026-10-09 14:55:25+00:00,7811.5400390625,2026-10-09,2026-10-10T10:11:13+00:00
2026-10-14,call,SPXW261014C08200000,8200.0,0.05,0.15,0.05,7.0,54.0,0.15332877929687502,2026-10-09 15:03:54+00:00,7811.5400390625,2026-10-09,2026-10-10T10:11:13+00:00
2026-10-14,call,SPXW261014C08225000,8225.0,0.05,0.15,0.2,2.0,65.0,0.16187361572265624,2026-10-07 17:24:09+00:00,7811.5400390625,2026-10-09,2026-10-10T10:11:13+00:00
2026-10-14,call,SPXW261014C08250000,8250.0,0.05,0.15,0.1,5.0,100.0,0.17041845214843754,2026-10-09 16:54:46+00:00,7811.5400390625,2026-10-09,2026-10-10T10:11:13+00:00
2026-10-14,call,SPXW261014C08275000,8275.0,0.05,0.15,0.1,6.0,55.0,0.17896328857421873,2026-10-09 18:29:53+00:00,7811.5400390625,2026-10-09,2026-10-10T10:11:13+00:00
2026-10-14,call,SPXW261014C08300000,8300.0,0.05,0.15,0.1,1.0,76.0,0.18726398681640627,2026-10-09 15:23:19+00:00,7811.5400390625,2026-10-09,2026-10-10T10:11:13+00:00
2026-10-14,call,SPXW261014C08400000,8400.0,0.05,0.15,0.05,1.0,13.0,0.22022264160156246,2026-10-09 14:22:09+00:00,7811.5400390625,2026-10-09,2026-10-10T10:11:13+00:00
2026-10-14,call,SPXW261014C08500000,8500.0,0.0,0.1,0.1,10.0,31.0,0.243171630859375,2026-10-06 16:08:47+00:00,7811.5400390625,2026-10-09,2026-10-10T10:11:13+00:00
2026-10-14,call,SPXW261014C08600000,8600.0,0.0,0.1,0.05,2.0,2.0,0.2739330419921875,2026-10-07 13:38:51+00:00,7811.5400390625,2026-10-09,2026-10-10T10:11:13+00:00
2026-10-14,call,SPXW261014C08800000,8800.0,0.0,0.1,0.05,1.0,2.0,0.33301448242187504,2026-10-07 13:48:30+00:00,7811.5400390625,2026-10-09,2026-10-10T10:11:13+00:00
2026-10-14,call,SPXW261014C09000000,9000.0,0.0,0.0,0.05,4.0,3.0,0.2500075,2026-09-21 13:34:19+00:00,7811.5400390625,2026-10-09,2026-10-10T10:11:13+00:00
2026-10-14,put,SPXW261014P03400000,3400.0,0.0,0.05,0.08,,12.0,1.8984380078125,2026-09-16 15:37:43+00:00,7811.5400390625,2026-10-09,2026-10-10T10:11:13+00:00
2026-10-14,put,SPXW261014P03600000,3600.0,0.0,0.05,0.05,1.0,95.0,1.7734386328124998,2026-09-17 15:08:11+00:00,7811.5400390625,2026-10-09,2026-10-10T10:11:13+00:00
2026-10-14,put,SPXW261014P04000000,4000.0,0.0,0.05,0.05,1.0,12.0,1.5390648046875,2026-09-25 13:51:51+00:00,7811.5400390625,2026-10-09,2026-10-10T10:11:13+00:00
2026-10-14,put,SPXW261014P04200000,4200.0,0.0,0.05,0.1,2.0,20.0,1.43359658203125,2026-09-25 15:40:14+00:00,7811.5400390625,2026-10-09,2026-10-10T10:11:13+00:00
2026-10-14,put,SPXW261014P04400000,4400.0,0.0,0.05,0.8,,2.0,1.3281283593749997,2026-09-10 13:31:21+00:00,7811.5400390625,2026-10-09,2026-10-10T10:11:13+00:00
2026-10-14,put,SPXW261014P04600000,4600.0,0.0,0.05,0.05,1.0,57.0,1.2343788281249999,2026-10-01 16:39:44+00:00,7811.5400390625,2026-10-09,2026-10-10T10:11:13+00:00
2026-10-14,put,SPXW261014P04800000,4800.0,0.0,0.05,0.17,100.0,133.0,1.1367230664062502,2026-09-25 16:33:00+00:00,7811.5400390625,2026-10-09,2026-10-10T10:11:13+00:00
2026-10-14,put,SPXW261014P05000000,5000.0,0.0,0.05,0.05,7.0,175.0,1.0468797656250002,2026-10-08 16:09:06+00:00,7811.5400390625,2026-10-09,2026-10-10T10:11:13+00:00
2026-10-14,put,SPXW261014P05200000,5200.0,0.0,0.05,0.05,500.0,735.0,0.9609378906249999,2026-10-07 16:40:27+00:00,7811.5400390625,2026-10-09,2026-10-10T10:11:13+00:00
2026-10-14,put,SPXW261014P05400000,5400.0,0.0,0.1,0.05,10.0,624.0,0.914063359375,2026-10-07 15:27:29+00:00,7811.5400390625,2026-10-09,2026-10-10T10:11:13+00:00
2026-10-14,put,SPXW261014P05600000,5600.0,0.0,0.1,0.05,85.0,1435.0,0.8300798242187499,2026-10-09 18:53:02+00:00,7811.5400390625,2026-10-09,2026-10-10T10:11:13+00:00
2026-10-14,put,SPXW261014P05800000,5800.0,0.0,0.1,0.05,1273.0,2522.0,0.7480493945312501,2026-10-09 20:01:34+00:00,7811.5400390625,2026-10-09,2026-10-10T10:11:13+00:00
2026-10-14,put,SPXW261014P06000000,6000.0,0.0,0.1,0.05,442.0,1018.0,0.6669955175781253,2026-10-09 17:36:40+00:00,7811.5400390625,2026-10-09,2026-10-10T10:11:13+00:00
2026-10-14,put,SPXW261014P06100000,6100.0,0.0,0.1,0.05,10.0,1069.0,0.6269568554687501,2026-10-08 18:19:40+00:00,7811.5400390625,2026-10-09,2026-10-10T10:11:13+00:00
2026-10-14,put,SPXW261014P06200000,6200.0,0.05,0.15,0.1,633.0,781.0,0.6201209863281252,2026-10-09 19:56:57+00:00,7811.5400390625,2026-10-09,2026-10-10T10:11:13+00:00
2026-10-14,put,SPXW261014P06300000,6300.0,0.05,0.15,0.1,40.0,3813.0,0.5800823242187501,2026-10-09 18:34:48+00:00,7811.5400390625,2026-10-09,2026-10-10T10:11:13+00:00
2026-10-14,put,SPXW261014P06400000,6400.0,0.05,0.15,0.1,136.0,1620.0,0.5410202148437502,2026-10-09 19:22:02+00:00,7811.5400390625,2026-10-09,2026-10-10T10:11:13+00:00
2026-10-14,put,SPXW261014P06500000,6500.0,0.05,0.15,0.12,43.0,493.0,0.5019581054687501,2026-10-09 19:56:25+00:00,7811.5400390625,2026-10-09,2026-10-10T10:11:13+00:00
2026-10-14,put,SPXW261014P06525000,6525.0,0.05,0.2,0.5,17.0,32.0,0.5009815527343751,2026-10-05 14:03:06+00:00,7811.5400390625,2026-10-09,2026-10-10T10:11:13+00:00
2026-10-14,put,SPXW261014P06550000,6550.0,0.05,0.2,0.5,1.0,11.0,0.5112353564453125,2026-10-05 14:30:47+00:00,7811.5400390625,2026-10-09,2026-10-10T10:11:13+00:00
2026-10-14,put,SPXW261014P06575000,6575.0,0.1,0.2,0.15,1.0,45.0,0.5014698291015626,2026-10-07 19:10:17+00:00,7811.5400390625,2026-10-09,2026-10-10T10:11:13+00:00
2026-10-14,put,SPXW261014P06600000,6600.0,0.1,0.2,0.15,227.0,239.0,0.49121602539062503,2026-10-09 20:14:19+00:00,7811.5400390625,2026-10-09,2026-10-10T10:11:13+00:00
2026-10-14,put,SPXW261014P06625000,6625.0,0.1,0.2,0.15,76.0,279.0,0.4809622216796875,2026-10-09 16:53:52+00:00,7811.5400390625,2026-10-09,2026-10-10T10:11:13+00:00
2026-10-14,put,SPXW261014P06650000,6650.0,0.1,0.2,0.15,54.0,492.0,0.47070841796875,2026-10-09 19:06:02+00:00,7811.5400390625,2026-10-09,2026-10-10T10:11:13+00:00
2026-10-14,put,SPXW261014P06675000,6675.0,0.1,0.2,0.15,6.0,100.0,0.46094289062500005,2026-10-09 19:32:03+00:00,7811.5400390625,2026-10-09,2026-10-10T10:11:13+00:00
2026-10-14,put,SPXW261014P06700000,6700.0,0.1,0.2,0.35,400.0,572.0,0.4506890869140625,2026-10-08 18:06:04+00:00,7811.5400390625,2026-10-09,2026-10-10T10:11:13+00:00
2026-10-14,put,SPXW261014P06725000,6725.0,0.1,0.2,0.2,24.0,29.0,0.4409235595703125,2026-10-07 19:59:20+00:00,7811.5400390625,2026-10-09,2026-10-10T10:11:13+00:00
2026-10-14,put,SPXW261014P06750000,6750.0,0.1,0.25,0.15,24.0,107.0,0.43970286865234376,2026-10-07 19:59:12+00:00,7811.5400390625,2026-10-09,2026-10-10T10:11:13+00:00
2026-10-14,put,SPXW261014P06775000,6775.0,0.15,0.25,0.17,203.0,103.0,0.42969320312500003,2026-10-09 19:15:06+00:00,7811.5400390625,2026-10-09,2026-10-10T10:11:13+00:00
2026-10-14,put,SPXW261014P06800000,6800.0,0.15,0.25,0.2,125.0,543.0,0.4194393994140625,2026-10-09 17:30:17+00:00,7811.5400390625,2026-10-09,2026-10-10T10:11:13+00:00
2026-10-14,put,SPXW261014P06825000,6825.0,0.15,0.25,0.17,143.0,148.0,0.40918559570312496,2026-10-09 19:15:25+00:00,7811.5400390625,2026-10-09,2026-10-10T10:11:13+00:00
2026-10-14,put,SPXW261014P06850000,6850.0,0.15,0.25,0.19,21.0,143.0,0.3991759301757813,2026-10-09 19:58:38+00:00,7811.5400390625,2026-10-09,2026-10-10T10:11:13+00:00
2026-10-14,put,SPXW261014P06875000,6875.0,0.15,0.25,0.2,78.0,208.0,0.3891662646484375,2026-10-09 19:18:38+00:00,7811.5400390625,2026-10-09,2026-10-10T10:11:13+00:00
2026-10-14,put,SPXW261014P06900000,6900.0,0.15,0.3,0.25,9.0,311.0,0.3857483300781249,2026-10-09 20:13:17+00:00,7811.5400390625,2026-10-09,2026-10-10T10:11:13+00:00
2026-10-14,put,SPXW261014P06925000,6925.0,0.2,0.3,0.25,152.0,240.0,0.3754945263671875,2026-10-09 16:08:04+00:00,7811.5400390625,2026-10-09,2026-10-10T10:11:13+00:00
2026-10-14,put,SPXW261014P06950000,6950.0,0.2,0.3,0.2,14.0,110.0,0.3654848608398438,2026-10-09 19:58:38+00:00,7811.5400390625,2026-10-09,2026-10-10T10:11:13+00:00
2026-10-14,put,SPXW261014P06975000,6975.0,0.2,0.3,0.24,108.0,168.0,0.3552310571289062,2026-10-09 19:29:01+00:00,7811.5400390625,2026-10-09,2026-10-10T10:11:13+00:00
2026-10-14,put,SPXW261014P07000000,7000.0,0.2,0.35,0.3,48.0,422.0,0.3505924316406249,2026-10-09 20:12:36+00:00,7811.5400390625,2026-10-09,2026-10-10T10:11:13+00:00
2026-10-14,put,SPXW261014P07025000,7025.0,0.25,0.35,0.25,2.0,66.0,0.3402165588378906,2026-10-09 20:01:35+00:00,7811.5400390625,2026-10-09,2026-10-10T10:11:13+00:00
2026-10-14,put,SPXW261014P07050000,7050.0,0.25,0.35,0.3,39.0,627.0,0.3298406860351562,2026-10-09 19:38:02+00:00,7811.5400390625,2026-10-09,2026-10-10T10:11:13+00:00
2026-10-14,put,SPXW261014P07075000,7075.0,0.25,0.35,0.35,15.0,126.0,0.31958688232421867,2026-10-09 16:05:02+00:00,7811.5400390625,2026-10-09,2026-10-10T10:11:13+00:00
2026-10-14,put,SPXW261014P07100000,7100.0,0.25,0.4,0.35,2997.0,663.0,0.3138496350097656,2026-10-09 20:10:00+00:00,7811.5400390625,2026-10-09,2026-10-10T10:11:13+00:00
2026-10-14,put,SPXW261014P07125000,7125.0,0.3,0.4,0.35,190.0,138.0,0.3034737622070312,2026-10-09 20:04:27+00:00,7811.5400390625,2026-10-09,2026-10-10T10:11:13+00:00
2026-10-14,put,SPXW261014P07150000,7150.0,0.3,0.4,0.35,55.0,123.0,0.2930978894042968,2026-10-09 19:40:06+00:00,7811.5400390625,2026-10-09,2026-10-10T10:11:13+00:00
2026-10-14,put,SPXW261014P07175000,7175.0,0.3,0.45,0.4,54.0,150.0,0.2863840893554687,2026-10-09 14:41:53+00:00,7811.5400390625,2026-10-09,2026-10-10T10:11:13+00:00
2026-10-14,put,SPXW261014P07200000,7200.0,0.35,0.45,0.4,18.0,444.0,0.2758861474609374,2026-10-09 20:14:19+00:00,7811.5400390625,2026-10-09,2026-10-10T10:11:13+00:00
2026-10-14,put,SPXW261014P07220000,7220.0,0.35,0.5,1.05,32.0,31.0,0.27075924560546877,2026-10-07 15:28:54+00:00,7811.5400390625,2026-10-09,2026-10-10T10:11:13+00:00
2026-10-14,put,SPXW261014P07225000,7225.0,0.35,0.5,0.53,2.0,69.0,0.26868407104492187,2026-10-09 14:51:10+00:00,7811.5400390625,2026-10-09,2026-10-10T10:11:13+00:00
2026-10-14,put,SPXW261014P07230000,7230.0,0.35,0.5,1.53,5.0,6.0,0.266608896484375,2026-10-05 17:51:04+00:00,7811.5400390625,2026-10-09,2026-10-10T10:11:13+00:00
2026-10-14,put,SPXW261014P07250000,7250.0,0.4,0.5,0.47,23.0,767.0,0.2580640600585938,2026-10-09 20:06:16+00:00,7811.5400390625,2026-10-09,2026-10-10T10:11:13+00:00
2026-10-14,put,SPXW261014P07260000,7260.0,0.4,0.5,0.4,5.0,121.0,0.25379164184570313,2026-10-09 19:58:37+00:00,7811.5400390625,2026-10-09,2026-10-10T10:11:13+00:00
2026-10-14,put,SPXW261014P07270000,7270.0,0.4,0.5,0.4,4.0,94.0,0.24964129272460936,2026-10-09 19:58:38+00:00,7811.5400390625,2026-10-09,2026-10-10T10:11:13+00:00
2026-10-14,put,SPXW261014P07275000,7275.0,0.4,0.55,0.4,10.0,590.0,0.25025163818359375,2026-10-09 19:58:37+00:00,7811.5400390625,2026-10-09,2026-10-10T10:11:13+00:00
2026-10-14,put,SPXW261014P07280000,7280.0,0.4,0.55,0.4,204.0,23.0,0.24817646362304688,2026-10-09 19:58:35+00:00,7811.5400390625,2026-10-09,2026-10-10T10:11:13+00:00
2026-10-14,put,SPXW261014P07290000,7290.0,0.4,0.55,0.56,5.0,31.0,0.24390404541015626,2026-10-08 19:00:41+00:00,7811.5400390625,2026-10-09,2026-10-10T10:11:13+00:00
2026-10-14,put,SPXW261014P07300000,7300.0,0.45,0.55,0.47,24.0,477.0,0.23963162719726558,2026-10-09 18:47:53+00:00,7811.5400390625,2026-10-09,2026-10-10T10:11:13+00:00
2026-10-14,put,SPXW261014P07310000,7310.0,0.45,0.55,0.4,14.0,68.0,0.23529817443847656,2026-10-08 19:58:59+00:00,7811.5400390625,2026-10-09,2026-10-10T10:11:13+00:00
2026-10-14,put,SPXW261014P07320000,7320.0,0.45,0.55,0.95,2.0,46.0,0.23102575622558597,2026-10-08 19:00:41+00:00,7811.5400390625,2026-10-09,2026-10-10T10:11:13+00:00
2026-10-14,put,SPXW261014P07325000,7325.0,0.45,0.6,0.45,155.0,232.0,0.23133092895507812,2026-10-09 19:58:36+00:00,7811.5400390625,2026-10-09,2026-10-10T10:11:13+00:00
2026-10-14,put,SPXW261014P07330000,7330.0,0.45,0.6,0.45,5.0,56.0,0.2291336853027344,2026-10-09 19:58:36+00:00,7811.5400390625,2026-10-09,2026-10-10T10:11:13+00:00
2026-10-14,put,SPXW261014P07340000,7340.0,0.45,0.6,0.45,9.0,47.0,0.22486126708984372,2026-10-09 19:58:35+00:00,7811.5400390625,2026-10-09,2026-10-10T10:11:13+00:00
2026-10-14,put,SPXW261014P07350000,7350.0,0.5,0.6,0.55,76.0,1247.0,0.22046677978515622,2026-10-09 20:04:27+00:00,7811.5400390625,2026-10-09,2026-10-10T10:11:13+00:00
2026-10-14,put,SPXW261014P07360000,7360.0,0.5,0.6,0.45,8.0,227.0,0.2161943615722656,2026-10-09 19:58:19+00:00,7811.5400390625,2026-10-09,2026-10-10T10:11:13+00:00
2026-10-14,put,SPXW261014P07365000,7365.0,0.5,0.6,0.55,114.0,24.0,0.21399711791992188,2026-10-09 20:04:27+00:00,7811.5400390625,2026-10-09,2026-10-10T10:11:13+00:00
2026-10-14,put,SPXW261014P07370000,7370.0,0.5,0.65,0.58,67.0,99.0,0.21399711791992188,2026-10-09 20:05:46+00:00,7811.5400390625,2026-10-09,2026-10-10T10:11:13+00:00
2026-10-14,put,SPXW261014P07375000,7375.0,0.5,0.65,0.6,77.0,188.0,0.2117998742675781,2026-10-09 20:04:27+00:00,7811.5400390625,2026-10-09,2026-10-10T10:11:13+00:00
2026-10-14,put,SPXW261014P07380000,7380.0,0.5,0.65,0.45,21.0,54.0,0.20960263061523435,2026-10-09 19:59:30+00:00,7811.5400390625,2026-10-09,2026-10-10T10:11:13+00:00
2026-10-14,put,SPXW261014P07385000,7385.0,0.5,0.65,0.6,49.0,16.0,0.2074053869628906,2026-10-09 20:14:21+00:00,7811.5400390625,2026-10-09,2026-10-10T10:11:13+00:00
2026-10-14,put,SPXW261014P07390000,7390.0,0.5,0.65,0.55,28.0,87.0,0.20520814331054685,2026-10-09 20:02:11+00:00,7811.5400390625,2026-10-09,2026-10-10T10:11:13+00:00
2026-10-14,put,SPXW261014P07400000,7400.0,0.55,0.65,0.65,87.0,430.0,0.20087469055175777,2026-10-09 20:13:17+00:00,7811.5400390625,2026-10-09,2026-10-10T10:11:13+00:00
2026-10-14,put,SPXW261014P07405000,7405.0,0.55,0.7,0.5,262.0,18.0,0.2005695178222656,2026-10-09 19:59:30+00:00,7811.5400390625,2026-10-09,2026-10-10T10:11:13+00:00
2026-10-14,put,SPXW261014P07410000,7410.0,0.55,0.7,0.55,246.0,338.0,0.19837227416992187,2026-10-09 19:59:25+00:00,7811.5400390625,2026-10-09,2026-10-10T10:11:13+00:00
2026-10-14,put,SPXW261014P07415000,7415.0,0.55,0.7,0.65,1.0,31.0,0.19617503051757812,2026-10-09 18:59:52+00:00,7811.5400390625,2026-10-09,2026-10-10T10:11:13+00:00
2026-10-14,put,SPXW261014P07420000,7420.0,0.55,0.7,0.65,4.0,147.0,0.1939777868652344,2026-10-09 20:10:12+00:00,7811.5400390625,2026-10-09,2026-10-10T10:11:13+00:00
2026-10-14,put,SPXW261014P07425000,7425.0,0.6,0.7,0.53,69.0,215.0,0.19171950866699222,2026-10-09 19:38:51+00:00,7811.5400390625,2026-10-09,2026-10-10T10:11:13+00:00
2026-10-14,put,SPXW261014P07430000,7430.0,0.6,0.7,0.7,7.0,82.0,0.18952226501464847,2026-10-09 20:10:12+00:00,7811.5400390625,2026-10-09,2026-10-10T10:11:13+00:00
2026-10-14,put,SPXW261014P07435000,7435.0,0.6,0.75,0.6,68.0,138.0,0.18903398864746096,2026-10-09 20:02:10+00:00,7811.5400390625,2026-10-09,2026-10-10T10:11:13+00:00
2026-10-14,put,SPXW261014P07440000,7440.0,0.6,0.75,0.7,21.0,341.0,0.18677571044921876,2026-10-09 20:10:12+00:00,7811.5400390625,2026-10-09,2026-10-10T10:11:13+00:00
2026-10-14,put,SPXW261014P07445000,7445.0,0.6,0.75,0.7,203.0,100.0,0.18457846679687498,2026-10-09 19:52:33+00:00,7811.5400390625,2026-10-09,2026-10-10T10:11:13+00:00
2026-10-14,put,SPXW261014P07450000,7450.0,0.6,0.75,0.75,26.0,1325.0,0.1823201885986328,2026-10-09 20:10:12+00:00,7811.5400390625,2026-10-09,2026-10-10T10:11:13+00:00
2026-10-14,put,SPXW261014P07455000,7455.0,0.65,0.75,0.7,185.0,55.0,0.18006191040039063,2026-10-09 19:42:05+00:00,7811.5400390625,2026-10-09,2026-10-10T10:11:13+00:00
2026-10-14,put,SPXW261014P07460000,7460.0,0.65,0.8,0.75,75.0,625.0,0.17945156494140624,2026-10-09 19:23:34+00:00,7811.5400390625,2026-10-09,2026-10-10T10:11:13+00:00
2026-10-14,put,SPXW261014P07465000,7465.0,0.65,0.8,0.75,7.0,36.0,0.17719328674316404,2026-10-09 18:59:52+00:00,7811.5400390625,2026-10-09,2026-10-10T10:11:13+00:00
2026-10-14,put,SPXW261014P07470000,7470.0,0.65,0.8,0.7,70.0,372.0,0.1749350085449219,2026-10-09 19:33:34+00:00,7811.5400390625,2026-10-09,2026-10-10T10:11:13+00:00
2026-10-14,put,SPXW261014P07475000,7475.0,0.7,0.8,0.73,90.0,406.0,0.1726767303466797,2026-10-09 19:39:31+00:00,7811.5400390625,2026-10-09,2026-10-10T10:11:13+00:00
2026-10-14,put,SPXW261014P07480000,7480.0,0.7,0.85,0.7,63.0,3122.0,0.17182224670410157,2026-10-09 19:31:34+00:00,7811.5400390625,2026-10-09,2026-10-10T10:11:13+00:00
2026-10-14,put,SPXW261014P07485000,7485.0,0.7,0.85,0.65,13.0,147.0,0.1695639685058594,2026-10-09 19:58:47+00:00,7811.5400390625,2026-10-09,2026-10-10T10:11:13+00:00
2026-10-14,put,SPXW261014P07490000,7490.0,0.7,0.85,0.7,43.0,234.0,0.16730569030761722,2026-10-09 19:58:47+00:00,7811.5400390625,2026-10-09,2026-10-10T10:11:13+00:00
2026-10-14,put,SPXW261014P07495000,7495.0,0.75,0.9,0.7,15.0,98.0,0.16632913757324225,2026-10-09 19:58:47+00:00,7811.5400390625,2026-10-09,2026-10-10T10:11:13+00:00
2026-10-14,put,SPXW261014P07500000,7500.0,0.75,0.9,0.85,239.0,1901.0,0.16407085937500002,2026-10-09 20:12:36+00:00,7811.5400390625,2026-10-09,2026-10-10T10:11:13+00:00
2026-10-14,put,SPXW261014P07505000,7505.0,0.75,0.9,0.7,11.0,79.0,0.16175154663085936,2026-10-09 19:58:43+00:00,7811.5400390625,2026-10-09,2026-10-10T10:11:13+00:00
2026-10-14,put,SPXW261014P07510000,7510.0,0.8,0.95,0.78,16.0,284.0,0.16071395935058597,2026-10-09 19:58:11+00:00,7811.5400390625,2026-10-09,2026-10-10T10:11:13+00:00
2026-10-14,put,SPXW261014P07515000,7515.0,0.8,0.95,0.85,15.0,162.0,0.1583946466064453,2026-10-09 19:40:58+00:00,7811.5400390625,2026-10-09,2026-10-10T10:11:13+00:00
2026-10-14,put,SPXW261014P07520000,7520.0,0.8,0.95,0.9,83.0,1052.0,0.1560753338623047,2026-10-09 19:18:37+00:00,7811.5400390625,2026-10-09,2026-10-10T10:11:13+00:00
2026-10-14,put,SPXW261014P07525000,7525.0,0.85,1.0,0.8,216.0,645.0,0.1549156774902344,2026-10-09 19:59:13+00:00,7811.5400390625,2026-10-09,2026-10-10T10:11:13+00:00
2026-10-14,put,SPXW261014P07530000,7530.0,0.85,1.0,0.85,154.0,308.0,0.15256584747314456,2026-10-09 19:34:41+00:00,7811.5400390625,2026-10-09,2026-10-10T10:11:13+00:00
2026-10-14,put,SPXW261014P07535000,7535.0,0.9,1.05,0.95,87.0,178.0,0.1513146392822266,2026-10-09 19:54:36+00:00,7811.5400390625,2026-10-09,2026-10-10T10:11:13+00:00
2026-10-14,put,SPXW261014P07540000,7540.0,0.9,1.05,0.99,48.0,363.0,0.14896480926513672,2026-10-09 19:52:00+00:00,7811.5400390625,2026-10-09,2026-10-10T10:11:13+00:00
2026-10-14,put,SPXW261014P07545000,7545.0,0.95,1.1,0.9,144.0,261.0,0.14765256652832032,2026-10-09 19:59:30+00:00,7811.5400390625,2026-10-09,2026-10-10T10:11:13+00:00
2026-10-14,put,SPXW261014P07550000,7550.0,0.95,1.1,1.0,416.0,1928.0,0.14527221923828126,2026-10-09 19:55:41+00:00,7811.5400390625,2026-10-09,2026-10-10T10:11:13+00:00
2026-10-14,put,SPXW261014P07555000,7555.0,1.0,1.15,1.05,27.0,188.0,0.1438989419555664,2026-10-09 19:00:09+00:00,7811.5400390625,2026-10-09,2026-10-10T10:11:13+00:00
2026-10-14,put,SPXW261014P07560000,7560.0,1.0,1.2,1.1,110.0,1314.0,0.14246463012695312,2026-10-09 19:54:37+00:00,7811.5400390625,2026-10-09,2026-10-10T10:11:13+00:00
2026-10-14,put,SPXW261014P07565000,7565.0,1.05,1.2,1.15,200.0,401.0,0.14002324829101562,2026-10-09 19:25:40+00:00,7811.5400390625,2026-10-09,2026-10-10T10:11:13+00:00
2026-10-14,put,SPXW261014P07570000,7570.0,1.1,1.25,1.07,246.0,1752.0,0.13852790191650394,2026-10-09 20:00:39+00:00,7811.5400390625,2026-10-09,2026-10-10T10:11:13+00:00
2026-10-14,put,SPXW261014P07575000,7575.0,1.15,1.3,1.1,406.0,747.0,0.13697152099609378,2026-10-09 19:59:40+00:00,7811.5400390625,2026-10-09,2026-10-10T10:11:13+00:00
2026-10-14,put,SPXW261014P07580000,7580.0,1.15,1.35,1.2,511.0,427.0,0.13535410552978522,2026-10-09 20:03:10+00:00,7811.5400390625,2026-10-09,2026-10-10T10:11:13+00:00
2026-10-14,put,SPXW261014P07585000,7585.0,1.2,1.4,1.2,189.0,388.0,0.13370617279052732,2026-10-09 19:59:40+00:00,7811.5400390625,2026-10-09,2026-10-10T10:11:13+00:00
2026-10-14,put,SPXW261014P07590000,7590.0,1.25,1.45,1.25,334.0,712.0,0.13199720550537108,2026-10-09 19:54:40+00:00,7811.5400390625,2026-10-09,2026-10-10T10:11:13+00:00
2026-10-14,put,SPXW261014P07595000,7595.0,1.3,1.5,1.3,887.0,2102.0,0.1302577209472656,2026-10-09 19:59:40+00:00,7811.5400390625,2026-10-09,2026-10-10T10:11:13+00:00
2026-10-14,put,SPXW261014P07600000,7600.0,1.35,1.55,1.5,850.0,2212.0,0.12848771911621093,2026-10-09 20:13:51+00:00,7811.5400390625,2026-10-09,2026-10-10T10:11:13+00:00
2026-10-14,put,SPXW261014P07605000,7605.0,1.45,1.6,1.45,187.0,435.0,0.1266566827392578,2026-10-09 19:59:40+00:00,7811.5400390625,2026-10-09,2026-10-10T10:11:13+00:00
2026-10-14,put,SPXW261014P07610000,7610.0,1.5,1.65,1.55,357.0,382.0,0.12479512908935547,2026-10-09 19:59:40+00:00,7811.5400390625,2026-10-09,2026-10-10T10:11:13+00:00
2026-10-14,put,SPXW261014P07615000,7615.0,1.55,1.75,1.6,924.0,405.0,0.1235439208984375,2026-10-09 19:46:07+00:00,7811.5400390625,2026-10-09,2026-10-10T10:11:13+00:00
2026-10-14,put,SPXW261014P07620000,7620.0,1.65,1.8,1.8,841.0,503.0,0.1215908154296875,2026-10-09 20:14:24+00:00,7811.5400390625,2026-10-09,2026-10-10T10:11:13+00:00
2026-10-14,put,SPXW261014P07625000,7625.0,1.7,1.9,1.9,864.0,2210.0,0.12020227951049803,2026-10-09 19:53:23+00:00,7811.5400390625,2026-10-09,2026-10-10T10:11:13+00:00
2026-10-14,put,SPXW261014P07630000,7630.0,1.8,2.0,1.9,520.0,267.0,0.11873745040893555,2026-10-09 20:00:45+00:00,7811.5400390625,2026-10-09,2026-10-10T10:11:13+00:00
2026-10-14,put,SPXW261014P07635000,7635.0,1.9,2.1,2.0,207.0,444.0,0.117196328125,2026-10-09 20:02:34+00:00,7811.5400390625,2026-10-09,2026-10-10T10:11:13+00:00
2026-10-14,put,SPXW261014P07640000,7640.0,2.0,2.2,2.13,914.0,795.0,0.11557891265869141,2026-10-09 20:02:38+00:00,7811.5400390625,2026-10-09,2026-10-10T10:11:13+00:00
2026-10-14,put,SPXW261014P07645000,7645.0,2.15,2.35,2.35,163.0,396.0,0.11438873901367189,2026-10-09 20:14:24+00:00,7811.5400390625,2026-10-09,2026-10-10T10:11:13+00:00
2026-10-14,put,SPXW261014P07650000,7650.0,2.25,2.45,2.4,742.0,3421.0,0.11261873718261718,2026-10-09 20:02:34+00:00,7811.5400390625,2026-10-09,2026-10-10T10:11:13+00:00
2026-10-14,put,SPXW261014P07655000,7655.0,2.4,2.6,2.7,619.0,161.0,0.11124545989990234,2026-10-09 20:10:18+00:00,7811.5400390625,2026-10-09,2026-10-10T10:11:13+00:00
2026-10-14,put,SPXW261014P07660000,7660.0,2.55,2.75,2.83,154.0,829.0,0.10976537216186524,2026-10-09 20:13:50+00:00,7811.5400390625,2026-10-09,2026-10-10T10:11:13+00:00
2026-10-14,put,SPXW261014P07665000,7665.0,2.75,2.95,3.0,261.0,267.0,0.10860571578979492,2026-10-09 20:09:01+00:00,7811.5400390625,2026-10-09,2026-10-10T10:11:13+00:00
2026-10-14,put,SPXW261014P07670000,7670.0,2.9,3.2,3.18,271.0,502.0,0.1077359735107422,2026-10-09 20:13:50+00:00,7811.5400390625,2026-10-09,2026-10-10T10:11:13+00:00
2026-10-14,put,SPXW261014P07675000,7675.0,3.1,3.4,3.42,326.0,565.0,0.10631692031860351,2026-10-09 20:11:29+00:00,7811.5400390625,2026-10-09,2026-10-10T10:11:13+00:00
2026-10-14,put,SPXW261014P07680000,7680.0,3.3,3.6,3.7,169.0,677.0,0.10477579803466797,2026-10-09 20:13:14+00:00,7811.5400390625,2026-10-09,2026-10-10T10:11:13+00:00
2026-10-14,put,SPXW261014P07685000,7685.0,3.6,3.9,3.9,472.0,269.0,0.10382976257324218,2026-10-09 20:11:31+00:00,7811.5400390625,2026-10-09,2026-10-10T10:11:13+00:00
2026-10-14,put,SPXW261014P07690000,7690.0,3.9,4.1,4.25,295.0,288.0,0.10205976074218749,2026-10-09 20:11:56+00:00,7811.5400390625,2026-10-09,2026-10-10T10:11:13+00:00
2026-10-14,put,SPXW261014P07695000,7695.0,4.2,4.4,4.54,270.0,179.0,0.10080855255126953,2026-10-09 20:09:47+00:00,7811.5400390625,2026-10-09,2026-10-10T10:11:13+00:00
2026-10-14,put,SPXW261014P07700000,7700.0,4.5,4.8,4.9,554.0,1563.0,0.10001510345458985,2026-10-09 20:11:56+00:00,7811.5400390625,2026-10-09,2026-10-10T10:11:13+00:00
2026-10-14,put,SPXW261014P07705000,7705.0,4.8,5.1,5.3,185.0,332.0,0.09845872253417969,2026-10-09 20:08:09+00:00,7811.5400390625,2026-10-09,2026-10-10T10:11:13+00:00
2026-10-14,put,SPXW261014P07710000,7710.0,5.2,5.5,5.73,263.0,274.0,0.09729906616210937,2026-10-09 20:12:47+00:00,7811.5400390625,2026-10-09,2026-10-10T10:11:13+00:00
2026-10-14,put,SPXW261014P07715000,7715.0,5.6,6.0,6.2,145.0,108.0,0.09649035842895509,2026-10-09 20:11:49+00:00,7811.5400390625,2026-10-09,2026-10-10T10:11:13+00:00
2026-10-14,put,SPXW261014P07720000,7720.0,6.1,6.4,6.75,336.0,411.0,0.09497212409973146,2026-10-09 20:06:36+00:00,7811.5400390625,2026-10-09,2026-10-10T10:11:13+00:00
2026-10-14,put,SPXW261014P07725000,7725.0,6.6,6.9,7.2,376.0,852.0,0.0937743211364746,2026-10-09 20:12:44+00:00,7811.5400390625,2026-10-09,2026-10-10T10:11:13+00:00
2026-10-14,put,SPXW261014P07730000,7730.0,7.2,7.5,7.8,415.0,1776.0,0.09282065635681153,2026-10-09 20:09:00+00:00,7811.5400390625,2026-10-09,2026-10-10T10:11:13+00:00
2026-10-14,put,SPXW261014P07735000,7735.0,7.8,8.1,8.4,253.0,165.0,0.09164574134826659,2026-10-09 20:08:09+00:00,7811.5400390625,2026-10-09,2026-10-10T10:11:13+00:00
2026-10-14,put,SPXW261014P07740000,7740.0,8.4,8.8,9.17,754.0,693.0,0.0906768179321289,2026-10-09 20:12:47+00:00,7811.5400390625,2026-10-09,2026-10-10T10:11:13+00:00
2026-10-14,put,SPXW261014P07745000,7745.0,9.1,9.5,9.78,343.0,125.0,0.08947138565063475,2026-10-09 20:04:00+00:00,7811.5400390625,2026-10-09,2026-10-10T10:11:13+00:00
2026-10-14,put,SPXW261014P07750000,7750.0,9.9,10.3,10.85,969.0,1264.0,0.08841853973388672,2026-10-09 20:14:58+00:00,7811.5400390625,2026-10-09,2026-10-10T10:11:13+00:00
2026-10-14,put,SPXW261014P07755000,7755.0,10.8,11.1,11.5,259.0,349.0,0.08712155563354493,2026-10-09 20:04:48+00:00,7811.5400390625,2026-10-09,2026-10-10T10:11:13+00:00
2026-10-14,put,SPXW261014P07760000,7760.0,11.7,12.1,12.8,371.0,196.0,0.08627470130920412,2026-10-09 20:11:49+00:00,7811.5400390625,2026-10-09,2026-10-10T10:11:13+00:00
2026-10-14,put,SPXW261014P07765000,7765.0,12.7,13.1,13.78,178.0,134.0,0.08516082084655763,2026-10-09 20:11:18+00:00,7811.5400390625,2026-10-09,2026-10-10T10:11:13+00:00
2026-10-14,put,SPXW261014P07770000,7770.0,13.8,14.2,15.05,320.0,225.0,0.08409271629333498,2026-10-09 20:10:30+00:00,7811.5400390625,2026-10-09,2026-10-10T10:11:13+00:00
2026-10-14,put,SPXW261014P07775000,7775.0,15.0,15.4,16.05,566.0,220.0,0.08306275833129886,2026-10-09 20:05:00+00:00,7811.5400390625,2026-10-09,2026-10-10T10:11:13+00:00
2026-10-14,put,SPXW261014P07780000,7780.0,16.3,16.7,17.94,414.0,149.0,0.08203280036926272,2026-10-09 20:00:01+00:00,7811.5400390625,2026-10-09,2026-10-10T10:11:13+00:00
2026-10-14,put,SPXW261014P07785000,7785.0,17.7,18.1,19.1,569.0,123.0,0.08099902774810791,2026-10-09 20:05:33+00:00,7811.5400390625,2026-10-09,2026-10-10T10:11:13+00:00
2026-10-14,put,SPXW261014P07790000,7790.0,19.2,19.7,20.94,409.0,319.0,0.08022083728790284,2026-10-09 20:02:00+00:00,7811.5400390625,2026-10-09,2026-10-10T10:11:13+00:00
2026-10-14,put,SPXW261014P07795000,7795.0,20.9,21.3,21.8,297.0,126.0,0.0791031421661377,2026-10-09 20:03:18+00:00,7811.5400390625,2026-10-09,2026-10-10T10:11:13+00:00
2026-10-14,put,SPXW261014P07800000,7800.0,22.7,23.1,24.4,1977.0,1137.0,0.0782066972732544,2026-10-09 20:14:47+00:00,7811.5400390625,2026-10-09,2026-10-10T10:11:13+00:00
2026-10-14,put,SPXW261014P07805000,7805.0,24.6,25.0,26.5,305.0,99.0,0.07722251522064211,2026-10-09 20:12:17+00:00,7811.5400390625,2026-10-09,2026-10-10T10:11:13+00:00
2026-10-14,put,SPXW261014P07810000,7810.0,26.6,27.1,28.63,211.0,81.0,0.07641380748748781,2026-10-09 20:07:36+00:00,7811.5400390625,2026-10-09,2026-10-10T10:11:13+00:00
2026-10-14,put,SPXW261014P07815000,7815.0,58.1,58.4,53.43,,,0.1553047727203369,2026-10-08 16:21:38+00:00,7811.5400390625,2026-10-09,2026-10-10T10:11:13+00:00
2026-10-14,put,SPXW261014P07820000,7820.0,31.1,31.5,34.1,155.0,129.0,0.07416697326660157,2026-10-09 19:56:13+00:00,7811.5400390625,2026-10-09,2026-10-10T10:11:13+00:00
2026-10-14,put,SPXW261014P07825000,7825.0,33.5,34.0,36.7,225.0,74.0,0.07324382575988769,2026-10-09 19:56:41+00:00,7811.5400390625,2026-10-09,2026-10-10T10:11:13+00:00
2026-10-14,put,SPXW261014P07830000,7830.0,36.1,36.6,38.45,163.0,50.0,0.07216809188842774,2026-10-09 20:05:33+00:00,7811.5400390625,2026-10-09,2026-10-10T10:11:13+00:00
2026-10-14,put,SPXW261014P07850000,7850.0,47.9,48.3,51.6,157.0,488.0,0.06675509059906005,2026-10-09 19:53:40+00:00,7811.5400390625,2026-10-09,2026-10-10T10:11:13+00:00
2026-10-14,put,SPXW261014P07860000,7860.0,47.3,64.6,58.9,24.0,21.0,0.09620044433593751,2026-10-09 19:53:54+00:00,7811.5400390625,2026-10-09,2026-10-10T10:11:13+00:00
2026-10-14,put,SPXW261014P07870000,7870.0,54.7,71.8,82.59,25.0,25.0,0.09588764228820804,2026-10-07 19:47:34+00:00,7811.5400390625,2026-10-09,2026-10-10T10:11:13+00:00
2026-10-14,put,SPXW261014P07875000,7875.0,58.6,75.6,70.62,3.0,4.0,0.0959296035385132,2026-10-09 19:59:02+00:00,7811.5400390625,2026-10-09,2026-10-10T10:11:13+00:00
2026-10-14,put,SPXW261014P07880000,7880.0,62.6,79.5,73.75,3.0,22.0,0.0960249700164795,2026-10-09 18:34:51+00:00,7811.5400390625,2026-10-09,2026-10-10T10:11:13+00:00
2026-10-14,put,SPXW261014P07890000,7890.0,70.9,87.7,108.7,1.0,18.0,0.09687945365905762,2026-10-08 18:31:11+00:00,7811.5400390625,2026-10-09,2026-10-10T10:11:13+00:00
2026-10-14,put,SPXW261014P07895000,7895.0,110.5,,77.11,,,0.1628959443664551,2026-10-06 15:33:42+00:00,7811.5400390625,2026-10-09,2026-10-10T10:11:13+00:00
2026-10-14,put,SPXW261014P07900000,7900.0,79.5,96.2,86.6,5.0,12.0,0.09790178230285645,2026-10-09 19:09:56+00:00,7811.5400390625,2026-10-09,2026-10-10T10:11:13+00:00
2026-10-14,put,SPXW261014P07920000,7920.0,134.0,,159.21,,,0.1799856172180176,2026-10-08 19:14:46+00:00,7811.5400390625,2026-10-09,2026-10-10T10:11:13+00:00
2026-10-14,put,SPXW261014P07925000,7925.0,138.8,,152.82,,,0.18354850883483884,2026-10-07 14:15:12+00:00,7811.5400390625,2026-10-09,2026-10-10T10:11:13+00:00
2026-10-14,put,SPXW261014P07950000,7950.0,126.2,142.5,175.57,2.0,4.0,0.11020787261962889,2026-10-07 13:49:56+00:00,7811.5400390625,2026-10-09,2026-10-10T10:11:13+00:00
2026-10-14,put,SPXW261014P07970000,7970.0,182.8,,186.7,,,0.21649190498352047,2026-10-08 13:54:39+00:00,7811.5400390625,2026-10-09,2026-10-10T10:11:13+00:00
2026-10-14,put,SPXW261014P07975000,7975.0,187.8,,191.55,,,0.22039048660278315,2026-10-08 13:54:39+00:00,7811.5400390625,2026-10-09,2026-10-10T10:11:13+00:00
2026-10-14,put,SPXW261014P08000000,8000.0,175.6,191.8,175.16,1.0,12.0,0.1329584996032715,2026-10-06 17:28:33+00:00,7811.5400390625,2026-10-09,2026-10-10T10:11:13+00:00
2026-10-15,call,SPXW261015C04000000,4000.0,3802.0,3825.9,3748.25,1.0,2.0,2.038579122314453,2026-10-08 18:06:46+00:00,7811.5400390625,2026-10-09,2026-10-10T10:11:13+00:00
2026-10-15,call,SPXW261015C04200000,4200.0,3602.0,3626.0,3515.21,,1.0,1.9047856323242187,2026-09-23 18:42:51+00:00,7811.5400390625,2026-10-09,2026-10-10T10:11:13+00:00
2026-10-15,call,SPXW261015C06500000,6500.0,1302.9,1326.9,1280.75,,1.0,0.664615170288086,2026-09-22 17:32:10+00:00,7811.5400390625,2026-10-09,2026-10-10T10:11:13+00:00
2026-10-15,call,SPXW261015C06725000,6725.0,1078.1,1102.0,1002.67,1.0,1.0,0.5600629931640625,2026-10-02 18:54:41+00:00,7811.5400390625,2026-10-09,2026-10-10T10:11:13+00:00
2026-10-15,call,SPXW261015C06850000,6850.0,953.2,977.1,946.2,,1.0,0.5024158645629884,2026-09-22 19:39:39+00:00,7811.5400390625,2026-10-09,2026-10-10T10:11:13+00:00
2026-10-15,call,SPXW261015C06975000,6975.0,828.3,852.3,805.02,,6.0,0.5842021560668945,2026-09-21 17:22:06+00:00,7811.5400390625,2026-10-09,2026-10-10T10:11:13+00:00
2026-10-15,call,SPXW261015C07000000,7000.0,803.3,827.3,780.47,,6.0,0.5696301582336427,2026-09-21 17:22:06+00:00,7811.5400390625,2026-10-09,2026-10-10T10:11:13+00:00
2026-10-15,call,SPXW261015C07100000,7100.0,703.5,727.4,733.11,2.0,4.0,0.5119219950866698,2026-10-06 14:04:50+00:00,7811.5400390625,2026-10-09,2026-10-10T10:11:13+00:00
2026-10-15,call,SPXW261015C07150000,7150.0,653.5,677.5,631.18,2.0,4.0,0.48326627578735354,2026-10-08 13:48:29+00:00,7811.5400390625,2026-10-09,2026-10-10T10:11:13+00:00
2026-10-15,call,SPXW261015C07200000,7200.0,603.6,627.6,517.19,,11.0,0.45445034080505364,2026-09-11 16:18:26+00:00,7811.5400390625,2026-10-09,2026-10-10T10:11:13+00:00
2026-10-15,call,SPXW261015C07250000,7250.0,553.7,577.6,470.66,,5.0,0.42474940490722657,2026-09-11 16:18:26+00:00,7811.5400390625,2026-10-09,2026-10-10T10:11:13+00:00
2026-10-15,call,SPXW261015C07275000,7275.0,528.7,552.7,370.4,1.0,1.0,0.41048257980346675,2026-09-15 16:11:39+00:00,7811.5400390625,2026-10-09,2026-10-10T10:11:13+00:00
2026-10-15,call,SPXW261015C07300000,7300.0,503.7,527.7,491.25,1.0,21.0,0.39549859878540045,2026-09-22 17:32:10+00:00,7811.5400390625,2026-10-09,2026-10-10T10:11:13+00:00
2026-10-15,call,SPXW261015C07350000,7350.0,453.8,477.8,441.74,1.0,2.0,0.3659349906158448,2026-10-09 14:46:43+00:00,7811.5400390625,2026-10-09,2026-10-10T10:11:13+00:00
2026-10-15,call,SPXW261015C07375000,7375.0,432.7,452.9,399.59,,2.0,0.3513095875549316,2026-09-21 15:50:49+00:00,7811.5400390625,2026-10-09,2026-10-10T10:11:13+00:00
2026-10-15,call,SPXW261015C07400000,7400.0,407.7,427.9,358.58,1.0,21.0,0.33600517517089845,2026-10-08 18:14:19+00:00,7811.5400390625,2026-10-09,2026-10-10T10:11:13+00:00
2026-10-15,call,SPXW261015C07410000,7410.0,397.7,418.0,326.21,30.0,30.0,0.33042051422119134,2026-10-02 19:26:35+00:00,7811.5400390625,2026-10-09,2026-10-10T10:11:13+00:00
2026-10-15,call,SPXW261015C07425000,7425.0,382.9,403.0,245.36,1.0,1.0,0.3211508925628661,2026-10-01 14:21:38+00:00,7811.5400390625,2026-10-09,2026-10-10T10:11:13+00:00
2026-10-15,call,SPXW261015C07430000,7430.0,377.8,398.0,329.03,1.0,1.0,0.31806101867675773,2026-10-08 18:14:19+00:00,7811.5400390625,2026-10-09,2026-10-10T10:11:13+00:00
2026-10-15,call,SPXW261015C07440000,7440.0,367.8,388.0,232.46,1.0,1.0,0.3118507536315917,2026-10-01 14:21:38+00:00,7811.5400390625,2026-10-09,2026-10-10T10:11:13+00:00
2026-10-15,call,SPXW261015C07450000,7450.0,358.0,378.1,357.84,1.0,12.0,0.3061592822265625,2026-10-07 17:39:19+00:00,7811.5400390625,2026-10-09,2026-10-10T10:11:13+00:00
2026-10-15,call,SPXW261015C07460000,7460.0,347.9,368.1,235.68,,1.0,0.29990324127197265,2026-09-17 13:45:50+00:00,7811.5400390625,2026-10-09,2026-10-10T10:11:13+00:00
2026-10-15,call,SPXW261015C07470000,7470.0,338.1,358.2,240.34,,2.0,0.2941507353210449,2026-09-29 18:58:18+00:00,7811.5400390625,2026-10-09,2026-10-10T10:11:13+00:00
2026-10-15,call,SPXW261015C07475000,7475.0,333.1,353.2,363.17,81.0,82.0,0.2910074562072753,2026-10-06 14:57:21+00:00,7811.5400390625,2026-10-09,2026-10-10T10:11:13+00:00
2026-10-15,call,SPXW261015C07490000,7490.0,,303.2,282.53,,,1.0000000000000003e-05,2026-10-08 19:59:07+00:00,7811.5400390625,2026-10-09,2026-10-10T10:11:13+00:00
2026-10-15,call,SPXW261015C07500000,7500.0,308.0,328.3,337.08,1.0,10.0,0.27567252655029295,2026-10-06 14:02:43+00:00,7811.5400390625,2026-10-09,2026-10-10T10:11:13+00:00
2026-10-15,call,SPXW261015C07510000,7510.0,298.1,318.4,286.05,14.0,74.0,0.26978269287109374,2026-10-09 13:34:56+00:00,7811.5400390625,2026-10-09,2026-10-10T10:11:13+00:00
2026-10-15,call,SPXW261015C07520000,7520.0,288.1,308.4,280.9,1.0,0.0,0.2633740655517578,2026-09-22 16:37:24+00:00,7811.5400390625,2026-10-09,2026-10-10T10:11:13+00:00
2026-10-15,call,SPXW261015C07525000,7525.0,283.2,303.5,231.09,4.0,10.0,0.2606275109863281,2026-10-05 13:50:11+00:00,7811.5400390625,2026-10-09,2026-10-10T10:11:13+00:00
2026-10-15,call,SPXW261015C07530000,7530.0,278.2,298.5,264.26,1.0,3.0,0.25740030937194824,2026-10-09 13:39:02+00:00,7811.5400390625,2026-10-09,2026-10-10T10:11:13+00:00
2026-10-15,call,SPXW261015C07540000,7540.0,268.3,288.6,296.65,1.0,26.0,0.2513884066009521,2026-10-06 14:43:55+00:00,7811.5400390625,2026-10-09,2026-10-10T10:11:13+00:00
2026-10-15,call,SPXW261015C07550000,7550.0,258.4,278.7,266.47,1.0,14.0,0.2453230986022949,2026-10-09 20:07:39+00:00,7811.5400390625,2026-10-09,2026-10-10T10:11:13+00:00
2026-10-15,call,SPXW261015C07555000,7555.0,253.5,273.8,129.3,1.0,1.0,0.24250025085449217,2026-10-01 15:10:13+00:00,7811.5400390625,2026-10-09,2026-10-10T10:11:13+00:00
2026-10-15,call,SPXW261015C07560000,7560.0,248.5,268.8,280.42,85.0,90.0,0.23921964401245116,2026-10-06 14:57:21+00:00,7811.5400390625,2026-10-09,2026-10-10T10:11:13+00:00
2026-10-15,call,SPXW261015C07565000,7565.0,243.6,263.9,223.81,2.0,14.0,0.2363662789916992,2026-10-08 15:08:47+00:00,7811.5400390625,2026-10-09,2026-10-10T10:11:13+00:00
2026-10-15,call,SPXW261015C07570000,7570.0,238.7,259.0,224.83,17.0,13.0,0.23349765533447264,2026-10-09 14:46:43+00:00,7811.5400390625,2026-10-09,2026-10-10T10:11:13+00:00
2026-10-15,call,SPXW261015C07575000,7575.0,233.7,254.1,187.15,20.0,36.0,0.23061377304077146,2026-10-08 17:04:13+00:00,7811.5400390625,2026-10-09,2026-10-10T10:11:13+00:00
2026-10-15,call,SPXW261015C07580000,7580.0,228.8,249.1,223.05,30.0,158.0,0.227272131652832,2026-10-09 15:01:37+00:00,7811.5400390625,2026-10-09,2026-10-10T10:11:13+00:00
2026-10-15,call,SPXW261015C07585000,7585.0,223.9,244.2,175.26,1.0,5.0,0.2243577320861816,2026-10-05 14:03:49+00:00,7811.5400390625,2026-10-09,2026-10-10T10:11:13+00:00
2026-10-15,call,SPXW261015C07590000,7590.0,219.0,239.3,169.91,10.0,18.0,0.22142044456481932,2026-10-08 17:25:47+00:00,7811.5400390625,2026-10-09,2026-10-10T10:11:13+00:00
2026-10-15,call,SPXW261015C07595000,7595.0,214.1,234.4,131.55,3.0,3.0,0.21846789840698239,2026-10-01 13:45:04+00:00,7811.5400390625,2026-10-09,2026-10-10T10:11:13+00:00
2026-10-15,call,SPXW261015C07600000,7600.0,209.2,229.5,217.28,3.0,471.0,0.21549246429443358,2026-10-09 20:07:39+00:00,7811.5400390625,2026-10-09,2026-10-10T10:11:13+00:00
2026-10-15,call,SPXW261015C07605000,7605.0,204.3,224.6,171.3,15.0,28.0,0.21249414222717286,2026-10-08 19:23:10+00:00,7811.5400390625,2026-10-09,2026-10-10T10:11:13+00:00
2026-10-15,call,SPXW261015C07610000,7610.0,203.0,219.7,161.1,17.0,19.0,0.20948056152343747,2026-10-08 19:16:02+00:00,7811.5400390625,2026-10-09,2026-10-10T10:11:13+00:00
2026-10-15,call,SPXW261015C07615000,7615.0,196.5,212.9,196.76,24.0,26.0,0.1986469296264648,2026-10-09 17:29:33+00:00,7811.5400390625,2026-10-09,2026-10-10T10:11:13+00:00
2026-10-15,call,SPXW261015C07620000,7620.0,191.6,208.0,176.75,19.0,11.0,0.19567912483215333,2026-10-09 14:38:45+00:00,7811.5400390625,2026-10-09,2026-10-10T10:11:13+00:00
2026-10-15,call,SPXW261015C07625000,7625.0,186.8,203.2,200.44,1.0,60.0,0.19309278594970702,2026-10-06 13:36:04+00:00,7811.5400390625,2026-10-09,2026-10-10T10:11:13+00:00
2026-10-15,call,SPXW261015C07630000,7630.0,181.9,198.3,183.21,4.0,70.0,0.1900715759277344,2026-10-09 16:32:43+00:00,7811.5400390625,2026-10-09,2026-10-10T10:11:13+00:00
2026-10-15,call,SPXW261015C07635000,7635.0,177.1,193.5,129.07,13.0,20.0,0.18742420249938965,2026-10-08 17:50:45+00:00,7811.5400390625,2026-10-09,2026-10-10T10:11:13+00:00
2026-10-15,call,SPXW261015C07640000,7640.0,172.3,188.7,129.08,5.0,56.0,0.1847463117980957,2026-10-08 17:34:31+00:00,7811.5400390625,2026-10-09,2026-10-10T10:11:13+00:00
2026-10-15,call,SPXW261015C07645000,7645.0,167.5,183.9,197.13,3.0,6.0,0.1820302745056152,2026-10-06 17:43:18+00:00,7811.5400390625,2026-10-09,2026-10-10T10:11:13+00:00
2026-10-15,call,SPXW261015C07650000,7650.0,162.7,179.1,158.49,18.0,108.0,0.17928371994018555,2026-10-09 16:13:57+00:00,7811.5400390625,2026-10-09,2026-10-10T10:11:13+00:00
2026-10-15,call,SPXW261015C07655000,7655.0,157.9,174.4,112.57,10.0,25.0,0.17687285537719727,2026-10-08 17:50:45+00:00,7811.5400390625,2026-10-09,2026-10-10T10:11:13+00:00
2026-10-15,call,SPXW261015C07660000,7660.0,153.1,169.6,139.56,1.0,33.0,0.17405000762939454,2026-10-09 14:37:51+00:00,7811.5400390625,2026-10-09,2026-10-10T10:11:13+00:00
2026-10-15,call,SPXW261015C07665000,7665.0,148.4,164.9,112.5,21.0,99.0,0.1715552205657959,2026-10-08 17:41:29+00:00,7811.5400390625,2026-10-09,2026-10-10T10:11:13+00:00
2026-10-15,call,SPXW261015C07670000,7670.0,143.7,160.2,130.38,2.0,94.0,0.16901465759277345,2026-10-09 14:37:51+00:00,7811.5400390625,2026-10-09,2026-10-10T10:11:13+00:00
2026-10-15,call,SPXW261015C07675000,7675.0,139.0,155.6,128.35,2.0,496.0,0.16677163803100592,2026-10-08 13:38:23+00:00,7811.5400390625,2026-10-09,2026-10-10T10:11:13+00:00
2026-10-15,call,SPXW261015C07680000,7680.0,134.3,150.9,94.97,114.0,269.0,0.16412426460266114,2026-10-08 17:33:04+00:00,7811.5400390625,2026-10-09,2026-10-10T10:11:13+00:00
2026-10-15,call,SPXW261015C07685000,7685.0,129.7,146.3,123.52,1.0,115.0,0.16177443458557125,2026-10-08 17:35:15+00:00,7811.5400390625,2026-10-09,2026-10-10T10:11:13+00:00
2026-10-15,call,SPXW261015C07690000,7690.0,125.1,141.7,118.76,1.0,125.0,0.15935975536346436,2026-10-08 17:24:48+00:00,7811.5400390625,2026-10-09,2026-10-10T10:11:13+00:00
2026-10-15,call,SPXW261015C07695000,7695.0,120.5,137.1,90.48,21.0,42.0,0.156884041595459,2026-10-08 19:31:08+00:00,7811.5400390625,2026-10-09,2026-10-10T10:11:13+00:00
2026-10-15,call,SPXW261015C07700000,7700.0,115.9,132.6,125.1,10.0,548.0,0.15467153930664065,2026-10-09 19:32:12+00:00,7811.5400390625,2026-10-09,2026-10-10T10:11:13+00:00
2026-10-15,call,SPXW261015C07705000,7705.0,111.4,128.1,108.64,3.0,70.0,0.15238274383544925,2026-10-09 15:52:04+00:00,7811.5400390625,2026-10-09,2026-10-10T10:11:13+00:00
2026-10-15,call,SPXW261015C07710000,7710.0,106.9,123.7,99.53,5.0,65.0,0.15033808654785158,2026-10-09 15:35:19+00:00,7811.5400390625,2026-10-09,2026-10-10T10:11:13+00:00
2026-10-15,call,SPXW261015C07715000,7715.0,102.5,119.3,108.87,2.0,56.0,0.1482095067596436,2026-10-09 18:21:50+00:00,7811.5400390625,2026-10-09,2026-10-10T10:11:13+00:00
2026-10-15,call,SPXW261015C07720000,7720.0,98.1,114.9,84.5,2.0,89.0,0.14598937515258786,2026-10-09 14:06:58+00:00,7811.5400390625,2026-10-09,2026-10-10T10:11:13+00:00
2026-10-15,call,SPXW261015C07725000,7725.0,93.7,110.6,90.13,1.0,178.0,0.14398286445617672,2026-10-09 14:57:28+00:00,7811.5400390625,2026-10-09,2026-10-10T10:11:13+00:00
2026-10-15,call,SPXW261015C07730000,7730.0,89.4,106.3,96.83,13.0,165.0,0.14187717262268065,2026-10-09 19:44:23+00:00,7811.5400390625,2026-10-09,2026-10-10T10:11:13+00:00
2026-10-15,call,SPXW261015C07735000,7735.0,85.2,102.1,66.87,58.0,58.0,0.1399622137451172,2026-10-08 19:59:25+00:00,7811.5400390625,2026-10-09,2026-10-10T10:11:13+00:00
2026-10-15,call,SPXW261015C07740000,7740.0,81.0,97.9,82.0,21.0,284.0,0.13794044441223144,2026-10-09 16:16:12+00:00,7811.5400390625,2026-10-09,2026-10-10T10:11:13+00:00
2026-10-15,call,SPXW261015C07745000,7745.0,76.8,93.8,81.62,65.0,44.0,0.13608652008056643,2026-10-09 17:56:47+00:00,7811.5400390625,2026-10-09,2026-10-10T10:11:13+00:00
2026-10-15,call,SPXW261015C07750000,7750.0,72.8,89.8,78.9,46.0,808.0,0.13438899677276617,2026-10-09 19:53:13+00:00,7811.5400390625,2026-10-09,2026-10-10T10:11:13+00:00
2026-10-15,call,SPXW261015C07755000,7755.0,68.7,85.9,72.04,21.0,48.0,0.1328364305114746,2026-10-09 17:46:33+00:00,7811.5400390625,2026-10-09,2026-10-10T10:11:13+00:00
2026-10-15,call,SPXW261015C07760000,7760.0,74.1,75.5,70.9,46.0,120.0,0.1132901171875,2026-10-09 19:51:29+00:00,7811.5400390625,2026-10-09,2026-10-10T10:11:13+00:00
2026-10-15,call,SPXW261015C07765000,7765.0,70.1,71.5,65.7,20.0,157.0,0.11144382217407225,2026-10-09 19:59:17+00:00,7811.5400390625,2026-10-09,2026-10-10T10:11:13+00:00
2026-10-15,call,SPXW261015C07770000,7770.0,66.5,67.7,67.2,66.0,222.0,0.10997899307250975,2026-10-09 19:15:21+00:00,7811.5400390625,2026-10-09,2026-10-10T10:11:13+00:00
2026-10-15,call,SPXW261015C07775000,7775.0,63.1,63.6,59.05,33.0,294.0,0.10753761123657227,2026-10-09 19:56:44+00:00,7811.5400390625,2026-10-09,2026-10-10T10:11:13+00:00
2026-10-15,call,SPXW261015C07780000,7780.0,59.5,60.0,56.85,96.0,1023.0,0.10625207111358644,2026-10-09 20:09:57+00:00,7811.5400390625,2026-10-09,2026-10-10T10:11:13+00:00
2026-10-15,call,SPXW261015C07785000,7785.0,56.0,56.5,53.45,153.0,125.0,0.10502375087738038,2026-10-09 20:12:05+00:00,7811.5400390625,2026-10-09,2026-10-10T10:11:13+00:00
2026-10-15,call,SPXW261015C07790000,7790.0,52.6,53.1,51.37,226.0,239.0,0.10384502120971678,2026-10-09 19:44:23+00:00,7811.5400390625,2026-10-09,2026-10-10T10:11:13+00:00
2026-10-15,call,SPXW261015C07795000,7795.0,49.4,49.8,47.34,433.0,410.0,0.1027082527923584,2026-10-09 20:02:04+00:00,7811.5400390625,2026-10-09,2026-10-10T10:11:13+00:00
2026-10-15,call,SPXW261015C07800000,7800.0,46.2,46.7,43.85,342.0,4260.0,0.10184613983154298,2026-10-09 20:12:05+00:00,7811.5400390625,2026-10-09,2026-10-10T10:11:13+00:00
2026-10-15,call,SPXW261015C07805000,7805.0,43.1,43.6,40.62,91.0,551.0,0.10075133266448975,2026-10-09 19:23:42+00:00,7811.5400390625,2026-10-09,2026-10-10T10:11:13+00:00
2026-10-15,call,SPXW261015C07810000,7810.0,40.2,40.7,37.87,193.0,504.0,0.0999159223175049,2026-10-09 20:10:09+00:00,7811.5400390625,2026-10-09,2026-10-10T10:11:13+00:00
2026-10-15,call,SPXW261015C07815000,7815.0,37.4,37.8,35.35,128.0,150.0,0.09884018844604492,2026-10-09 20:12:05+00:00,7811.5400390625,2026-10-09,2026-10-10T10:11:13+00:00
2026-10-15,call,SPXW261015C07820000,7820.0,34.7,35.1,32.57,430.0,231.0,0.09800477809906007,2026-10-09 20:10:09+00:00,7811.5400390625,2026-10-09,2026-10-10T10:11:13+00:00
2026-10-15,call,SPXW261015C07825000,7825.0,32.1,32.6,30.29,334.0,3837.0,0.09741350593566894,2026-10-09 20:07:25+00:00,7811.5400390625,2026-10-09,2026-10-10T10:11:13+00:00
2026-10-15,call,SPXW261015C07830000,7830.0,29.6,30.1,29.72,310.0,296.0,0.09655520763397217,2026-10-09 20:11:21+00:00,7811.5400390625,2026-10-09,2026-10-10T10:11:13+00:00
2026-10-15,call,SPXW261015C07835000,7835.0,18.1,18.4,16.8,,,0.07149289722442627,2026-10-08 19:59:30+00:00,7811.5400390625,2026-10-09,2026-10-10T10:11:13+00:00
2026-10-15,call,SPXW261015C07840000,7840.0,25.0,25.5,24.87,281.0,247.0,0.09504078796386721,2026-10-09 20:05:00+00:00,7811.5400390625,2026-10-09,2026-10-10T10:11:13+00:00
2026-10-15,call,SPXW261015C07845000,7845.0,15.1,15.4,13.8,,,0.07272503211975098,2026-10-08 19:59:33+00:00,7811.5400390625,2026-10-09,2026-10-10T10:11:13+00:00
2026-10-15,call,SPXW261015C07850000,7850.0,21.0,21.4,19.8,830.0,689.0,0.09370565727233887,2026-10-09 20:14:12+00:00,7811.5400390625,2026-10-09,2026-10-10T10:11:13+00:00
2026-10-15,call,SPXW261015C07855000,7855.0,12.5,12.8,12.3,,,0.07384654190063478,2026-10-08 20:02:25+00:00,7811.5400390625,2026-10-09,2026-10-10T10:11:13+00:00
2026-10-15,call,SPXW261015C07860000,7860.0,17.4,17.8,16.26,247.0,264.0,0.09256888885498046,2026-10-09 20:08:37+00:00,7811.5400390625,2026-10-09,2026-10-10T10:11:13+00:00
2026-10-15,call,SPXW261015C07870000,7870.0,14.2,14.6,13.51,136.0,230.0,0.09137871520996094,2026-10-09 20:05:00+00:00,7811.5400390625,2026-10-09,2026-10-10T10:11:13+00:00
2026-10-15,call,SPXW261015C07875000,7875.0,12.9,13.2,11.84,133.0,697.0,0.09092858543395996,2026-10-09 20:10:02+00:00,7811.5400390625,2026-10-09,2026-10-10T10:11:13+00:00
2026-10-15,call,SPXW261015C07880000,7880.0,11.7,11.9,10.4,112.0,277.0,0.09049371429443359,2026-10-09 19:58:25+00:00,7811.5400390625,2026-10-09,2026-10-10T10:11:13+00:00
2026-10-15,call,SPXW261015C07890000,7890.0,9.3,9.6,8.8,296.0,487.0,0.0897078945159912,2026-10-09 20:02:27+00:00,7811.5400390625,2026-10-09,2026-10-10T10:11:13+00:00
2026-10-15,call,SPXW261015C07900000,7900.0,7.4,7.7,6.8,359.0,637.0,0.0891662129211426,2026-10-09 20:05:55+00:00,7811.5400390625,2026-10-09,2026-10-10T10:11:13+00:00
2026-10-15,call,SPXW261015C07910000,7910.0,5.8,6.1,5.34,112.0,356.0,0.08861690200805664,2026-10-09 20:07:27+00:00,7811.5400390625,2026-10-09,2026-10-10T10:11:13+00:00
2026-10-15,call,SPXW261015C07920000,7920.0,4.5,4.8,3.9,418.0,1866.0,0.0882201774597168,2026-10-09 19:59:02+00:00,7811.5400390625,2026-10-09,2026-10-10T10:11:13+00:00
2026-10-15,call,SPXW261015C07925000,7925.0,3.9,4.2,3.7,180.0,1311.0,0.08780819427490236,2026-10-09 20:14:37+00:00,7811.5400390625,2026-10-09,2026-10-10T10:11:13+00:00
2026-10-15,call,SPXW261015C07930000,7930.0,3.4,3.7,2.9,215.0,292.0,0.08763271995544433,2026-10-09 19:59:41+00:00,7811.5400390625,2026-10-09,2026-10-10T10:11:13+00:00
2026-10-15,call,SPXW261015C07940000,7940.0,2.65,2.85,2.35,395.0,1198.0,0.08731991790771486,2026-10-09 20:00:03+00:00,7811.5400390625,2026-10-09,2026-10-10T10:11:13+00:00
2026-10-15,call,SPXW261015C07950000,7950.0,2.0,2.2,1.87,753.0,908.0,0.08728940063476565,2026-10-09 20:01:43+00:00,7811.5400390625,2026-10-09,2026-10-10T10:11:13+00:00
2026-10-15,call,SPXW261015C07955000,7955.0,1.45,1.55,1.3,,,0.08356629333496096,2026-10-08 20:09:50+00:00,7811.5400390625,2026-10-09,2026-10-10T10:11:13+00:00
2026-10-15,call,SPXW261015C07975000,7975.0,0.95,1.15,0.9,190.0,320.0,0.08783871154785157,2026-10-09 20:04:59+00:00,7811.5400390625,2026-10-09,2026-10-10T10:11:13+00:00
2026-10-15,call,SPXW261015C07980000,7980.0,,0.95,0.7,,,0.08713681427001954,2026-10-08 20:09:50+00:00,7811.5400390625,2026-10-09,2026-10-10T10:11:13+00:00
2026-10-15,call,SPXW261015C08000000,8000.0,0.5,0.65,0.45,137.0,1245.0,0.09003595520019532,2026-10-09 19:59:26+00:00,7811.5400390625,2026-10-09,2026-10-10T10:11:13+00:00
2026-10-15,call,SPXW261015C08025000,8025.0,0.3,0.45,0.3,73.0,504.0,0.09491871887207033,2026-10-09 20:00:15+00:00,7811.5400390625,2026-10-09,2026-10-10T10:11:13+00:00
2026-10-15,call,SPXW261015C08050000,8050.0,0.2,0.3,0.2,194.0,383.0,0.09900803344726564,2026-10-09 20:05:18+00:00,7811.5400390625,2026-10-09,2026-10-10T10:11:13+00:00
2026-10-15,call,SPXW261015C08075000,8075.0,0.15,0.25,0.25,4.0,372.0,0.10553872985839843,2026-10-09 19:26:13+00:00,7811.5400390625,2026-10-09,2026-10-10T10:11:13+00:00
2026-10-15,call,SPXW261015C08100000,8100.0,0.1,0.25,0.15,7.0,196.0,0.11414460083007813,2026-10-09 18:35:04+00:00,7811.5400390625,2026-10-09,2026-10-10T10:11:13+00:00
2026-10-15,call,SPXW261015C08125000,8125.0,0.1,0.2,0.16,45.0,41.0,0.11963770996093749,2026-10-09 18:56:35+00:00,7811.5400390625,2026-10-09,2026-10-10T10:11:13+00:00
2026-10-15,call,SPXW261015C08150000,8150.0,0.1,0.2,0.2,1.0,60.0,0.127938408203125,2026-10-08 15:23:53+00:00,7811.5400390625,2026-10-09,2026-10-10T10:11:13+00:00
2026-10-15,call,SPXW261015C08175000,8175.0,0.1,0.2,0.15,50.0,49.0,0.13611703735351563,2026-10-09 19:45:04+00:00,7811.5400390625,2026-10-09,2026-10-10T10:11:13+00:00
2026-10-15,call,SPXW261015C08200000,8200.0,0.05,0.2,0.15,27.0,18.0,0.14417359741210936,2026-10-09 20:05:16+00:00,7811.5400390625,2026-10-09,2026-10-10T10:11:13+00:00
2026-10-15,call,SPXW261015C08225000,8225.0,0.05,0.2,0.13,3.0,8.0,0.15223015747070315,2026-10-09 20:04:38+00:00,7811.5400390625,2026-10-09,2026-10-10T10:11:13+00:00
2026-10-15,call,SPXW261015C08300000,8300.0,0.05,0.15,0.17,3.0,15.0,0.17090672851562502,2026-10-07 16:13:36+00:00,7811.5400390625,2026-10-09,2026-10-10T10:11:13+00:00
2026-10-15,call,SPXW261015C08400000,8400.0,0.05,0.15,0.15,10.0,117.0,0.20117986328124998,2026-10-07 13:45:49+00:00,7811.5400390625,2026-10-09,2026-10-10T10:11:13+00:00
2026-10-15,call,SPXW261015C08500000,8500.0,0.0,0.15,0.12,1.0,2.0,0.2304764453125,2026-10-05 15:50:19+00:00,7811.5400390625,2026-10-09,2026-10-10T10:11:13+00:00
2026-10-15,call,SPXW261015C08600000,8600.0,0.0,0.1,0.3,1.0,15.0,0.2500075,2026-09-25 17:18:15+00:00,7811.5400390625,2026-10-09,2026-10-10T10:11:13+00:00
2026-10-15,call,SPXW261015C09000000,9000.0,0.0,0.1,0.1,,1.0,0.35547519531249994,2026-09-15 19:28:40+00:00,7811.5400390625,2026-10-09,2026-10-10T10:11:13+00:00
2026-10-15,call,SPXW261015C09200000,9200.0,0.0,0.1,0.1,1.0,2.0,0.4057676611328125,2026-09-22 14:00:38+00:00,7811.5400390625,2026-10-09,2026-10-10T10:11:13+00:00
2026-10-15,call,SPXW261015C09400000,9400.0,0.0,0.05,0.05,,1.0,0.43164630859375,2026-09-15 14:21:13+00:00,7811.5400390625,2026-10-09,2026-10-10T10:11:13+00:00
2026-10-15,put,SPXW261015P03200000,3200.0,0.0,0.05,0.05,,15.0,1.859375703125,2026-09-17 17:21:36+00:00,7811.5400390625,2026-10-09,2026-10-10T10:11:13+00:00
2026-10-15,put,SPXW261015P03400000,3400.0,0.0,0.05,0.15,,1.0,1.734376328125,2026-09-15 14:46:49+00:00,7811.5400390625,2026-10-09,2026-10-10T10:11:13+00:00
2026-10-15,put,SPXW261015P03600000,3600.0,0.0,0.05,0.1,,95.0,1.6171894140625,2026-09-16 13:45:14+00:00,7811.5400390625,2026-10-09,2026-10-10T10:11:13+00:00
2026-10-15,put,SPXW261015P04000000,4000.0,0.0,0.05,0.3,,11.0,1.40625296875,2026-09-15 16:50:50+00:00,7811.5400390625,2026-10-09,2026-10-10T10:11:13+00:00
2026-10-15,put,SPXW261015P04200000,4200.0,0.0,0.05,0.1,12.0,14.0,1.3085972070312497,2026-09-23 16:48:33+00:00,7811.5400390625,2026-10-09,2026-10-10T10:11:13+00:00
2026-10-15,put,SPXW261015P04400000,4400.0,0.0,0.05,0.05,1.0,5.0,1.2148476757812499,2026-09-30 19:52:04+00:00,7811.5400390625,2026-10-09,2026-10-10T10:11:13+00:00
2026-10-15,put,SPXW261015P04600000,4600.0,0.0,0.05,0.1,2.0,78.0,1.125004375,2026-09-30 13:54:27+00:00,7811.5400390625,2026-10-09,2026-10-10T10:11:13+00:00
2026-10-15,put,SPXW261015P04800000,4800.0,0.0,0.05,0.5,,8.0,1.0390673046875003,2026-09-17 14:47:38+00:00,7811.5400390625,2026-10-09,2026-10-10T10:11:13+00:00
2026-10-15,put,SPXW261015P05000000,5000.0,0.0,0.05,0.05,5.0,142.0,0.9531254687499999,2026-10-08 16:08:23+00:00,7811.5400390625,2026-10-09,2026-10-10T10:11:13+00:00
2026-10-15,put,SPXW261015P05200000,5200.0,0.0,0.1,0.05,801.0,1673.0,0.9160164648437501,2026-10-08 20:09:18+00:00,7811.5400390625,2026-10-09,2026-10-10T10:11:13+00:00
2026-10-15,put,SPXW261015P05400000,5400.0,0.0,0.1,0.05,26.0,2948.0,0.8359391406249999,2026-10-09 20:13:45+00:00,7811.5400390625,2026-10-09,2026-10-10T10:11:13+00:00
2026-10-15,put,SPXW261015P05600000,5600.0,0.0,0.1,0.05,1473.0,1188.0,0.7578149218750001,2026-10-09 20:01:37+00:00,7811.5400390625,2026-10-09,2026-10-10T10:11:13+00:00
2026-10-15,put,SPXW261015P05800000,5800.0,0.0,0.15,0.05,147.0,1247.0,0.702151416015625,2026-10-09 19:34:17+00:00,7811.5400390625,2026-10-09,2026-10-10T10:11:13+00:00
2026-10-15,put,SPXW261015P06000000,6000.0,0.05,0.15,0.06,10.0,1236.0,0.64062859375,2026-10-09 16:56:42+00:00,7811.5400390625,2026-10-09,2026-10-10T10:11:13+00:00
2026-10-15,put,SPXW261015P06100000,6100.0,0.05,0.15,0.1,10.0,280.0,0.6035195898437502,2026-10-09 18:14:27+00:00,7811.5400390625,2026-10-09,2026-10-10T10:11:13+00:00
2026-10-15,put,SPXW261015P06200000,6200.0,0.05,0.2,0.1,132.0,334.0,0.57617611328125,2026-10-09 17:48:28+00:00,7811.5400390625,2026-10-09,2026-10-10T10:11:13+00:00
2026-10-15,put,SPXW261015P06300000,6300.0,0.1,0.2,0.15,20.0,216.0,0.5473678076171876,2026-10-07 19:27:52+00:00,7811.5400390625,2026-10-09,2026-10-10T10:11:13+00:00
2026-10-15,put,SPXW261015P06400000,6400.0,0.1,0.2,0.15,274.0,3299.0,0.5102588037109376,2026-10-09 18:47:11+00:00,7811.5400390625,2026-10-09,2026-10-10T10:11:13+00:00
2026-10-15,put,SPXW261015P06500000,6500.0,0.1,0.25,0.2,62.0,293.0,0.4953663745117188,2026-10-09 20:02:12+00:00,7811.5400390625,2026-10-09,2026-10-10T10:11:13+00:00
2026-10-15,put,SPXW261015P06525000,6525.0,0.15,0.25,0.3,11.0,18.0,0.4858449853515625,2026-10-08 19:58:21+00:00,7811.5400390625,2026-10-09,2026-10-10T10:11:13+00:00
2026-10-15,put,SPXW261015P06550000,6550.0,0.15,0.25,0.2,69.0,31.0,0.47632359619140624,2026-10-09 20:02:12+00:00,7811.5400390625,2026-10-09,2026-10-10T10:11:13+00:00
2026-10-15,put,SPXW261015P06575000,6575.0,0.15,0.25,0.2,251.0,49.0,0.46680220703125,2026-10-09 19:56:43+00:00,7811.5400390625,2026-10-09,2026-10-10T10:11:13+00:00
2026-10-15,put,SPXW261015P06600000,6600.0,0.15,0.25,0.2,101.0,260.0,0.45752495605468757,2026-10-09 17:25:26+00:00,7811.5400390625,2026-10-09,2026-10-10T10:11:13+00:00
2026-10-15,put,SPXW261015P06650000,6650.0,0.15,0.3,0.2,78.0,212.0,0.446294599609375,2026-10-08 19:43:32+00:00,7811.5400390625,2026-10-09,2026-10-10T10:11:13+00:00
2026-10-15,put,SPXW261015P06675000,6675.0,0.15,0.3,0.3,629.0,218.0,0.43677321044921874,2026-10-08 19:59:44+00:00,7811.5400390625,2026-10-09,2026-10-10T10:11:13+00:00
2026-10-15,put,SPXW261015P06700000,6700.0,0.2,0.3,0.35,53.0,178.0,0.4272518212890626,2026-10-08 19:16:22+00:00,7811.5400390625,2026-10-09,2026-10-10T10:11:13+00:00
2026-10-15,put,SPXW261015P06725000,6725.0,0.2,0.3,0.25,111.0,119.0,0.41797457031249996,2026-10-09 19:46:22+00:00,7811.5400390625,2026-10-09,2026-10-10T10:11:13+00:00
2026-10-15,put,SPXW261015P06750000,6750.0,0.2,0.3,0.25,599.0,225.0,0.40845318115234375,2026-10-09 19:50:54+00:00,7811.5400390625,2026-10-09,2026-10-10T10:11:13+00:00
2026-10-15,put,SPXW261015P06775000,6775.0,0.2,0.35,0.25,107.0,30.0,0.4050352465820312,2026-10-09 19:33:47+00:00,7811.5400390625,2026-10-09,2026-10-10T10:11:13+00:00
2026-10-15,put,SPXW261015P06800000,6800.0,0.2,0.35,0.25,131.0,82.0,0.39551385742187506,2026-10-09 19:35:10+00:00,7811.5400390625,2026-10-09,2026-10-10T10:11:13+00:00
2026-10-15,put,SPXW261015P06825000,6825.0,0.25,0.35,0.44,185.0,111.0,0.3859924682617187,2026-10-08 19:58:03+00:00,7811.5400390625,2026-10-09,2026-10-10T10:11:13+00:00
2026-10-15,put,SPXW261015P06850000,6850.0,0.25,0.35,0.28,48.0,71.0,0.3765931481933594,2026-10-09 19:37:58+00:00,7811.5400390625,2026-10-09,2026-10-10T10:11:13+00:00
2026-10-15,put,SPXW261015P06875000,6875.0,0.25,0.4,0.3,154.0,108.0,0.372076591796875,2026-10-09 19:42:33+00:00,7811.5400390625,2026-10-09,2026-10-10T10:11:13+00:00
2026-10-15,put,SPXW261015P06900000,6900.0,0.3,0.4,0.3,104.0,515.0,0.36255520263671875,2026-10-09 19:33:35+00:00,7811.5400390625,2026-10-09,2026-10-10T10:11:13+00:00
2026-10-15,put,SPXW261015P06925000,6925.0,0.3,0.4,0.3,63.0,156.0,0.3530338134765625,2026-10-09 17:04:54+00:00,7811.5400390625,2026-10-09,2026-10-10T10:11:13+00:00
2026-10-15,put,SPXW261015P06950000,6950.0,0.3,0.45,0.3,13.0,209.0,0.34778484252929687,2026-10-09 16:17:16+00:00,7811.5400390625,2026-10-09,2026-10-10T10:11:13+00:00
2026-10-15,put,SPXW261015P06975000,6975.0,0.35,0.45,0.6,660.0,292.0,0.33814138427734375,2026-10-08 19:59:44+00:00,7811.5400390625,2026-10-09,2026-10-10T10:11:13+00:00
2026-10-15,put,SPXW261015P07000000,7000.0,0.35,0.5,0.4,1.0,235.0,0.33228206787109377,2026-10-09 17:09:06+00:00,7811.5400390625,2026-10-09,2026-10-10T10:11:13+00:00
2026-10-15,put,SPXW261015P07025000,7025.0,0.4,0.5,0.5,7.0,435.0,0.32263860961914054,2026-10-09 20:12:48+00:00,7811.5400390625,2026-10-09,2026-10-10T10:11:13+00:00
2026-10-15,put,SPXW261015P07050000,7050.0,0.4,0.55,0.4,2.0,782.0,0.31629101684570304,2026-10-09 19:30:23+00:00,7811.5400390625,2026-10-09,2026-10-10T10:11:13+00:00
2026-10-15,put,SPXW261015P07075000,7075.0,0.4,0.55,0.5,16.0,487.0,0.30652548950195313,2026-10-09 15:11:01+00:00,7811.5400390625,2026-10-09,2026-10-10T10:11:13+00:00
2026-10-15,put,SPXW261015P07100000,7100.0,0.45,0.6,0.45,40.0,250.0,0.29968962036132807,2026-10-09 19:26:05+00:00,7811.5400390625,2026-10-09,2026-10-10T10:11:13+00:00
2026-10-15,put,SPXW261015P07125000,7125.0,0.45,0.6,0.85,629.0,223.0,0.28992409301757804,2026-10-08 19:59:44+00:00,7811.5400390625,2026-10-09,2026-10-10T10:11:13+00:00
2026-10-15,put,SPXW261015P07150000,7150.0,0.5,0.65,0.5,1.0,285.0,0.2827220166015625,2026-10-09 19:54:09+00:00,7811.5400390625,2026-10-09,2026-10-10T10:11:13+00:00
2026-10-15,put,SPXW261015P07175000,7175.0,0.5,0.65,0.65,15.0,144.0,0.27283442016601556,2026-10-08 17:49:33+00:00,7811.5400390625,2026-10-09,2026-10-10T10:11:13+00:00
2026-10-15,put,SPXW261015P07200000,7200.0,0.55,0.7,0.6,11.0,925.0,0.2652661364746094,2026-10-09 20:04:02+00:00,7811.5400390625,2026-10-09,2026-10-10T10:11:13+00:00
2026-10-15,put,SPXW261015P07225000,7225.0,0.6,0.7,0.5,4.0,361.0,0.25525647094726567,2026-10-09 19:58:37+00:00,7811.5400390625,2026-10-09,2026-10-10T10:11:13+00:00
2026-10-15,put,SPXW261015P07250000,7250.0,0.6,0.75,0.65,1.0,96.0,0.2474440490722656,2026-10-09 16:20:08+00:00,7811.5400390625,2026-10-09,2026-10-10T10:11:13+00:00
2026-10-15,put,SPXW261015P07260000,7260.0,0.6,0.75,0.7,2.0,5.0,0.24341576904296874,2026-10-09 16:20:34+00:00,7811.5400390625,2026-10-09,2026-10-10T10:11:13+00:00
2026-10-15,put,SPXW261015P07270000,7270.0,0.65,0.75,1.1,2.0,2.0,0.23938748901367185,2026-10-08 19:47:28+00:00,7811.5400390625,2026-10-09,2026-10-10T10:11:13+00:00
2026-10-15,put,SPXW261015P07275000,7275.0,0.65,0.75,0.6,17.0,96.0,0.23731231445312498,2026-10-09 19:58:32+00:00,7811.5400390625,2026-10-09,2026-10-10T10:11:13+00:00
2026-10-15,put,SPXW261015P07290000,7290.0,0.65,0.8,1.2,198.0,102.0,0.2332229998779297,2026-10-08 19:58:36+00:00,7811.5400390625,2026-10-09,2026-10-10T10:11:13+00:00
2026-10-15,put,SPXW261015P07300000,7300.0,0.65,0.8,0.65,53.0,357.0,0.2291336853027344,2026-10-09 19:54:37+00:00,7811.5400390625,2026-10-09,2026-10-10T10:11:13+00:00
2026-10-15,put,SPXW261015P07310000,7310.0,0.7,0.8,1.3,13.0,21.0,0.22510540527343748,2026-10-08 19:47:00+00:00,7811.5400390625,2026-10-09,2026-10-10T10:11:13+00:00
2026-10-15,put,SPXW261015P07320000,7320.0,0.7,0.85,0.65,1.0,38.0,0.22278609252929685,2026-10-09 19:00:28+00:00,7811.5400390625,2026-10-09,2026-10-10T10:11:13+00:00
2026-10-15,put,SPXW261015P07325000,7325.0,0.7,0.85,0.85,26.0,312.0,0.22077195251464843,2026-10-09 20:06:44+00:00,7811.5400390625,2026-10-09,2026-10-10T10:11:13+00:00
2026-10-15,put,SPXW261015P07330000,7330.0,0.7,0.85,0.85,2.0,142.0,0.21869677795410153,2026-10-09 20:05:32+00:00,7811.5400390625,2026-10-09,2026-10-10T10:11:13+00:00
2026-10-15,put,SPXW261015P07340000,7340.0,0.75,0.85,0.7,2.0,112.0,0.21460746337890624,2026-10-09 19:00:06+00:00,7811.5400390625,2026-10-09,2026-10-10T10:11:13+00:00
2026-10-15,put,SPXW261015P07350000,7350.0,0.75,0.9,0.75,25.0,284.0,0.21210504699707028,2026-10-09 19:34:50+00:00,7811.5400390625,2026-10-09,2026-10-10T10:11:13+00:00
2026-10-15,put,SPXW261015P07360000,7360.0,0.75,0.9,0.7,1.0,56.0,0.20801573242187496,2026-10-09 19:00:28+00:00,7811.5400390625,2026-10-09,2026-10-10T10:11:13+00:00
2026-10-15,put,SPXW261015P07370000,7370.0,0.8,0.95,0.7,58.0,184.0,0.20539124694824218,2026-10-09 19:58:38+00:00,7811.5400390625,2026-10-09,2026-10-10T10:11:13+00:00
2026-10-15,put,SPXW261015P07375000,7375.0,0.8,0.95,0.7,79.0,280.0,0.20331607238769528,2026-10-09 19:58:39+00:00,7811.5400390625,2026-10-09,2026-10-10T10:11:13+00:00
2026-10-15,put,SPXW261015P07380000,7380.0,0.8,0.95,0.85,96.0,89.0,0.20124089782714843,2026-10-09 20:04:02+00:00,7811.5400390625,2026-10-09,2026-10-10T10:11:13+00:00
2026-10-15,put,SPXW261015P07390000,7390.0,0.8,0.95,0.8,1.0,2988.0,0.1970905487060547,2026-10-09 19:00:10+00:00,7811.5400390625,2026-10-09,2026-10-10T10:11:13+00:00
2026-10-15,put,SPXW261015P07395000,7395.0,0.85,1.0,0.8,18.0,10.0,0.19638865142822265,2026-10-09 19:00:28+00:00,7811.5400390625,2026-10-09,2026-10-10T10:11:13+00:00
2026-10-15,put,SPXW261015P07400000,7400.0,0.85,1.0,0.85,28.0,458.0,0.19428295959472658,2026-10-09 19:56:43+00:00,7811.5400390625,2026-10-09,2026-10-10T10:11:13+00:00
2026-10-15,put,SPXW261015P07405000,7405.0,0.85,1.0,0.8,1.0,154.0,0.1922077850341797,2026-10-09 19:00:28+00:00,7811.5400390625,2026-10-09,2026-10-10T10:11:13+00:00
2026-10-15,put,SPXW261015P07410000,7410.0,0.85,1.0,0.85,1.0,59.0,0.1901020932006836,2026-10-09 19:00:10+00:00,7811.5400390625,2026-10-09,2026-10-10T10:11:13+00:00
2026-10-15,put,SPXW261015P07415000,7415.0,0.9,1.05,0.85,1.0,3.0,0.18930864410400394,2026-10-09 19:00:28+00:00,7811.5400390625,2026-10-09,2026-10-10T10:11:13+00:00
2026-10-15,put,SPXW261015P07420000,7420.0,0.9,1.05,0.85,35.0,129.0,0.18720295227050782,2026-10-09 19:00:28+00:00,7811.5400390625,2026-10-09,2026-10-10T10:11:13+00:00
2026-10-15,put,SPXW261015P07425000,7425.0,0.9,1.05,0.83,12.0,226.0,0.18506674316406246,2026-10-09 20:00:35+00:00,7811.5400390625,2026-10-09,2026-10-10T10:11:13+00:00
2026-10-15,put,SPXW261015P07430000,7430.0,0.9,1.1,0.88,19.0,327.0,0.18421225952148437,2026-10-09 20:00:35+00:00,7811.5400390625,2026-10-09,2026-10-10T10:11:13+00:00
2026-10-15,put,SPXW261015P07435000,7435.0,0.95,1.1,0.9,1.0,82.0,0.18207605041503905,2026-10-09 19:00:28+00:00,7811.5400390625,2026-10-09,2026-10-10T10:11:13+00:00
2026-10-15,put,SPXW261015P07440000,7440.0,0.95,1.1,0.95,10.0,97.0,0.17993984130859375,2026-10-09 19:52:35+00:00,7811.5400390625,2026-10-09,2026-10-10T10:11:13+00:00
2026-10-15,put,SPXW261015P07445000,7445.0,0.95,1.1,0.95,1.0,137.0,0.17780363220214845,2026-10-09 19:00:28+00:00,7811.5400390625,2026-10-09,2026-10-10T10:11:13+00:00
2026-10-15,put,SPXW261015P07450000,7450.0,1.0,1.15,0.92,250.0,372.0,0.17682707946777343,2026-10-09 19:37:28+00:00,7811.5400390625,2026-10-09,2026-10-10T10:11:13+00:00
2026-10-15,put,SPXW261015P07455000,7455.0,1.0,1.15,0.9,4.0,83.0,0.17469087036132813,2026-10-09 19:56:13+00:00,7811.5400390625,2026-10-09,2026-10-10T10:11:13+00:00
2026-10-15,put,SPXW261015P07460000,7460.0,1.0,1.2,1.05,35.0,57.0,0.1736532830810547,2026-10-09 19:41:37+00:00,7811.5400390625,2026-10-09,2026-10-10T10:11:13+00:00
2026-10-15,put,SPXW261015P07465000,7465.0,1.05,1.2,1.0,4.0,28.0,0.17151707397460939,2026-10-09 19:12:49+00:00,7811.5400390625,2026-10-09,2026-10-10T10:11:13+00:00
2026-10-15,put,SPXW261015P07470000,7470.0,1.05,1.2,1.05,13.0,77.0,0.16935034759521483,2026-10-09 19:12:49+00:00,7811.5400390625,2026-10-09,2026-10-10T10:11:13+00:00
2026-10-15,put,SPXW261015P07475000,7475.0,1.1,1.25,1.05,50.0,390.0,0.1682212084960938,2026-10-09 19:12:48+00:00,7811.5400390625,2026-10-09,2026-10-10T10:11:13+00:00
2026-10-15,put,SPXW261015P07480000,7480.0,1.1,1.25,1.08,39.0,253.0,0.16605448211669926,2026-10-09 19:15:40+00:00,7811.5400390625,2026-10-09,2026-10-10T10:11:13+00:00
2026-10-15,put,SPXW261015P07485000,7485.0,1.1,1.3,1.12,26.0,179.0,0.1648643084716797,2026-10-09 19:15:13+00:00,7811.5400390625,2026-10-09,2026-10-10T10:11:13+00:00
2026-10-15,put,SPXW261015P07490000,7490.0,1.15,1.3,1.15,82.0,288.0,0.16266706481933596,2026-10-09 19:46:22+00:00,7811.5400390625,2026-10-09,2026-10-10T10:11:13+00:00
2026-10-15,put,SPXW261015P07495000,7495.0,1.15,1.35,1.1,29.0,176.0,0.16144637390136718,2026-10-09 19:59:30+00:00,7811.5400390625,2026-10-09,2026-10-10T10:11:13+00:00
2026-10-15,put,SPXW261015P07500000,7500.0,1.2,1.35,1.2,248.0,2782.0,0.15924913024902343,2026-10-09 19:58:02+00:00,7811.5400390625,2026-10-09,2026-10-10T10:11:13+00:00
2026-10-15,put,SPXW261015P07510000,7510.0,1.25,1.4,1.25,53.0,211.0,0.15570912658691405,2026-10-09 19:12:47+00:00,7811.5400390625,2026-10-09,2026-10-10T10:11:13+00:00
2026-10-15,put,SPXW261015P07515000,7515.0,1.3,1.45,1.25,6.0,75.0,0.15436636657714847,2026-10-09 19:13:00+00:00,7811.5400390625,2026-10-09,2026-10-10T10:11:13+00:00
2026-10-15,put,SPXW261015P07520000,7520.0,1.3,1.5,1.3,13.0,205.0,0.15299308929443362,2026-10-09 19:12:53+00:00,7811.5400390625,2026-10-09,2026-10-10T10:11:13+00:00
2026-10-15,put,SPXW261015P07525000,7525.0,1.35,1.5,1.49,22.0,445.0,0.15073481109619147,2026-10-09 20:12:57+00:00,7811.5400390625,2026-10-09,2026-10-10T10:11:13+00:00
2026-10-15,put,SPXW261015P07530000,7530.0,1.4,1.55,1.45,90.0,280.0,0.14930049926757813,2026-10-09 19:41:37+00:00,7811.5400390625,2026-10-09,2026-10-10T10:11:13+00:00
2026-10-15,put,SPXW261015P07535000,7535.0,1.45,1.6,1.45,32.0,186.0,0.14783567016601565,2026-10-09 19:57:51+00:00,7811.5400390625,2026-10-09,2026-10-10T10:11:13+00:00
2026-10-15,put,SPXW261015P07540000,7540.0,1.45,1.65,1.47,70.0,342.0,0.14630980651855469,2026-10-09 19:27:29+00:00,7811.5400390625,2026-10-09,2026-10-10T10:11:13+00:00
2026-10-15,put,SPXW261015P07545000,7545.0,1.5,1.7,1.53,26.0,96.0,0.14476868423461914,2026-10-09 19:22:54+00:00,7811.5400390625,2026-10-09,2026-10-10T10:11:13+00:00
2026-10-15,put,SPXW261015P07550000,7550.0,1.55,1.75,1.74,244.0,974.0,0.1431970446777344,2026-10-09 20:12:57+00:00,7811.5400390625,2026-10-09,2026-10-10T10:11:13+00:00
2026-10-15,put,SPXW261015P07555000,7555.0,1.6,1.8,1.7,78.0,185.0,0.1415796292114258,2026-10-09 20:02:37+00:00,7811.5400390625,2026-10-09,2026-10-10T10:11:13+00:00
2026-10-15,put,SPXW261015P07560000,7560.0,1.65,1.85,1.73,48.0,331.0,0.13993169647216797,2026-10-09 19:12:58+00:00,7811.5400390625,2026-10-09,2026-10-10T10:11:13+00:00
2026-10-15,put,SPXW261015P07565000,7565.0,1.75,1.9,1.75,134.0,177.0,0.13825324645996095,2026-10-09 19:59:40+00:00,7811.5400390625,2026-10-09,2026-10-10T10:11:13+00:00
2026-10-15,put,SPXW261015P07570000,7570.0,1.8,2.0,1.9,247.0,1911.0,0.1371851419067383,2026-10-09 20:02:37+00:00,7811.5400390625,2026-10-09,2026-10-10T10:11:13+00:00
2026-10-15,put,SPXW261015P07575000,7575.0,1.85,2.05,1.9,528.0,2173.0,0.13541514007568362,2026-10-09 19:59:40+00:00,7811.5400390625,2026-10-09,2026-10-10T10:11:13+00:00
2026-10-15,put,SPXW261015P07580000,7580.0,1.95,2.1,2.11,104.0,342.0,0.13364513824462892,2026-10-09 20:04:53+00:00,7811.5400390625,2026-10-09,2026-10-10T10:11:13+00:00
2026-10-15,put,SPXW261015P07585000,7585.0,2.0,2.2,2.05,159.0,314.0,0.13239393005371097,2026-10-09 19:59:40+00:00,7811.5400390625,2026-10-09,2026-10-10T10:11:13+00:00
2026-10-15,put,SPXW261015P07590000,7590.0,2.1,2.3,2.15,828.0,372.0,0.13109694595336913,2026-10-09 19:38:55+00:00,7811.5400390625,2026-10-09,2026-10-10T10:11:13+00:00
2026-10-15,put,SPXW261015P07595000,7595.0,2.2,2.4,2.25,118.0,456.0,0.12973892730712888,2026-10-09 19:45:19+00:00,7811.5400390625,2026-10-09,2026-10-10T10:11:13+00:00
2026-10-15,put,SPXW261015P07600000,7600.0,2.3,2.5,2.38,646.0,1546.0,0.12831987411499018,2026-10-09 20:00:47+00:00,7811.5400390625,2026-10-09,2026-10-10T10:11:13+00:00
2026-10-15,put,SPXW261015P07605000,7605.0,2.4,2.6,2.6,235.0,218.0,0.12683978637695312,2026-10-09 19:54:04+00:00,7811.5400390625,2026-10-09,2026-10-10T10:11:13+00:00
2026-10-15,put,SPXW261015P07610000,7610.0,2.5,2.7,2.7,109.0,122.0,0.1253139227294922,2026-10-09 19:47:22+00:00,7811.5400390625,2026-10-09,2026-10-10T10:11:13+00:00
2026-10-15,put,SPXW261015P07615000,7615.0,2.65,2.85,2.8,733.0,293.0,0.12418478363037111,2026-10-09 19:52:05+00:00,7811.5400390625,2026-10-09,2026-10-10T10:11:13+00:00
2026-10-15,put,SPXW261015P07620000,7620.0,2.75,2.95,2.95,650.0,421.0,0.1225368508911133,2026-10-09 19:52:05+00:00,7811.5400390625,2026-10-09,2026-10-10T10:11:13+00:00
2026-10-15,put,SPXW261015P07625000,7625.0,2.9,3.1,3.26,444.0,408.0,0.12125512542724609,2026-10-09 19:51:36+00:00,7811.5400390625,2026-10-09,2026-10-10T10:11:13+00:00
2026-10-15,put,SPXW261015P07630000,7630.0,3.0,3.3,3.2,143.0,131.0,0.1203090899658203,2026-10-09 20:04:08+00:00,7811.5400390625,2026-10-09,2026-10-10T10:11:13+00:00
2026-10-15,put,SPXW261015P07635000,7635.0,3.2,3.5,3.5,115.0,148.0,0.11925624404907226,2026-10-09 19:56:28+00:00,7811.5400390625,2026-10-09,2026-10-10T10:11:13+00:00
2026-10-15,put,SPXW261015P07640000,7640.0,3.4,3.7,3.68,142.0,373.0,0.11811184631347656,2026-10-09 20:13:10+00:00,7811.5400390625,2026-10-09,2026-10-10T10:11:13+00:00
2026-10-15,put,SPXW261015P07645000,7645.0,3.6,3.8,3.93,395.0,151.0,0.11615874084472656,2026-10-09 20:13:10+00:00,7811.5400390625,2026-10-09,2026-10-10T10:11:13+00:00
2026-10-15,put,SPXW261015P07650000,7650.0,3.8,4.1,4.1,620.0,454.0,0.1155331367492676,2026-10-09 20:13:00+00:00,7811.5400390625,2026-10-09,2026-10-10T10:11:13+00:00
2026-10-15,put,SPXW261015P07655000,7655.0,4.0,4.3,4.27,114.0,204.0,0.1141140835571289,2026-10-09 19:50:23+00:00,7811.5400390625,2026-10-09,2026-10-10T10:11:13+00:00
2026-10-15,put,SPXW261015P07660000,7660.0,4.3,4.5,4.64,152.0,258.0,0.11261873718261718,2026-10-09 19:41:58+00:00,7811.5400390625,2026-10-09,2026-10-10T10:11:13+00:00
2026-10-15,put,SPXW261015P07665000,7665.0,4.5,4.8,4.9,171.0,219.0,0.11164218444824218,2026-10-09 20:00:06+00:00,7811.5400390625,2026-10-09,2026-10-10T10:11:13+00:00
2026-10-15,put,SPXW261015P07670000,7670.0,4.8,5.1,5.22,3174.0,183.0,0.1105511919403076,2026-10-09 19:57:51+00:00,7811.5400390625,2026-10-09,2026-10-10T10:11:13+00:00
2026-10-15,put,SPXW261015P07675000,7675.0,5.1,5.4,5.5,166.0,449.0,0.10933813034057616,2026-10-09 20:04:06+00:00,7811.5400390625,2026-10-09,2026-10-10T10:11:13+00:00
2026-10-15,put,SPXW261015P07680000,7680.0,5.5,5.7,5.97,186.0,286.0,0.10801825828552244,2026-10-09 20:14:37+00:00,7811.5400390625,2026-10-09,2026-10-10T10:11:13+00:00
2026-10-15,put,SPXW261015P07685000,7685.0,5.8,6.1,6.5,97.0,156.0,0.10711036941528321,2026-10-09 19:51:46+00:00,7811.5400390625,2026-10-09,2026-10-10T10:11:13+00:00
2026-10-15,put,SPXW261015P07690000,7690.0,6.2,6.5,6.72,102.0,289.0,0.10604989418029784,2026-10-09 20:14:37+00:00,7811.5400390625,2026-10-09,2026-10-10T10:11:13+00:00
2026-10-15,put,SPXW261015P07695000,7695.0,6.6,6.9,7.21,268.0,626.0,0.10486734985351562,2026-10-09 20:07:31+00:00,7811.5400390625,2026-10-09,2026-10-10T10:11:13+00:00
2026-10-15,put,SPXW261015P07700000,7700.0,7.0,7.4,7.7,956.0,638.0,0.10399760757446289,2026-10-09 20:09:01+00:00,7811.5400390625,2026-10-09,2026-10-10T10:11:13+00:00
2026-10-15,put,SPXW261015P07705000,7705.0,7.5,7.8,8.2,68.0,200.0,0.10254803710937499,2026-10-09 20:11:53+00:00,7811.5400390625,2026-10-09,2026-10-10T10:11:13+00:00
2026-10-15,put,SPXW261015P07710000,7710.0,8.0,8.3,8.32,95.0,293.0,0.10138838073730468,2026-10-09 19:27:29+00:00,7811.5400390625,2026-10-09,2026-10-10T10:11:13+00:00
2026-10-15,put,SPXW261015P07715000,7715.0,8.6,8.9,9.2,102.0,660.0,0.10049575050354004,2026-10-09 20:08:09+00:00,7811.5400390625,2026-10-09,2026-10-10T10:11:13+00:00
2026-10-15,put,SPXW261015P07720000,7720.0,9.2,9.5,9.97,170.0,239.0,0.09943527526855468,2026-10-09 20:12:47+00:00,7811.5400390625,2026-10-09,2026-10-10T10:11:13+00:00
2026-10-15,put,SPXW261015P07725000,7725.0,9.8,10.2,10.51,634.0,309.0,0.09858842094421386,2026-10-09 20:01:43+00:00,7811.5400390625,2026-10-09,2026-10-10T10:11:13+00:00
2026-10-15,put,SPXW261015P07730000,7730.0,10.5,10.8,11.24,157.0,908.0,0.09719988502502441,2026-10-09 20:01:43+00:00,7811.5400390625,2026-10-09,2026-10-10T10:11:13+00:00
2026-10-15,put,SPXW261015P07735000,7735.0,11.2,11.6,12.2,83.0,106.0,0.0963530307006836,2026-10-09 20:11:53+00:00,7811.5400390625,2026-10-09,2026-10-10T10:11:13+00:00
2026-10-15,put,SPXW261015P07740000,7740.0,12.0,12.4,13.06,181.0,548.0,0.09531544342041016,2026-10-09 20:12:47+00:00,7811.5400390625,2026-10-09,2026-10-10T10:11:13+00:00
2026-10-15,put,SPXW261015P07745000,7745.0,12.9,13.3,13.9,113.0,156.0,0.09442281318664553,2026-10-09 20:14:31+00:00,7811.5400390625,2026-10-09,2026-10-10T10:11:13+00:00
2026-10-15,put,SPXW261015P07750000,7750.0,13.8,14.2,14.88,263.0,1545.0,0.09332800601959229,2026-10-09 20:12:34+00:00,7811.5400390625,2026-10-09,2026-10-10T10:11:13+00:00
2026-10-15,put,SPXW261015P07755000,7755.0,14.8,15.2,15.8,186.0,847.0,0.09234763862609863,2026-10-09 20:09:18+00:00,7811.5400390625,2026-10-09,2026-10-10T10:11:13+00:00
2026-10-15,put,SPXW261015P07760000,7760.0,15.9,16.3,16.7,126.0,482.0,0.09145119373321532,2026-10-09 20:02:49+00:00,7811.5400390625,2026-10-09,2026-10-10T10:11:13+00:00
2026-10-15,put,SPXW261015P07765000,7765.0,17.0,17.4,18.4,217.0,172.0,0.0903411279296875,2026-10-09 20:11:53+00:00,7811.5400390625,2026-10-09,2026-10-10T10:11:13+00:00
2026-10-15,put,SPXW261015P07770000,7770.0,18.2,18.6,20.25,157.0,146.0,0.08929591133117676,2026-10-09 19:59:50+00:00,7811.5400390625,2026-10-09,2026-10-10T10:11:13+00:00
2026-10-15,put,SPXW261015P07775000,7775.0,19.5,20.0,20.85,168.0,3127.0,0.08857494075775146,2026-10-09 20:09:23+00:00,7811.5400390625,2026-10-09,2026-10-10T10:11:13+00:00
2026-10-15,put,SPXW261015P07780000,7780.0,21.0,21.4,22.3,257.0,137.0,0.08760601734161376,2026-10-09 20:09:23+00:00,7811.5400390625,2026-10-09,2026-10-10T10:11:13+00:00
2026-10-15,put,SPXW261015P07785000,7785.0,22.5,22.9,25.02,350.0,463.0,0.08665616722106934,2026-10-09 19:54:29+00:00,7811.5400390625,2026-10-09,2026-10-10T10:11:13+00:00
2026-10-15,put,SPXW261015P07790000,7790.0,24.1,24.5,26.58,266.0,81.0,0.08571776107788087,2026-10-09 19:51:46+00:00,7811.5400390625,2026-10-09,2026-10-10T10:11:13+00:00
2026-10-15,put,SPXW261015P07795000,7795.0,25.8,26.2,27.63,283.0,25.0,0.0847717256164551,2026-10-09 20:10:00+00:00,7811.5400390625,2026-10-09,2026-10-10T10:11:13+00:00
2026-10-15,put,SPXW261015P07800000,7800.0,27.6,28.0,29.58,408.0,3204.0,0.08380280220031741,2026-10-09 20:10:00+00:00,7811.5400390625,2026-10-09,2026-10-10T10:11:13+00:00
2026-10-15,put,SPXW261015P07805000,7805.0,29.5,30.0,31.16,157.0,23.0,0.08306275833129886,2026-10-09 20:05:00+00:00,7811.5400390625,2026-10-09,2026-10-10T10:11:13+00:00
2026-10-15,put,SPXW261015P07810000,7810.0,31.6,32.1,33.73,204.0,13.0,0.08227693855285645,2026-10-09 20:07:36+00:00,7811.5400390625,2026-10-09,2026-10-10T10:11:13+00:00
2026-10-15,put,SPXW261015P07815000,7815.0,33.8,34.2,36.0,140.0,17.0,0.08118976070404053,2026-10-09 20:05:46+00:00,7811.5400390625,2026-10-09,2026-10-10T10:11:13+00:00
2026-10-15,put,SPXW261015P07820000,7820.0,36.1,36.5,39.12,135.0,24.0,0.08029713047027588,2026-10-09 19:53:33+00:00,7811.5400390625,2026-10-09,2026-10-10T10:11:13+00:00
2026-10-15,put,SPXW261015P07825000,7825.0,38.5,38.9,41.84,81.0,70.0,0.07933202171325685,2026-10-09 19:56:25+00:00,7811.5400390625,2026-10-09,2026-10-10T10:11:13+00:00
2026-10-15,put,SPXW261015P07830000,7830.0,41.0,41.5,43.61,31.0,72.0,0.0785423872756958,2026-10-09 20:11:15+00:00,7811.5400390625,2026-10-09,2026-10-10T10:11:13+00:00
2026-10-15,put,SPXW261015P07840000,7840.0,46.4,46.9,49.78,13.0,48.0,0.07643288078308108,2026-10-09 19:42:47+00:00,7811.5400390625,2026-10-09,2026-10-10T10:11:13+00:00
2026-10-15,put,SPXW261015P07850000,7850.0,52.3,52.8,56.5,6.0,65.0,0.07415552928924561,2026-10-09 19:05:56+00:00,7811.5400390625,2026-10-09,2026-10-10T10:11:13+00:00
2026-10-15,put,SPXW261015P07890000,7890.0,73.7,90.6,109.91,1.0,3.0,0.09867234344482423,2026-10-09 14:03:50+00:00,7811.5400390625,2026-10-09,2026-10-10T10:11:13+00:00
2026-10-15,put,SPXW261015P07900000,7900.0,81.9,98.7,87.83,6.0,5.0,0.09899277481079102,2026-10-09 18:50:57+00:00,7811.5400390625,2026-10-09,2026-10-10T10:11:13+00:00
2026-10-15,put,SPXW261015P07925000,7925.0,103.6,120.2,149.75,4.0,2.0,0.1007475180053711,2026-10-05 18:39:30+00:00,7811.5400390625,2026-10-09,2026-10-10T10:11:13+00:00
2026-10-15,put,SPXW261015P07940000,7940.0,117.4,133.9,181.08,2.0,5.0,0.10313549461364743,2026-10-08 18:34:22+00:00,7811.5400390625,2026-10-09,2026-10-10T10:11:13+00:00
2026-10-15,put,SPXW261015P08000000,8000.0,175.5,191.7,229.53,1.0,3.0,0.12058374542236328,2026-10-08 16:48:39+00:00,7811.5400390625,2026-10-09,2026-10-10T10:11:13+00:00
2026-10-15,put,SPXW261015P08025000,8025.0,200.2,219.1,326.8,,1.0,0.15059748336791995,2026-09-08 15:59:38+00:00,7811.5400390625,2026-10-09,2026-10-10T10:11:13+00:00
2026-10-16,call,SPX261016C00200000,200.0,7604.5,7628.5,7609.72,2.0,8483.0,11.309573244018555,2026-10-06 13:39:03+00:00,7811.5400390625,2026-10-09,2026-10-10T10:11:13+00:00
2026-10-16,call,SPX261016C00400000,400.0,7404.6,7428.6,7181.75,1.0,152.0,8.935795430755615,2026-09-15 17:11:04+00:00,7811.5400390625,2026-10-09,2026-10-10T10:11:13+00:00
2026-10-16,call,SPX261016C00600000,600.0,7204.8,7228.8,7075.68,2.0,162.0,7.662109797363281,2026-08-26 13:44:26+00:00,7811.5400390625,2026-10-09,2026-10-10T10:11:13+00:00
2026-10-16,call,SPX261016C00800000,800.0,7004.9,7028.9,6780.95,1.0,81.0,6.777833558959961,2026-09-15 17:06:33+00:00,7811.5400390625,2026-10-09,2026-10-10T10:11:13+00:00
2026-10-16,call,SPX261016C01000000,1000.0,6805.0,6829.0,6646.5,4.0,3850.0,6.108889082641601,2026-10-01 16:40:54+00:00,7811.5400390625,2026-10-09,2026-10-10T10:11:13+00:00
2026-10-16,call,SPX261016C01200000,1200.0,6605.2,6629.2,6564.43,5500.0,5508.0,5.583987395019531,2026-09-22 15:05:39+00:00,7811.5400390625,2026-10-09,2026-10-10T10:11:13+00:00
2026-10-16,call,SPX261016C01400000,1400.0,6405.3,6429.3,6228.4,2.0,183.0,5.134769206542969,2026-09-17 14:23:01+00:00,7811.5400390625,2026-10-09,2026-10-10T10:11:13+00:00
2026-10-16,call,SPX261016C01600000,1600.0,6205.4,6229.4,6030.17,2.0,162.0,4.749515781860351,2026-09-17 14:22:39+00:00,7811.5400390625,2026-10-09,2026-10-10T10:11:13+00:00
2026-10-16,call,SPX261016C01800000,1800.0,0.0,0.0,5679.52,8.0,0.0,1.0000000000000003e-05,2026-07-08 18:39:33+00:00,7811.5400390625,2026-10-09,2026-10-10T10:11:13+00:00
2026-10-16,call,SPX261016C02000000,2000.0,5805.7,5829.7,5735.34,2.0,3732.0,4.12036617767334,2026-10-05 13:42:41+00:00,7811.5400390625,2026-10-09,2026-10-10T10:11:13+00:00
2026-10-16,call,SPX261016C02200000,2200.0,5605.8,5629.8,5430.9,663.0,2866.0,3.8493656109619145,2026-09-18 18:08:28+00:00,7811.5400390625,2026-10-09,2026-10-10T10:11:13+00:00
2026-10-16,call,SPX261016C02600000,2600.0,4971.9,4995.9,4852.28,2.0,1.0,1.0000000000000003e-05,2026-06-12 15:05:06+00:00,7811.5400390625,2026-10-09,2026-10-10T10:11:13+00:00
2026-10-16,call,SPX261016C02700000,2700.0,5106.1,5130.1,4962.3,1.0,2.0,3.2727068963623047,2026-08-24 14:41:31+00:00,7811.5400390625,2026-10-09,2026-10-10T10:11:13+00:00
2026-10-16,call,SPX261016C02900000,2900.0,4906.3,4930.3,4772.97,,30.0,3.07641832458496,2026-08-25 15:52:29+00:00,7811.5400390625,2026-10-09,2026-10-10T10:11:13+00:00
2026-10-16,call,SPX261016C03000000,3000.0,4806.3,4830.3,4800.63,1.0,62.0,2.977419548645019,2026-10-07 18:01:24+00:00,7811.5400390625,2026-10-09,2026-10-10T10:11:13+00:00
2026-10-16,call,SPXW261016C03200000,3200.0,4222.1,4246.1,4231.57,,1.0,1.0000000000000003e-05,2026-06-23 16:27:25+00:00,7811.5400390625,2026-10-09,2026-10-10T10:11:13+00:00
2026-10-16,call,SPX261016C03400000,3400.0,4406.6,4430.6,4401.03,1.0,1.0,2.6273838026428225,2026-10-07 18:01:24+00:00,7811.5400390625,2026-10-09,2026-10-10T10:11:13+00:00
2026-10-16,call,SPXW261016C03600000,3600.0,4169.0,4190.0,4171.46,,0.0,1.0000000000000003e-05,2026-08-12 18:43:43+00:00,7811.5400390625,2026-10-09,2026-10-10T10:11:13+00:00
2026-10-16,call,SPX261016C03700000,3700.0,4106.8,4130.8,3959.38,,1.0,2.388553833312988,2026-09-01 15:14:44+00:00,7811.5400390625,2026-10-09,2026-10-10T10:11:13+00:00
2026-10-16,call,SPX261016C03800000,3800.0,4006.9,4030.9,3895.7,2.0,2.0,2.3143352688598626,2026-09-08 16:21:52+00:00,7811.5400390625,2026-10-09,2026-10-10T10:11:13+00:00
2026-10-16,call,SPX261016C03850000,3850.0,3956.9,3980.9,3790.0,,1.0,2.2758221815490716,2026-09-14 15:42:05+00:00,7811.5400390625,2026-10-09,2026-10-10T10:11:13+00:00
2026-10-16,call,SPX261016C04000000,4000.0,3807.0,3831.0,3633.35,6.0,22.0,2.167118840026855,2026-09-18 15:15:33+00:00,7811.5400390625,2026-10-09,2026-10-10T10:11:13+00:00
2026-10-16,call,SPXW261016C04100000,4100.0,3576.1,3584.1,3708.74,1.0,0.0,1.0000000000000003e-05,2026-08-13 18:00:52+00:00,7811.5400390625,2026-10-09,2026-10-10T10:11:13+00:00
2026-10-16,call,SPX261016C04350000,4350.0,0.0,0.0,3096.2,,0.0,1.0000000000000003e-05,2026-06-29 15:07:56+00:00,7811.5400390625,2026-10-09,2026-10-10T10:11:13+00:00
2026-10-16,call,SPX261016C04500000,4500.0,3307.3,3331.3,3174.8,1.0,8.0,1.8283089639282224,2026-08-24 14:41:31+00:00,7811.5400390625,2026-10-09,2026-10-10T10:11:13+00:00
2026-10-16,call,SPX261016C04650000,4650.0,3157.4,3181.4,2987.44,1.0,1.0,1.7333997705078126,2026-09-18 14:56:21+00:00,7811.5400390625,2026-10-09,2026-10-10T10:11:13+00:00
2026-10-16,call,SPXW261016C04700000,4700.0,3103.7,3127.7,2957.28,,51.0,1.5626242572021483,2026-09-17 19:54:03+00:00,7811.5400390625,2026-10-09,2026-10-10T10:11:13+00:00
2026-10-16,call,SPXW261016C04750000,4750.0,3053.8,3077.7,2907.22,,51.0,1.5354027136230468,2026-09-17 19:54:03+00:00,7811.5400390625,2026-10-09,2026-10-10T10:11:13+00:00
2026-10-16,call,SPX261016C04800000,4800.0,2664.2,2673.9,2331.0,,3.0,1.0000000000000003e-05,2026-04-16 16:36:19+00:00,7811.5400390625,2026-10-09,2026-10-10T10:11:13+00:00
2026-10-16,call,SPX261016C04875000,4875.0,2932.6,2956.6,2831.23,,34.0,1.5972920526123044,2026-09-08 15:08:43+00:00,7811.5400390625,2026-10-09,2026-10-10T10:11:13+00:00
2026-10-16,call,SPXW261016C04900000,4900.0,2903.9,2927.8,2766.74,1.0,2.0,1.4526394555664064,2026-09-29 17:34:07+00:00,7811.5400390625,2026-10-09,2026-10-10T10:11:13+00:00
2026-10-16,call,SPX261016C04975000,4975.0,2120.6,2125.7,2027.78,,20.0,1.0000000000000003e-05,2025-11-04 18:53:14+00:00,7811.5400390625,2026-10-09,2026-10-10T10:11:13+00:00
2026-10-16,call,SPX261016C05000000,5000.0,2807.7,2831.7,2829.14,95.0,1947.0,1.5234398828124998,2026-10-06 19:39:27+00:00,7811.5400390625,2026-10-09,2026-10-10T10:11:13+00:00
2026-10-16,call,SPX261016C05025000,5025.0,2446.0,2455.3,2208.49,,1.0,1.0000000000000003e-05,2026-04-21 13:57:36+00:00,7811.5400390625,2026-10-09,2026-10-10T10:11:13+00:00
2026-10-16,call,SPX261016C05050000,5050.0,2726.6,2765.5,2783.25,,0.0,1.3529085089111328,2026-08-13 14:14:59+00:00,7811.5400390625,2026-10-09,2026-10-10T10:11:13+00:00
2026-10-16,call,SPX261016C05100000,5100.0,2614.4,2638.4,2373.4,4.0,5.0,1.0000000000000003e-05,2026-07-31 15:42:59+00:00,7811.5400390625,2026-10-09,2026-10-10T10:11:13+00:00
2026-10-16,call,SPXW261016C05150000,5150.0,2654.0,2678.0,2496.12,2.0,2.0,1.3181186437988281,2026-09-18 13:52:56+00:00,7811.5400390625,2026-10-09,2026-10-10T10:11:13+00:00
2026-10-16,call,SPX261016C05200000,5200.0,0.0,0.0,2331.85,1.0,0.0,1.0000000000000003e-05,2026-07-20 14:05:45+00:00,7811.5400390625,2026-10-09,2026-10-10T10:11:13+00:00
2026-10-16,call,SPXW261016C05250000,5250.0,2554.1,2578.1,2527.02,1.0,10.0,1.2672155780029295,2026-10-07 14:05:30+00:00,7811.5400390625,2026-10-09,2026-10-10T10:11:13+00:00
2026-10-16,call,SPX261016C05275000,5275.0,1828.6,1834.6,1721.51,,1.0,1.0000000000000003e-05,2025-12-16 15:41:27+00:00,7811.5400390625,2026-10-09,2026-10-10T10:11:13+00:00
2026-10-16,call,SPXW261016C05300000,5300.0,2504.2,2528.1,2447.39,1.0,5.0,1.2419471496582029,2026-10-02 14:56:14+00:00,7811.5400390625,2026-10-09,2026-10-10T10:11:13+00:00
2026-10-16,call,SPX261016C05350000,5350.0,2132.2,2141.1,1896.56,,1.0,1.0000000000000003e-05,2026-04-22 17:33:13+00:00,7811.5400390625,2026-10-09,2026-10-10T10:11:13+00:00
2026-10-16,call,SPX261016C05375000,5375.0,2432.9,2456.9,2197.91,,3.0,1.3078037539672849,2026-09-16 20:03:57+00:00,7811.5400390625,2026-10-09,2026-10-10T10:11:13+00:00
2026-10-16,call,SPX261016C05400000,5400.0,2408.0,2432.0,2330.32,22.0,360.0,1.2959019580078124,2026-09-25 15:58:10+00:00,7811.5400390625,2026-10-09,2026-10-10T10:11:13+00:00
2026-10-16,call,SPXW261016C05500000,5500.0,2304.3,2328.3,2130.22,40.0,0.0,1.1405682620239257,2026-10-01 15:08:08+00:00,7811.5400390625,2026-10-09,2026-10-10T10:11:13+00:00
2026-10-16,call,SPX261016C05525000,5525.0,1722.5,1745.8,1406.6,3.0,5.0,1.0000000000000003e-05,2026-03-12 13:41:08+00:00,7811.5400390625,2026-10-09,2026-10-10T10:11:13+00:00
2026-10-16,call,SPXW261016C05550000,5550.0,2254.3,2278.3,2115.06,3.0,4.0,1.114384310913086,2026-09-09 17:56:53+00:00,7811.5400390625,2026-10-09,2026-10-10T10:11:13+00:00
2026-10-16,call,SPX261016C05575000,5575.0,2142.7,2166.7,1885.68,4.0,65.0,1.0000000000000003e-05,2026-07-27 15:27:09+00:00,7811.5400390625,2026-10-09,2026-10-10T10:11:13+00:00
2026-10-16,call,SPXW261016C05600000,5600.0,2204.4,2228.4,2232.78,,2.0,1.0915572766113284,2026-10-06 14:18:48+00:00,7811.5400390625,2026-10-09,2026-10-10T10:11:13+00:00
2026-10-16,call,SPX261016C05625000,5625.0,2183.1,2207.1,2031.7,1.0,1.0,1.1717875883483886,2026-09-17 19:42:28+00:00,7811.5400390625,2026-10-09,2026-10-10T10:11:13+00:00
2026-10-16,call,SPX261016C05650000,5650.0,2040.1,2050.2,1815.53,2.0,0.0,1.0000000000000003e-05,2026-07-24 18:56:36+00:00,7811.5400390625,2026-10-09,2026-10-10T10:11:13+00:00
2026-10-16,call,SPX261016C05675000,5675.0,1880.8,1892.8,1994.28,1.0,0.0,1.0000000000000003e-05,2026-05-29 17:49:17+00:00,7811.5400390625,2026-10-09,2026-10-10T10:11:13+00:00
2026-10-16,call,SPX261016C05700000,5700.0,1780.5,1789.5,1136.38,,0.0,1.0000000000000003e-05,2026-03-23 18:07:44+00:00,7811.5400390625,2026-10-09,2026-10-10T10:11:13+00:00
2026-10-16,call,SPXW261016C05750000,5750.0,2054.5,2078.5,1898.78,1.0,3.0,1.0174609674072266,2026-09-18 13:53:58+00:00,7811.5400390625,2026-10-09,2026-10-10T10:11:13+00:00
2026-10-16,call,SPX261016C05775000,5775.0,1726.6,1734.8,1542.94,1.0,1.0,1.0000000000000003e-05,2026-04-27 19:57:18+00:00,7811.5400390625,2026-10-09,2026-10-10T10:11:13+00:00
2026-10-16,call,SPXW261016C05800000,5800.0,2004.5,2028.5,2033.25,1.0,3.0,0.9920655090332031,2026-10-06 14:19:32+00:00,7811.5400390625,2026-10-09,2026-10-10T10:11:13+00:00
2026-10-16,call,SPX261016C05825000,5825.0,0.0,0.0,1722.73,,0.0,1.0000000000000003e-05,2026-07-21 15:04:53+00:00,7811.5400390625,2026-10-09,2026-10-10T10:11:13+00:00
2026-10-16,call,SPX261016C05850000,5850.0,1195.1,1201.0,1134.8,,1.0,1.0000000000000003e-05,2025-10-10 19:10:14+00:00,7811.5400390625,2026-10-09,2026-10-10T10:11:13+00:00
2026-10-16,call,SPXW261016C05900000,5900.0,1779.8,1787.8,1800.83,1.0,0.0,1.0000000000000003e-05,2026-08-20 18:02:31+00:00,7811.5400390625,2026-10-09,2026-10-10T10:11:13+00:00
2026-10-16,call,SPX261016C05925000,5925.0,1597.0,1601.2,1098.0,1.0,3.0,1.0000000000000003e-05,2026-04-09 16:39:15+00:00,7811.5400390625,2026-10-09,2026-10-10T10:11:13+00:00
2026-10-16,call,SPXW261016C05950000,5950.0,1854.7,1878.7,1662.6,,1.0,0.9221199194335938,2026-09-15 20:08:32+00:00,7811.5400390625,2026-10-09,2026-10-10T10:11:13+00:00
2026-10-16,call,SPX261016C05975000,5975.0,1540.4,1545.7,1294.68,1.0,3.0,1.0000000000000003e-05,2026-04-21 15:46:30+00:00,7811.5400390625,2026-10-09,2026-10-10T10:11:13+00:00
2026-10-16,call,SPXW261016C06000000,6000.0,1818.8,1821.5,1643.96,88.0,802.0,0.9703982452392577,2026-10-01 14:14:01+00:00,7811.5400390625,2026-10-09,2026-10-10T10:11:13+00:00
2026-10-16,call,SPX261016C06025000,6025.0,1783.4,1807.4,1616.4,1.0,58.0,0.9617008224487303,2026-09-14 15:36:19+00:00,7811.5400390625,2026-10-09,2026-10-10T10:11:13+00:00
2026-10-16,call,SPX261016C06050000,6050.0,1758.5,1782.5,1677.89,5.0,27.0,0.9502568450927733,2026-10-02 18:33:03+00:00,7811.5400390625,2026-10-09,2026-10-10T10:11:13+00:00
2026-10-16,call,SPX261016C06075000,6075.0,1233.5,1237.4,949.28,5.0,5.0,1.0000000000000003e-05,2026-03-12 13:40:45+00:00,7811.5400390625,2026-10-09,2026-10-10T10:11:13+00:00
2026-10-16,call,SPX261016C06100000,6100.0,1708.5,1732.5,1646.05,1.0,49.0,0.9239814730834962,2026-09-25 19:31:11+00:00,7811.5400390625,2026-10-09,2026-10-10T10:11:13+00:00
2026-10-16,call,SPX261016C06125000,6125.0,1655.8,1692.1,1594.6,2.0,0.0,0.8450332879638671,2026-08-21 17:01:41+00:00,7811.5400390625,2026-10-09,2026-10-10T10:11:13+00:00
2026-10-16,call,SPXW261016C06130000,6130.0,1674.8,1698.8,1556.8,1.0,1.0,0.8356339678955076,2026-10-01 13:30:23+00:00,7811.5400390625,2026-10-09,2026-10-10T10:11:13+00:00
2026-10-16,call,SPX261016C06140000,6140.0,1668.5,1692.5,1558.32,,1.0,0.903046623840332,2026-09-02 18:06:45+00:00,7811.5400390625,2026-10-09,2026-10-10T10:11:13+00:00
2026-10-16,call,SPX261016C06150000,6150.0,1658.5,1682.5,1634.85,1.0,50.0,0.8978281701660156,2026-10-09 13:44:56+00:00,7811.5400390625,2026-10-09,2026-10-10T10:11:13+00:00
2026-10-16,call,SPX261016C06160000,6160.0,1575.8,1637.8,1560.22,2.0,0.0,1.0000000000000003e-05,2026-08-21 17:01:31+00:00,7811.5400390625,2026-10-09,2026-10-10T10:11:13+00:00
2026-10-16,call,SPX261016C06170000,6170.0,1638.6,1662.6,1536.59,1.0,1.0,0.8890391955566406,2026-08-31 15:13:10+00:00,7811.5400390625,2026-10-09,2026-10-10T10:11:13+00:00
2026-10-16,call,SPXW261016C06175000,6175.0,1629.9,1653.8,1468.55,80.0,80.0,0.8147906704711915,2026-09-18 14:12:06+00:00,7811.5400390625,2026-10-09,2026-10-10T10:11:13+00:00
2026-10-16,call,SPX261016C06180000,6180.0,1629.9,1637.4,1539.89,4.0,0.0,0.7161893615722656,2026-08-21 16:37:28+00:00,7811.5400390625,2026-10-09,2026-10-10T10:11:13+00:00
2026-10-16,call,SPX261016C06190000,6190.0,1618.6,1642.6,1481.31,1.0,2.0,0.878632805480957,2026-09-09 18:47:07+00:00,7811.5400390625,2026-10-09,2026-10-10T10:11:13+00:00
2026-10-16,call,SPXW261016C06200000,6200.0,1604.9,1628.9,1577.21,4.0,15.0,0.8037434176635742,2026-10-05 16:47:12+00:00,7811.5400390625,2026-10-09,2026-10-10T10:11:13+00:00
2026-10-16,call,SPX261016C06210000,6210.0,1598.6,1622.6,1505.96,1.0,7.0,0.8682264154052735,2026-09-08 18:46:55+00:00,7811.5400390625,2026-10-09,2026-10-10T10:11:13+00:00
2026-10-16,call,SPX261016C06220000,6220.0,1588.6,1612.6,1494.23,,1.0,0.8630384790039063,2026-09-08 18:36:43+00:00,7811.5400390625,2026-10-09,2026-10-10T10:11:13+00:00
2026-10-16,call,SPXW261016C06225000,6225.0,1579.9,1603.9,1434.51,,12.0,0.7915670257568359,2026-09-17 17:08:55+00:00,7811.5400390625,2026-10-09,2026-10-10T10:11:13+00:00
2026-10-16,call,SPX261016C06230000,6230.0,1506.5,1587.3,1490.86,5.0,0.0,0.7977925494384766,2026-08-21 17:03:48+00:00,7811.5400390625,2026-10-09,2026-10-10T10:11:13+00:00
2026-10-16,call,SPXW261016C06240000,6240.0,1564.9,1588.9,1400.53,,29.0,0.784303914794922,2026-09-16 16:15:19+00:00,7811.5400390625,2026-10-09,2026-10-10T10:11:13+00:00
2026-10-16,call,SPXW261016C06250000,6250.0,1554.9,1578.9,1465.42,2.0,5.0,0.7794516683959961,2026-10-02 15:26:47+00:00,7811.5400390625,2026-10-09,2026-10-10T10:11:13+00:00
2026-10-16,call,SPX261016C06260000,6260.0,1530.4,1538.2,1462.03,1.0,0.0,1.0000000000000003e-05,2026-08-21 16:18:25+00:00,7811.5400390625,2026-10-09,2026-10-10T10:11:13+00:00
2026-10-16,call,SPXW261016C06270000,6270.0,1534.9,1558.9,1485.38,1.0,11.0,0.7697776928710938,2026-10-02 13:47:05+00:00,7811.5400390625,2026-10-09,2026-10-10T10:11:13+00:00
2026-10-16,call,SPX261016C06275000,6275.0,1533.7,1557.7,1439.26,2.0,8.0,0.8361222442626952,2026-09-28 13:42:16+00:00,7811.5400390625,2026-10-09,2026-10-10T10:11:13+00:00
2026-10-16,call,SPXW261016C06280000,6280.0,1525.0,1548.9,1380.1,,12.0,0.7659935510253908,2026-09-17 17:08:55+00:00,7811.5400390625,2026-10-09,2026-10-10T10:11:13+00:00
2026-10-16,call,SPX261016C06290000,6290.0,1249.6,1254.7,1053.75,1.0,1.0,1.0000000000000003e-05,2026-04-17 15:34:59+00:00,7811.5400390625,2026-10-09,2026-10-10T10:11:13+00:00
2026-10-16,call,SPX261016C06300000,6300.0,1508.7,1532.7,1425.67,1.0,139.0,0.823243955078125,2026-10-02 17:37:16+00:00,7811.5400390625,2026-10-09,2026-10-10T10:11:13+00:00
2026-10-16,call,SPX261016C06310000,6310.0,1498.7,1522.7,1339.18,1.0,6.0,0.8180865359497068,2026-09-18 15:30:46+00:00,7811.5400390625,2026-10-09,2026-10-10T10:11:13+00:00
2026-10-16,call,SPX261016C06320000,6320.0,1470.4,1478.1,1394.39,2.0,0.0,1.0000000000000003e-05,2026-08-21 18:20:08+00:00,7811.5400390625,2026-10-09,2026-10-10T10:11:13+00:00
2026-10-16,call,SPX261016C06325000,6325.0,0.0,0.0,1272.38,1.0,0.0,1.0000000000000003e-05,2026-07-01 14:51:02+00:00,7811.5400390625,2026-10-09,2026-10-10T10:11:13+00:00
2026-10-16,call,SPXW261016C06340000,6340.0,1465.0,1489.0,1319.88,,20.0,0.7381007635498047,2026-09-17 17:11:31+00:00,7811.5400390625,2026-10-09,2026-10-10T10:11:13+00:00
2026-10-16,call,SPXW261016C06350000,6350.0,1455.0,1479.0,1445.77,1.0,90.0,0.733279034423828,2026-10-09 13:35:04+00:00,7811.5400390625,2026-10-09,2026-10-10T10:11:13+00:00
2026-10-16,call,SPXW261016C06360000,6360.0,1445.0,1469.0,1253.25,,3.0,0.7284573052978516,2026-09-15 18:33:13+00:00,7811.5400390625,2026-10-09,2026-10-10T10:11:13+00:00
2026-10-16,call,SPX261016C06370000,6370.0,1438.7,1462.7,1348.03,1.0,2.0,0.7872335729980469,2026-08-31 17:56:46+00:00,7811.5400390625,2026-10-09,2026-10-10T10:11:13+00:00
2026-10-16,call,SPXW261016C06375000,6375.0,1430.0,1454.0,1265.97,,11.0,0.7212552288818359,2026-09-16 16:23:38+00:00,7811.5400390625,2026-10-09,2026-10-10T10:11:13+00:00
2026-10-16,call,SPX261016C06380000,6380.0,1428.7,1452.7,1323.9,,1.0,0.7821371884155274,2026-08-24 18:21:12+00:00,7811.5400390625,2026-10-09,2026-10-10T10:11:13+00:00
2026-10-16,call,SPX261016C06390000,6390.0,1346.9,1354.6,1325.96,2.0,0.0,1.0000000000000003e-05,2026-08-21 18:47:23+00:00,7811.5400390625,2026-10-09,2026-10-10T10:11:13+00:00
2026-10-16,call,SPXW261016C06400000,6400.0,1405.1,1429.0,1297.93,1.0,11.0,0.7102690106201173,2026-09-28 15:09:37+00:00,7811.5400390625,2026-10-09,2026-10-10T10:11:13+00:00
2026-10-16,call,SPX261016C06410000,6410.0,1398.8,1422.8,1205.3,1.0,11.0,0.7682213119506837,2026-09-15 18:08:13+00:00,7811.5400390625,2026-10-09,2026-10-10T10:11:13+00:00
2026-10-16,call,SPX261016C06420000,6420.0,1370.6,1378.2,1295.34,1.0,0.0,1.0000000000000003e-05,2026-08-21 18:19:06+00:00,7811.5400390625,2026-10-09,2026-10-10T10:11:13+00:00
2026-10-16,call,SPX261016C06425000,6425.0,1312.2,1392.7,1298.49,1.0,0.0,0.710665735168457,2026-08-21 17:19:10+00:00,7811.5400390625,2026-10-09,2026-10-10T10:11:13+00:00
2026-10-16,call,SPX261016C06430000,6430.0,1360.8,1368.5,1293.67,1.0,0.0,1.0000000000000003e-05,2026-08-21 17:19:20+00:00,7811.5400390625,2026-10-09,2026-10-10T10:11:13+00:00
2026-10-16,call,SPX261016C06440000,6440.0,1242.7,1250.0,1282.97,3.0,0.0,1.0000000000000003e-05,2026-08-21 17:20:41+00:00,7811.5400390625,2026-10-09,2026-10-10T10:11:13+00:00
2026-10-16,call,SPX261016C06450000,6450.0,1358.8,1382.8,1358.58,4.0,92.0,0.7478052563476563,2026-10-07 18:22:37+00:00,7811.5400390625,2026-10-09,2026-10-10T10:11:13+00:00
2026-10-16,call,SPX261016C06460000,6460.0,1348.8,1372.8,1318.02,1.0,2.0,0.7427088717651367,2026-09-03 16:41:28+00:00,7811.5400390625,2026-10-09,2026-10-10T10:11:13+00:00
2026-10-16,call,SPX261016C06470000,6470.0,1338.8,1362.8,1167.57,1.0,1.0,0.7376124871826171,2026-10-01 15:55:19+00:00,7811.5400390625,2026-10-09,2026-10-10T10:11:13+00:00
2026-10-16,call,SPX261016C06475000,6475.0,1333.8,1357.8,1272.63,1.0,567.0,0.7350490362548827,2026-09-25 19:31:11+00:00,7811.5400390625,2026-10-09,2026-10-10T10:11:13+00:00
2026-10-16,call,SPXW261016C06480000,6480.0,1325.1,1349.1,1155.21,2.0,2.0,0.6729769030761721,2026-09-10 16:53:02+00:00,7811.5400390625,2026-10-09,2026-10-10T10:11:13+00:00
2026-10-16,call,SPX261016C06490000,6490.0,1318.8,1342.8,1283.78,1.0,2.0,0.7274197180175781,2026-09-03 16:25:19+00:00,7811.5400390625,2026-10-09,2026-10-10T10:11:13+00:00
2026-10-16,call,SPX261016C06500000,6500.0,1308.9,1332.9,1294.4,8.0,708.0,0.7237118693542479,2026-10-08 14:26:59+00:00,7811.5400390625,2026-10-09,2026-10-10T10:11:13+00:00
2026-10-16,call,SPX261016C06510000,6510.0,1298.9,1322.9,1137.69,1.0,6.0,0.7186307434082031,2026-09-16 15:55:41+00:00,7811.5400390625,2026-10-09,2026-10-10T10:11:13+00:00
2026-10-16,call,SPX261016C06520000,6520.0,1288.9,1312.9,1272.86,1.0,2.0,0.7135343588256836,2026-09-21 19:03:38+00:00,7811.5400390625,2026-10-09,2026-10-10T10:11:13+00:00
2026-10-16,call,SPX261016C06525000,6525.0,0.0,0.0,1089.93,1.0,0.0,1.0000000000000003e-05,2026-07-02 15:00:57+00:00,7811.5400390625,2026-10-09,2026-10-10T10:11:13+00:00
2026-10-16,call,SPX261016C06530000,6530.0,1278.9,1302.9,1093.99,1.0,2.0,0.7084684915161132,2026-09-10 18:50:42+00:00,7811.5400390625,2026-10-09,2026-10-10T10:11:13+00:00
2026-10-16,call,SPX261016C06540000,6540.0,1268.9,1292.9,1128.09,1.0,3.0,0.7033873655700684,2026-09-01 19:27:41+00:00,7811.5400390625,2026-10-09,2026-10-10T10:11:13+00:00
2026-10-16,call,SPX261016C06550000,6550.0,1258.9,1282.9,1107.65,1.0,1039.0,0.6983062396240236,2026-09-18 18:45:05+00:00,7811.5400390625,2026-10-09,2026-10-10T10:11:13+00:00
2026-10-16,call,SPXW261016C06560000,6560.0,1245.2,1269.2,1077.73,1.0,5.0,0.6367529000854493,2026-09-10 16:53:15+00:00,7811.5400390625,2026-10-09,2026-10-10T10:11:13+00:00
2026-10-16,call,SPX261016C06570000,6570.0,1238.9,1262.9,1125.58,,1.0,0.6881745050048829,2026-09-29 14:35:36+00:00,7811.5400390625,2026-10-09,2026-10-10T10:11:13+00:00
2026-10-16,call,SPX261016C06575000,6575.0,1233.9,1257.9,1096.55,1.0,268.0,0.6856415713500977,2026-09-01 18:24:12+00:00,7811.5400390625,2026-10-09,2026-10-10T10:11:13+00:00
2026-10-16,call,SPX261016C06580000,6580.0,1228.9,1252.9,1096.15,1.0,3.0,0.6831086376953126,2026-09-29 16:09:53+00:00,7811.5400390625,2026-10-09,2026-10-10T10:11:13+00:00
2026-10-16,call,SPX261016C06590000,6590.0,1218.9,1242.9,1059.1,1.0,2.0,0.6780427703857423,2026-09-18 15:31:04+00:00,7811.5400390625,2026-10-09,2026-10-10T10:11:13+00:00
2026-10-16,call,SPX261016C06600000,6600.0,1208.9,1232.9,1161.82,1.0,4758.0,0.6729921617126466,2026-10-05 15:03:38+00:00,7811.5400390625,2026-10-09,2026-10-10T10:11:13+00:00
2026-10-16,call,SPXW261016C06610000,6610.0,1195.3,1219.3,1027.53,2.0,0.0,0.6147804635620118,2026-09-10 16:53:57+00:00,7811.5400390625,2026-10-09,2026-10-10T10:11:13+00:00
2026-10-16,call,SPX261016C06620000,6620.0,1064.2,1178.8,1105.78,2.0,0.0,1.0000000000000003e-05,2026-08-21 17:27:59+00:00,7811.5400390625,2026-10-09,2026-10-10T10:11:13+00:00
2026-10-16,call,SPXW261016C06625000,6625.0,1180.3,1204.3,1020.57,,11.0,0.6076699389648439,2026-09-16 16:20:29+00:00,7811.5400390625,2026-10-09,2026-10-10T10:11:13+00:00
2026-10-16,call,SPX261016C06630000,6630.0,1055.0,1168.6,1097.83,1.0,0.0,1.0000000000000003e-05,2026-08-21 16:19:47+00:00,7811.5400390625,2026-10-09,2026-10-10T10:11:13+00:00
2026-10-16,call,SPX261016C06640000,6640.0,1044.7,1048.9,1089.9,1.0,0.0,1.0000000000000003e-05,2026-08-21 16:47:25+00:00,7811.5400390625,2026-10-09,2026-10-10T10:11:13+00:00
2026-10-16,call,SPXW261016C06650000,6650.0,0.0,0.0,902.03,1.0,0.0,1.0000000000000003e-05,2026-07-24 15:22:55+00:00,7811.5400390625,2026-10-09,2026-10-10T10:11:13+00:00
2026-10-16,call,SPX261016C06660000,6660.0,1149.0,1173.0,1138.75,3.0,5.0,0.6439549765014648,2026-10-07 16:40:22+00:00,7811.5400390625,2026-10-09,2026-10-10T10:11:13+00:00
2026-10-16,call,SPXW261016C06670000,6670.0,1135.3,1159.3,976.28,,386.0,0.5863688824462892,2026-09-16 16:20:29+00:00,7811.5400390625,2026-10-09,2026-10-10T10:11:13+00:00
2026-10-16,call,SPX261016C06675000,6675.0,1134.0,1158.0,1058.71,1.0,1843.0,0.6363866928100587,2026-09-25 15:16:36+00:00,7811.5400390625,2026-10-09,2026-10-10T10:11:13+00:00
2026-10-16,call,SPX261016C06690000,6690.0,1040.6,1064.6,990.18,2.0,10.0,1.0000000000000003e-05,2026-08-03 18:44:54+00:00,7811.5400390625,2026-10-09,2026-10-10T10:11:13+00:00
2026-10-16,call,SPXW261016C06700000,6700.0,1105.4,1129.4,1049.55,4.0,13.0,0.573795765991211,2026-10-08 17:54:28+00:00,7811.5400390625,2026-10-09,2026-10-10T10:11:13+00:00
2026-10-16,call,SPX261016C06710000,6710.0,967.6,969.9,787.47,,2.0,1.0000000000000003e-05,2026-06-10 19:44:00+00:00,7811.5400390625,2026-10-09,2026-10-10T10:11:13+00:00
2026-10-16,call,SPX261016C06720000,6720.0,977.7,981.3,993.58,1.0,1.0,1.0000000000000003e-05,2026-05-14 16:25:17+00:00,7811.5400390625,2026-10-09,2026-10-10T10:11:13+00:00
2026-10-16,call,SPX261016C06725000,6725.0,1084.1,1108.1,984.85,1.0,1421.0,0.6124001162719729,2026-09-02 19:32:39+00:00,7811.5400390625,2026-10-09,2026-10-10T10:11:13+00:00
2026-10-16,call,SPX261016C06730000,6730.0,1061.3,1069.0,1003.43,2.0,0.0,1.0000000000000003e-05,2026-08-21 16:46:23+00:00,7811.5400390625,2026-10-09,2026-10-10T10:11:13+00:00
2026-10-16,call,SPXW261016C06740000,6740.0,1065.4,1089.4,905.73,13.0,13.0,0.5549055740356447,2026-09-18 14:18:01+00:00,7811.5400390625,2026-10-09,2026-10-10T10:11:13+00:00
2026-10-16,call,SPX261016C06750000,6750.0,1059.1,1083.1,1044.09,21.0,1732.0,0.5997964825439455,2026-10-05 19:41:09+00:00,7811.5400390625,2026-10-09,2026-10-10T10:11:13+00:00
2026-10-16,call,SPXW261016C06760000,6760.0,923.9,931.9,1072.2,1.0,0.0,1.0000000000000003e-05,2026-08-17 14:17:33+00:00,7811.5400390625,2026-10-09,2026-10-10T10:11:13+00:00
2026-10-16,call,SPX261016C06770000,6770.0,915.7,1048.6,967.5,2.0,0.0,0.5582624740600587,2026-08-21 16:29:41+00:00,7811.5400390625,2026-10-09,2026-10-10T10:11:13+00:00
2026-10-16,call,SPX261016C06775000,6775.0,1034.1,1058.1,863.6,1.0,1138.0,0.5872233660888673,2026-09-14 15:07:36+00:00,7811.5400390625,2026-10-09,2026-10-10T10:11:13+00:00
2026-10-16,call,SPX261016C06780000,6780.0,905.6,1038.6,957.6,2.0,0.0,0.5534102276611328,2026-08-21 16:39:37+00:00,7811.5400390625,2026-10-09,2026-10-10T10:11:13+00:00
2026-10-16,call,SPX261016C06790000,6790.0,895.9,900.1,945.44,1.0,0.0,1.0000000000000003e-05,2026-08-21 16:47:01+00:00,7811.5400390625,2026-10-09,2026-10-10T10:11:13+00:00
2026-10-16,call,SPX261016C06800000,6800.0,1009.2,1033.2,925.18,4.0,2172.0,0.57577938873291,2026-09-30 16:25:41+00:00,7811.5400390625,2026-10-09,2026-10-10T10:11:13+00:00
2026-10-16,call,SPX261016C06810000,6810.0,999.2,1023.2,914.72,1.0,4.0,0.5707440386962892,2026-09-30 14:26:35+00:00,7811.5400390625,2026-10-09,2026-10-10T10:11:13+00:00
2026-10-16,call,SPX261016C06820000,6820.0,865.4,979.1,914.89,1.0,0.0,1.0000000000000003e-05,2026-08-21 16:55:48+00:00,7811.5400390625,2026-10-09,2026-10-10T10:11:13+00:00
2026-10-16,call,SPXW261016C06825000,6825.0,980.6,1004.5,824.47,1.0,8.0,0.5170336383056642,2026-09-18 14:28:52+00:00,7811.5400390625,2026-10-09,2026-10-10T10:11:13+00:00
2026-10-16,call,SPXW261016C06830000,6830.0,975.6,999.6,792.47,,7.0,0.5154162228393554,2026-09-15 19:07:46+00:00,7811.5400390625,2026-10-09,2026-10-10T10:11:13+00:00
2026-10-16,call,SPX261016C06840000,6840.0,951.6,958.8,909.46,1.0,0.0,1.0000000000000003e-05,2026-08-21 15:51:05+00:00,7811.5400390625,2026-10-09,2026-10-10T10:11:13+00:00
2026-10-16,call,SPXW261016C06850000,6850.0,955.6,979.6,937.88,6.0,9.0,0.5059558682250976,2026-10-07 13:37:41+00:00,7811.5400390625,2026-10-09,2026-10-10T10:11:13+00:00
2026-10-16,call,SPXW261016C06860000,6860.0,945.6,969.6,793.52,1.0,1.0,0.5012409495544434,2026-09-18 18:11:52+00:00,7811.5400390625,2026-10-09,2026-10-10T10:11:13+00:00
2026-10-16,call,SPX261016C06870000,6870.0,939.3,963.3,925.71,20.0,28.0,0.541645818939209,2026-10-05 19:06:11+00:00,7811.5400390625,2026-10-09,2026-10-10T10:11:13+00:00
2026-10-16,call,SPXW261016C06875000,6875.0,930.6,954.6,797.96,2.0,23.0,0.6130714962768556,2026-09-29 17:32:04+00:00,7811.5400390625,2026-10-09,2026-10-10T10:11:13+00:00
2026-10-16,call,SPXW261016C06880000,6880.0,925.7,949.6,881.0,1.0,1.0,0.6103096830749513,2026-10-02 14:43:04+00:00,7811.5400390625,2026-10-09,2026-10-10T10:11:13+00:00
2026-10-16,call,SPX261016C06890000,6890.0,919.3,943.3,830.02,1.0,4.0,0.5315903775024414,2026-09-08 19:20:16+00:00,7811.5400390625,2026-10-09,2026-10-10T10:11:13+00:00
2026-10-16,call,SPXW261016C06900000,6900.0,905.7,929.7,828.9,2.0,12.0,0.6000558793640138,2026-10-02 18:55:32+00:00,7811.5400390625,2026-10-09,2026-10-10T10:11:13+00:00
2026-10-16,call,SPX261016C06905000,6905.0,904.3,928.3,853.87,1.0,1.0,0.5240373524475097,2026-10-02 14:30:21+00:00,7811.5400390625,2026-10-09,2026-10-10T10:11:13+00:00
2026-10-16,call,SPX261016C06910000,6910.0,899.3,923.3,902.76,1.0,11.0,0.5215196774291991,2026-08-28 15:04:55+00:00,7811.5400390625,2026-10-09,2026-10-10T10:11:13+00:00
2026-10-16,call,SPX261016C06920000,6920.0,811.5,815.7,825.32,1.0,0.0,1.0000000000000003e-05,2026-08-21 16:07:29+00:00,7811.5400390625,2026-10-09,2026-10-10T10:11:13+00:00
2026-10-16,call,SPXW261016C06925000,6925.0,880.7,904.7,802.3,1.0,1.0,0.5862620719909668,2026-08-25 15:30:59+00:00,7811.5400390625,2026-10-09,2026-10-10T10:11:13+00:00
2026-10-16,call,SPXW261016C06930000,6930.0,875.7,899.7,799.1,2.0,2.0,0.5835002587890624,2026-10-02 18:55:32+00:00,7811.5400390625,2026-10-09,2026-10-10T10:11:13+00:00
2026-10-16,call,SPXW261016C06940000,6940.0,865.8,889.7,789.78,,1.0,0.5779918910217285,2026-09-28 13:30:04+00:00,7811.5400390625,2026-10-09,2026-10-10T10:11:13+00:00
2026-10-16,call,SPXW261016C06950000,6950.0,855.8,879.7,870.0,1.0,3.0,0.57246826461792,2026-10-09 18:40:30+00:00,7811.5400390625,2026-10-09,2026-10-10T10:11:13+00:00
2026-10-16,call,SPXW261016C06960000,6960.0,845.8,869.8,762.79,,1.0,0.5676770527648927,2026-09-28 13:35:38+00:00,7811.5400390625,2026-10-09,2026-10-10T10:11:13+00:00
2026-10-16,call,SPXW261016C06970000,6970.0,835.8,859.8,686.53,1.0,1.0,0.5621534263610839,2026-09-18 18:14:58+00:00,7811.5400390625,2026-10-09,2026-10-10T10:11:13+00:00
2026-10-16,call,SPX261016C06975000,6975.0,834.4,858.4,643.24,1.0,573.0,0.5839732765197754,2026-09-15 14:52:13+00:00,7811.5400390625,2026-10-09,2026-10-10T10:11:13+00:00
2026-10-16,call,SPXW261016C06980000,6980.0,825.8,849.8,750.0,,1.0,0.5566297999572756,2026-09-30 15:35:37+00:00,7811.5400390625,2026-10-09,2026-10-10T10:11:13+00:00
2026-10-16,call,SPXW261016C06990000,6990.0,815.8,839.8,669.36,,1.0,0.5511061735534668,2026-09-17 15:25:23+00:00,7811.5400390625,2026-10-09,2026-10-10T10:11:13+00:00
2026-10-16,call,SPX261016C06995000,6995.0,814.4,838.4,676.35,1.0,1.0,0.5726055923461916,2026-09-18 19:27:58+00:00,7811.5400390625,2026-10-09,2026-10-10T10:11:13+00:00
2026-10-16,call,SPX261016C07000000,7000.0,809.5,833.5,815.85,1519.0,199504.0,0.5704007193756104,2026-10-09 19:57:37+00:00,7811.5400390625,2026-10-09,2026-10-10T10:11:13+00:00
2026-10-16,call,SPX261016C07005000,7005.0,804.5,828.5,653.24,,2.0,0.5675549836730958,2026-09-14 14:17:38+00:00,7811.5400390625,2026-10-09,2026-10-10T10:11:13+00:00
2026-10-16,call,SPX261016C07010000,7010.0,799.5,823.5,710.48,3.0,33.0,0.5647016186523439,2026-09-02 18:06:38+00:00,7811.5400390625,2026-10-09,2026-10-10T10:11:13+00:00
2026-10-16,call,SPX261016C07020000,7020.0,789.5,813.5,713.28,2.0,37.0,0.5590101472473146,2026-09-25 14:58:38+00:00,7811.5400390625,2026-10-09,2026-10-10T10:11:13+00:00
2026-10-16,call,SPXW261016C07025000,7025.0,780.9,804.9,710.7,2.0,14.0,0.5324296025085449,2026-08-25 15:30:42+00:00,7811.5400390625,2026-10-09,2026-10-10T10:11:13+00:00
2026-10-16,call,SPXW261016C07030000,7030.0,775.9,799.9,707.48,2.0,27.0,0.5296677893066408,2026-08-25 19:43:32+00:00,7811.5400390625,2026-10-09,2026-10-10T10:11:13+00:00
2026-10-16,call,SPX261016C07040000,7040.0,769.5,793.5,697.27,2.0,16.0,0.547604316482544,2026-08-25 19:43:46+00:00,7811.5400390625,2026-10-09,2026-10-10T10:11:13+00:00
2026-10-16,call,SPXW261016C07050000,7050.0,755.9,779.9,786.17,2.0,6.0,0.5185900192260743,2026-10-06 18:12:50+00:00,7811.5400390625,2026-10-09,2026-10-10T10:11:13+00:00
2026-10-16,call,SPX261016C07060000,7060.0,749.6,773.6,627.07,1.0,4.0,0.5368088311767578,2026-09-01 19:39:41+00:00,7811.5400390625,2026-10-09,2026-10-10T10:11:13+00:00
2026-10-16,call,SPX261016C07070000,7070.0,739.6,763.6,605.5,2.0,38.0,0.5310868424987794,2026-09-18 19:13:35+00:00,7811.5400390625,2026-10-09,2026-10-10T10:11:13+00:00
2026-10-16,call,SPX261016C07075000,7075.0,734.6,758.6,768.38,1.0,575.0,0.5282334774780274,2026-10-06 16:18:28+00:00,7811.5400390625,2026-10-09,2026-10-10T10:11:13+00:00
2026-10-16,call,SPX261016C07080000,7080.0,729.6,753.6,577.0,1.0,25.0,0.5253724831390381,2026-10-01 14:47:44+00:00,7811.5400390625,2026-10-09,2026-10-10T10:11:13+00:00
2026-10-16,call,SPX261016C07090000,7090.0,719.6,743.6,615.0,10.0,15.0,0.5196504944610595,2026-09-24 16:15:03+00:00,7811.5400390625,2026-10-09,2026-10-10T10:11:13+00:00
2026-10-16,call,SPXW261016C07100000,7100.0,706.0,730.0,708.24,1.0,32.0,0.4914830515289307,2026-10-07 19:59:58+00:00,7811.5400390625,2026-10-09,2026-10-10T10:11:13+00:00
2026-10-16,call,SPX261016C07105000,7105.0,704.6,728.6,528.68,,5.0,0.5110598821258544,2026-09-15 16:19:02+00:00,7811.5400390625,2026-10-09,2026-10-10T10:11:13+00:00
2026-10-16,call,SPX261016C07110000,7110.0,699.6,723.6,611.24,1.0,9.0,0.5081988877868653,2026-09-28 18:14:01+00:00,7811.5400390625,2026-10-09,2026-10-10T10:11:13+00:00
2026-10-16,call,SPXW261016C07120000,7120.0,686.1,710.0,680.95,,252.0,0.4803518762207031,2026-09-03 19:36:17+00:00,7811.5400390625,2026-10-09,2026-10-10T10:11:13+00:00
2026-10-16,call,SPX261016C07125000,7125.0,684.7,708.7,608.63,1.0,559.0,0.5001804743194581,2026-09-23 19:17:49+00:00,7811.5400390625,2026-10-09,2026-10-10T10:11:13+00:00
2026-10-16,call,SPX261016C07130000,7130.0,679.7,703.7,518.7,19.0,56.0,0.4973042213439942,2026-09-14 14:43:54+00:00,7811.5400390625,2026-10-09,2026-10-10T10:11:13+00:00
2026-10-16,call,SPX261016C07140000,7140.0,549.4,553.3,617.7,3.0,0.0,1.0000000000000003e-05,2026-08-21 16:27:46+00:00,7811.5400390625,2026-10-09,2026-10-10T10:11:13+00:00
2026-10-16,call,SPX261016C07145000,7145.0,664.7,688.7,550.0,,29.0,0.4886830917358399,2026-09-29 18:55:35+00:00,7811.5400390625,2026-10-09,2026-10-10T10:11:13+00:00
2026-10-16,call,SPX261016C07150000,7150.0,659.7,683.7,541.8,1.0,1993.0,0.485806838760376,2026-10-01 18:34:55+00:00,7811.5400390625,2026-10-09,2026-10-10T10:11:13+00:00
2026-10-16,call,SPX261016C07155000,7155.0,654.7,678.7,536.8,1.0,1.0,0.48293058578491216,2026-10-01 17:34:47+00:00,7811.5400390625,2026-10-09,2026-10-10T10:11:13+00:00
2026-10-16,call,SPX261016C07160000,7160.0,649.7,673.7,583.5,9.0,8.0,0.4800467034912109,2026-08-24 18:31:43+00:00,7811.5400390625,2026-10-09,2026-10-10T10:11:13+00:00
2026-10-16,call,SPXW261016C07165000,7165.0,589.4,599.7,403.8,3.0,2.0,1.0000000000000003e-05,2026-07-29 14:16:05+00:00,7811.5400390625,2026-10-09,2026-10-10T10:11:13+00:00
2026-10-16,call,SPX261016C07170000,7170.0,639.7,663.7,518.98,5.0,93.0,0.4742941975402832,2026-10-01 17:37:15+00:00,7811.5400390625,2026-10-09,2026-10-10T10:11:13+00:00
2026-10-16,call,SPX261016C07175000,7175.0,634.8,658.8,513.98,4.0,826.0,0.4719748847961425,2026-10-01 17:37:15+00:00,7811.5400390625,2026-10-09,2026-10-10T10:11:13+00:00
2026-10-16,call,SPX261016C07180000,7180.0,629.8,653.8,624.89,21.0,76.0,0.4690833731842041,2026-09-22 19:35:30+00:00,7811.5400390625,2026-10-09,2026-10-10T10:11:13+00:00
2026-10-16,call,SPXW261016C07185000,7185.0,570.7,581.0,379.5,4.0,13.0,1.0000000000000003e-05,2026-07-30 15:02:03+00:00,7811.5400390625,2026-10-09,2026-10-10T10:11:13+00:00
2026-10-16,call,SPX261016C07190000,7190.0,619.8,643.8,545.92,1.0,14.0,0.46330797927856443,2026-10-02 16:15:46+00:00,7811.5400390625,2026-10-09,2026-10-10T10:11:13+00:00
2026-10-16,call,SPXW261016C07195000,7195.0,611.2,635.2,593.53,3.0,3.0,0.4396494634246826,2026-10-07 13:38:14+00:00,7811.5400390625,2026-10-09,2026-10-10T10:11:13+00:00
2026-10-16,call,SPXW261016C07200000,7200.0,606.2,630.2,585.3,6.0,249.0,0.43683424499511714,2026-10-08 13:46:51+00:00,7811.5400390625,2026-10-09,2026-10-10T10:11:13+00:00
2026-10-16,call,SPXW261016C07205000,7205.0,601.2,625.2,581.34,1.0,11.0,0.4340266558837891,2026-10-08 13:34:37+00:00,7811.5400390625,2026-10-09,2026-10-10T10:11:13+00:00
2026-10-16,call,SPXW261016C07210000,7210.0,596.2,620.2,591.62,1.0,12.0,0.431219066772461,2026-10-09 15:17:35+00:00,7811.5400390625,2026-10-09,2026-10-10T10:11:13+00:00
2026-10-16,call,SPXW261016C07215000,7215.0,542.8,553.0,400.2,8.0,2.0,1.0000000000000003e-05,2026-07-31 14:51:42+00:00,7811.5400390625,2026-10-09,2026-10-10T10:11:13+00:00
2026-10-16,call,SPXW261016C07220000,7220.0,470.6,478.6,665.89,1.0,0.0,1.0000000000000003e-05,2026-08-14 13:34:16+00:00,7811.5400390625,2026-10-09,2026-10-10T10:11:13+00:00
2026-10-16,call,SPX261016C07225000,7225.0,584.9,608.9,570.78,1.0,826.0,0.44357093299865724,2026-10-05 19:10:02+00:00,7811.5400390625,2026-10-09,2026-10-10T10:11:13+00:00
2026-10-16,call,SPX261016C07230000,7230.0,579.9,603.9,451.43,1.0,98.0,0.4406641627502441,2026-09-17 15:55:49+00:00,7811.5400390625,2026-10-09,2026-10-10T10:11:13+00:00
2026-10-16,call,SPXW261016C07235000,7235.0,524.3,534.4,345.6,8.0,4.0,1.0000000000000003e-05,2026-07-29 14:29:31+00:00,7811.5400390625,2026-10-09,2026-10-10T10:11:13+00:00
2026-10-16,call,SPXW261016C07240000,7240.0,566.3,590.3,554.68,1.0,12.0,0.41489232574462886,2026-09-21 20:01:03+00:00,7811.5400390625,2026-10-09,2026-10-10T10:11:13+00:00
2026-10-16,call,SPX261016C07245000,7245.0,551.9,552.9,516.12,3.0,0.0,1.0000000000000003e-05,2026-08-21 17:39:50+00:00,7811.5400390625,2026-10-09,2026-10-10T10:11:13+00:00
2026-10-16,call,SPXW261016C07250000,7250.0,556.3,580.3,553.2,2.0,86.0,0.4092313716125488,2026-10-07 16:28:23+00:00,7811.5400390625,2026-10-09,2026-10-10T10:11:13+00:00
2026-10-16,call,SPXW261016C07255000,7255.0,505.8,516.0,377.2,14.0,20.0,1.0000000000000003e-05,2026-07-31 16:22:40+00:00,7811.5400390625,2026-10-09,2026-10-10T10:11:13+00:00
2026-10-16,call,SPXW261016C07260000,7260.0,501.2,511.4,370.4,7.0,13.0,1.0000000000000003e-05,2026-07-31 16:11:43+00:00,7811.5400390625,2026-10-09,2026-10-10T10:11:13+00:00
2026-10-16,call,SPX261016C07265000,7265.0,544.9,568.9,426.5,1.0,6.0,0.420278624420166,2026-09-29 18:16:11+00:00,7811.5400390625,2026-10-09,2026-10-10T10:11:13+00:00
2026-10-16,call,SPX261016C07270000,7270.0,540.0,564.0,550.82,2.0,139.0,0.41786775985717767,2026-10-09 19:31:59+00:00,7811.5400390625,2026-10-09,2026-10-10T10:11:13+00:00
2026-10-16,call,SPXW261016C07275000,7275.0,531.4,555.4,561.94,1.0,43.0,0.39562066787719735,2026-10-06 18:55:20+00:00,7811.5400390625,2026-10-09,2026-10-10T10:11:13+00:00
2026-10-16,call,SPXW261016C07280000,7280.0,526.4,550.4,373.64,2.0,19.0,0.39278256149291996,2026-09-15 15:05:31+00:00,7811.5400390625,2026-10-09,2026-10-10T10:11:13+00:00
2026-10-16,call,SPX261016C07285000,7285.0,525.0,549.0,388.55,3.0,33.0,0.40908641456604,2026-09-16 15:33:41+00:00,7811.5400390625,2026-10-09,2026-10-10T10:11:13+00:00
2026-10-16,call,SPX261016C07290000,7290.0,520.0,544.0,455.77,2.0,166.0,0.4061491270446777,2026-08-24 19:55:06+00:00,7811.5400390625,2026-10-09,2026-10-10T10:11:13+00:00
2026-10-16,call,SPX261016C07295000,7295.0,515.0,539.0,512.49,8.0,27.0,0.40321946884155274,2026-09-22 19:39:52+00:00,7811.5400390625,2026-10-09,2026-10-10T10:11:13+00:00
2026-10-16,call,SPXW261016C07300000,7300.0,506.4,530.4,509.63,5.0,112.0,0.38139198936462393,2026-10-07 17:58:49+00:00,7811.5400390625,2026-10-09,2026-10-10T10:11:13+00:00
2026-10-16,call,SPXW261016C07305000,7305.0,501.5,525.4,531.68,1.0,10.0,0.37853099502563475,2026-10-06 14:48:59+00:00,7811.5400390625,2026-10-09,2026-10-10T10:11:13+00:00
2026-10-16,call,SPX261016C07310000,7310.0,500.1,524.1,388.36,10.0,54.0,0.39489588264465336,2026-10-01 17:30:54+00:00,7811.5400390625,2026-10-09,2026-10-10T10:11:13+00:00
2026-10-16,call,SPXW261016C07315000,7315.0,491.5,515.5,494.68,1.0,13.0,0.3733583172607422,2026-10-07 17:58:49+00:00,7811.5400390625,2026-10-09,2026-10-10T10:11:13+00:00
2026-10-16,call,SPX261016C07320000,7320.0,490.1,514.1,437.95,1.0,73.0,0.38899841964721676,2026-09-23 14:35:27+00:00,7811.5400390625,2026-10-09,2026-10-10T10:11:13+00:00
2026-10-16,call,SPXW261016C07325000,7325.0,481.5,505.5,491.29,5.0,25.0,0.36762869926452635,2026-10-09 18:10:48+00:00,7811.5400390625,2026-10-09,2026-10-10T10:11:13+00:00
2026-10-16,call,SPX261016C07330000,7330.0,480.1,504.1,381.33,1.0,21.0,0.3830933273315429,2026-09-30 19:42:11+00:00,7811.5400390625,2026-10-09,2026-10-10T10:11:13+00:00
2026-10-16,call,SPXW261016C07335000,7335.0,471.5,495.5,330.11,1.0,7.0,0.36188382263183594,2026-10-01 14:32:34+00:00,7811.5400390625,2026-10-09,2026-10-10T10:11:13+00:00
2026-10-16,call,SPXW261016C07340000,7340.0,428.7,438.7,522.43,2.0,25.0,1.0000000000000003e-05,2026-08-04 17:09:09+00:00,7811.5400390625,2026-10-09,2026-10-10T10:11:13+00:00
2026-10-16,call,SPXW261016C07345000,7345.0,461.6,485.5,445.45,5.0,6.0,0.3561313166809082,2026-10-05 18:30:02+00:00,7811.5400390625,2026-10-09,2026-10-10T10:11:13+00:00
2026-10-16,call,SPXW261016C07350000,7350.0,456.6,480.6,355.36,1.0,126.0,0.3537662280273437,2026-10-01 17:47:05+00:00,7811.5400390625,2026-10-09,2026-10-10T10:11:13+00:00
2026-10-16,call,SPX261016C07355000,7355.0,455.2,479.2,402.4,4.0,45.0,0.36874257972717295,2026-08-24 15:34:09+00:00,7811.5400390625,2026-10-09,2026-10-10T10:11:13+00:00
2026-10-16,call,SPXW261016C07360000,7360.0,446.6,470.6,401.02,2.0,35.0,0.34799846343994134,2026-10-08 17:10:50+00:00,7811.5400390625,2026-10-09,2026-10-10T10:11:13+00:00
2026-10-16,call,SPXW261016C07365000,7365.0,406.5,416.4,296.8,4.0,11.0,1.0000000000000003e-05,2026-07-27 14:10:07+00:00,7811.5400390625,2026-10-09,2026-10-10T10:11:13+00:00
2026-10-16,call,SPXW261016C07370000,7370.0,436.7,460.6,332.42,30.0,43.0,0.34220781089782704,2026-10-01 19:00:17+00:00,7811.5400390625,2026-10-09,2026-10-10T10:11:13+00:00
2026-10-16,call,SPX261016C07375000,7375.0,435.2,459.2,288.12,3.0,766.0,0.3568103260040283,2026-10-01 15:15:19+00:00,7811.5400390625,2026-10-09,2026-10-10T10:11:13+00:00
2026-10-16,call,SPX261016C07380000,7380.0,430.3,454.3,391.56,8.0,55.0,0.3542850216674803,2026-08-31 20:06:02+00:00,7811.5400390625,2026-10-09,2026-10-10T10:11:13+00:00
2026-10-16,call,SPXW261016C07385000,7385.0,421.7,445.7,396.2,1.0,10.0,0.33399866447448734,2026-10-08 15:36:06+00:00,7811.5400390625,2026-10-09,2026-10-10T10:11:13+00:00
2026-10-16,call,SPXW261016C07390000,7390.0,384.5,394.4,258.0,1.0,1.0,1.0000000000000003e-05,2026-07-28 13:33:06+00:00,7811.5400390625,2026-10-09,2026-10-10T10:11:13+00:00
2026-10-16,call,SPX261016C07395000,7395.0,415.3,439.3,371.97,4.0,24.0,0.34528242614746096,2026-10-05 15:21:20+00:00,7811.5400390625,2026-10-09,2026-10-10T10:11:13+00:00
2026-10-16,call,SPXW261016C07400000,7400.0,421.3,423.2,417.6,4.0,110.0,0.28457594093322747,2026-10-09 19:58:58+00:00,7811.5400390625,2026-10-09,2026-10-10T10:11:13+00:00
2026-10-16,call,SPX261016C07405000,7405.0,405.3,429.3,439.03,1.0,47.0,0.3392628940582275,2026-10-06 16:17:27+00:00,7811.5400390625,2026-10-09,2026-10-10T10:11:13+00:00
2026-10-16,call,SPX261016C07410000,7410.0,400.4,424.4,371.73,4.0,99.0,0.3366918138122559,2026-10-05 17:11:38+00:00,7811.5400390625,2026-10-09,2026-10-10T10:11:13+00:00
2026-10-16,call,SPXW261016C07415000,7415.0,391.8,415.8,418.57,1.0,15.0,0.31695476753234864,2026-08-28 14:46:45+00:00,7811.5400390625,2026-10-09,2026-10-10T10:11:13+00:00
2026-10-16,call,SPXW261016C07420000,7420.0,386.9,410.8,335.24,1.0,2.0,0.31401748001098634,2026-09-24 16:58:43+00:00,7811.5400390625,2026-10-09,2026-10-10T10:11:13+00:00
2026-10-16,call,SPX261016C07425000,7425.0,385.4,409.4,336.3,1.0,663.0,0.3276129251098633,2026-10-08 16:53:04+00:00,7811.5400390625,2026-10-09,2026-10-10T10:11:13+00:00
2026-10-16,call,SPX261016C07430000,7430.0,380.4,404.4,392.99,1.0,43.0,0.3245764564514159,2026-10-09 19:26:29+00:00,7811.5400390625,2026-10-09,2026-10-10T10:11:13+00:00
2026-10-16,call,SPXW261016C07435000,7435.0,371.9,395.9,369.72,5.0,54.0,0.30564811790466306,2026-10-09 15:31:07+00:00,7811.5400390625,2026-10-09,2026-10-10T10:11:13+00:00
2026-10-16,call,SPXW261016C07440000,7440.0,367.0,390.9,382.4,1.0,41.0,0.3026955717468262,2026-10-09 19:30:10+00:00,7811.5400390625,2026-10-09,2026-10-10T10:11:13+00:00
2026-10-16,call,SPX261016C07445000,7445.0,365.5,389.5,324.29,5.0,100.0,0.31587140434265126,2026-10-05 15:04:48+00:00,7811.5400390625,2026-10-09,2026-10-10T10:11:13+00:00
2026-10-16,call,SPX261016C07450000,7450.0,360.6,384.6,329.54,72.0,2431.0,0.31324691886901856,2026-10-08 20:08:16+00:00,7811.5400390625,2026-10-09,2026-10-10T10:11:13+00:00
2026-10-16,call,SPXW261016C07455000,7455.0,352.1,376.0,383.39,4.0,15.0,0.2942499164581298,2026-10-06 14:20:37+00:00,7811.5400390625,2026-10-09,2026-10-10T10:11:13+00:00
2026-10-16,call,SPXW261016C07460000,7460.0,347.1,371.1,378.37,1.0,36.0,0.29172461212158196,2026-10-06 18:53:58+00:00,7811.5400390625,2026-10-09,2026-10-10T10:11:13+00:00
2026-10-16,call,SPXW261016C07465000,7465.0,342.1,366.1,206.38,9.0,24.0,0.2887415486907958,2026-10-01 15:53:27+00:00,7811.5400390625,2026-10-09,2026-10-10T10:11:13+00:00
2026-10-16,call,SPX261016C07470000,7470.0,340.7,364.7,211.6,2.0,165.0,0.3013680703735352,2026-10-01 16:54:34+00:00,7811.5400390625,2026-10-09,2026-10-10T10:11:13+00:00
2026-10-16,call,SPXW261016C07475000,7475.0,332.2,356.2,317.85,2.0,50.0,0.28319503433227533,2026-10-08 16:23:15+00:00,7811.5400390625,2026-10-09,2026-10-10T10:11:13+00:00
2026-10-16,call,SPXW261016C07480000,7480.0,327.3,351.2,342.68,1.0,46.0,0.28018908294677725,2026-10-09 19:34:53+00:00,7811.5400390625,2026-10-09,2026-10-10T10:11:13+00:00
2026-10-16,call,SPXW261016C07485000,7485.0,322.3,346.3,311.3,1.0,49.0,0.2776180027008056,2026-10-09 13:43:14+00:00,7811.5400390625,2026-10-09,2026-10-10T10:11:13+00:00
2026-10-16,call,SPXW261016C07490000,7490.0,317.3,341.3,327.61,1.0,77.0,0.2745967926788331,2026-10-09 19:59:17+00:00,7811.5400390625,2026-10-09,2026-10-10T10:11:13+00:00
2026-10-16,call,SPXW261016C07495000,7495.0,312.4,336.4,325.93,2.0,6.0,0.2720028244781494,2026-10-06 13:30:02+00:00,7811.5400390625,2026-10-09,2026-10-10T10:11:13+00:00
2026-10-16,call,SPX261016C07500000,7500.0,310.9,323.2,313.62,3.0,9227.0,0.23007209144592286,2026-10-09 17:48:39+00:00,7811.5400390625,2026-10-09,2026-10-10T10:11:13+00:00
2026-10-16,call,SPXW261016C07505000,7505.0,302.5,326.5,193.4,11.0,48.0,0.26635712898254393,2026-10-01 16:48:16+00:00,7811.5400390625,2026-10-09,2026-10-10T10:11:13+00:00
2026-10-16,call,SPXW261016C07510000,7510.0,297.6,321.5,303.2,1.0,48.0,0.26330540168762206,2026-10-09 17:31:57+00:00,7811.5400390625,2026-10-09,2026-10-10T10:11:13+00:00
2026-10-16,call,SPX261016C07515000,7515.0,307.0,308.3,245.7,26.0,97.0,0.22226729888916014,2026-10-08 17:04:10+00:00,7811.5400390625,2026-10-09,2026-10-10T10:11:13+00:00
2026-10-16,call,SPX261016C07520000,7520.0,302.1,303.4,271.25,3.0,67.0,0.219986132736206,2026-10-05 19:50:55+00:00,7811.5400390625,2026-10-09,2026-10-10T10:11:13+00:00
2026-10-16,call,SPXW261016C07525000,7525.0,297.1,299.1,315.33,18.0,492.0,0.22071854728698728,2026-10-06 19:14:02+00:00,7811.5400390625,2026-10-09,2026-10-10T10:11:13+00:00
2026-10-16,call,SPXW261016C07530000,7530.0,277.8,301.8,262.42,2.0,52.0,0.2522734075164794,2026-10-08 13:57:14+00:00,7811.5400390625,2026-10-09,2026-10-10T10:11:13+00:00
2026-10-16,call,SPX261016C07535000,7535.0,287.2,288.5,266.9,2.0,129.0,0.21205927108764644,2026-10-08 14:34:02+00:00,7811.5400390625,2026-10-09,2026-10-10T10:11:13+00:00
2026-10-16,call,SPX261016C07540000,7540.0,271.3,283.5,257.08,1.0,224.0,0.2092364233398437,2026-10-07 13:30:02+00:00,7811.5400390625,2026-10-09,2026-10-10T10:11:13+00:00
2026-10-16,call,SPXW261016C07545000,7545.0,263.0,287.0,253.88,1.0,36.0,0.2437667176818848,2026-10-09 13:32:45+00:00,7811.5400390625,2026-10-09,2026-10-10T10:11:13+00:00
2026-10-16,call,SPXW261016C07550000,7550.0,272.6,274.3,268.38,7.0,1004.0,0.20742064559936518,2026-10-09 18:45:54+00:00,7811.5400390625,2026-10-09,2026-10-10T10:11:13+00:00
2026-10-16,call,SPX261016C07555000,7555.0,267.5,268.7,230.8,5.0,125.0,0.2016833982849121,2026-10-08 15:45:52+00:00,7811.5400390625,2026-10-09,2026-10-10T10:11:13+00:00
2026-10-16,call,SPX261016C07560000,7560.0,262.6,263.9,143.27,2.0,282.0,0.19977606872558595,2026-10-01 14:34:07+00:00,7811.5400390625,2026-10-09,2026-10-10T10:11:13+00:00
2026-10-16,call,SPXW261016C07565000,7565.0,243.4,267.4,233.52,2.0,33.0,0.23277287010192874,2026-10-01 19:53:36+00:00,7811.5400390625,2026-10-09,2026-10-10T10:11:13+00:00
2026-10-16,call,SPXW261016C07570000,7570.0,238.5,262.5,266.21,6.0,53.0,0.2299881689453125,2026-10-06 19:53:14+00:00,7811.5400390625,2026-10-09,2026-10-10T10:11:13+00:00
2026-10-16,call,SPX261016C07575000,7575.0,247.9,249.1,243.68,10.0,1151.0,0.1920475693511963,2026-10-09 19:53:40+00:00,7811.5400390625,2026-10-09,2026-10-10T10:11:13+00:00
2026-10-16,call,SPX261016C07580000,7580.0,243.0,244.2,196.9,26.0,302.0,0.1895909288787842,2026-10-08 17:15:49+00:00,7811.5400390625,2026-10-09,2026-10-10T10:11:13+00:00
2026-10-16,call,SPX261016C07585000,7585.0,238.1,239.3,169.36,3.0,81.0,0.1871190297698975,2026-10-02 15:33:27+00:00,7811.5400390625,2026-10-09,2026-10-10T10:11:13+00:00
2026-10-16,call,SPXW261016C07590000,7590.0,219.0,243.0,202.83,1.0,95.0,0.21905535591125488,2026-10-07 13:48:44+00:00,7811.5400390625,2026-10-09,2026-10-10T10:11:13+00:00
2026-10-16,call,SPX261016C07595000,7595.0,228.3,229.6,230.2,26.0,112.0,0.18254906814575195,2026-09-22 19:31:36+00:00,7811.5400390625,2026-10-09,2026-10-10T10:11:13+00:00
2026-10-16,call,SPX261016C07600000,7600.0,223.4,224.7,216.0,7.0,12725.0,0.18001613449096682,2026-10-09 17:32:12+00:00,7811.5400390625,2026-10-09,2026-10-10T10:11:13+00:00
2026-10-16,call,SPX261016C07605000,7605.0,218.6,219.8,199.77,3.0,153.0,0.1774603128814697,2026-10-08 14:35:39+00:00,7811.5400390625,2026-10-09,2026-10-10T10:11:13+00:00
2026-10-16,call,SPX261016C07610000,7610.0,213.7,214.9,243.32,6.0,735.0,0.17488923263549805,2026-10-06 15:06:49+00:00,7811.5400390625,2026-10-09,2026-10-10T10:11:13+00:00
2026-10-16,call,SPXW261016C07615000,7615.0,200.2,224.2,149.95,2.0,76.0,0.2238770850372314,2026-10-08 17:26:11+00:00,7811.5400390625,2026-10-09,2026-10-10T10:11:13+00:00
2026-10-16,call,SPXW261016C07620000,7620.0,204.4,206.3,188.14,5.0,358.0,0.17452302536010744,2026-10-09 15:17:05+00:00,7811.5400390625,2026-10-09,2026-10-10T10:11:13+00:00
2026-10-16,call,SPX261016C07625000,7625.0,199.2,200.5,167.52,9.0,2140.0,0.16825172576904301,2026-10-07 14:16:15+00:00,7811.5400390625,2026-10-09,2026-10-10T10:11:13+00:00
2026-10-16,call,SPX261016C07630000,7630.0,194.4,195.7,154.4,1.0,6750.0,0.1659781889343262,2026-10-08 19:59:57+00:00,7811.5400390625,2026-10-09,2026-10-10T10:11:13+00:00
2026-10-16,call,SPXW261016C07635000,7635.0,177.8,197.7,187.36,1.0,173.0,0.18844653114318846,2026-10-09 20:01:45+00:00,7811.5400390625,2026-10-09,2026-10-10T10:11:13+00:00
2026-10-16,call,SPXW261016C07640000,7640.0,185.4,187.1,171.04,1.0,357.0,0.16512370529174808,2026-10-09 15:17:50+00:00,7811.5400390625,2026-10-09,2026-10-10T10:11:13+00:00
2026-10-16,call,SPX261016C07645000,7645.0,180.1,181.3,124.4,13.0,558.0,0.15895158683776858,2026-10-02 19:59:46+00:00,7811.5400390625,2026-10-09,2026-10-10T10:11:13+00:00
2026-10-16,call,SPX261016C07650000,7650.0,175.3,176.6,174.7,41.0,7766.0,0.15691455886840822,2026-10-09 18:59:37+00:00,7811.5400390625,2026-10-09,2026-10-10T10:11:13+00:00
2026-10-16,call,SPXW261016C07655000,7655.0,169.0,175.7,171.58,5.0,114.0,0.1682364671325684,2026-10-09 19:10:34+00:00,7811.5400390625,2026-10-09,2026-10-10T10:11:13+00:00
2026-10-16,call,SPXW261016C07660000,7660.0,164.3,171.0,127.5,24.0,127.0,0.16589426643371585,2026-10-08 19:25:46+00:00,7811.5400390625,2026-10-09,2026-10-10T10:11:13+00:00
2026-10-16,call,SPXW261016C07665000,7665.0,159.6,166.3,117.3,18.0,228.0,0.16351773380279544,2026-10-08 17:17:30+00:00,7811.5400390625,2026-10-09,2026-10-10T10:11:13+00:00
2026-10-16,call,SPXW261016C07670000,7670.0,157.3,159.1,158.23,14.0,299.0,0.15276420974731447,2026-10-09 19:16:53+00:00,7811.5400390625,2026-10-09,2026-10-10T10:11:13+00:00
2026-10-16,call,SPX261016C07675000,7675.0,151.9,153.1,131.9,1.0,3495.0,0.14602370708465573,2026-10-09 14:30:48+00:00,7811.5400390625,2026-10-09,2026-10-10T10:11:13+00:00
2026-10-16,call,SPXW261016C07680000,7680.0,148.1,149.9,127.63,1.0,193.0,0.14869015380859374,2026-10-08 19:58:15+00:00,7811.5400390625,2026-10-09,2026-10-10T10:11:13+00:00
2026-10-16,call,SPXW261016C07685000,7685.0,141.3,147.9,139.41,5.0,177.0,0.15481649635314945,2026-10-09 16:57:10+00:00,7811.5400390625,2026-10-09,2026-10-10T10:11:13+00:00
2026-10-16,call,SPXW261016C07690000,7690.0,138.9,140.7,138.69,14.0,253.0,0.1443795890045166,2026-10-09 19:38:25+00:00,7811.5400390625,2026-10-09,2026-10-10T10:11:13+00:00
2026-10-16,call,SPX261016C07695000,7695.0,133.6,134.8,116.32,1.0,279.0,0.13803581089019779,2026-10-08 19:57:24+00:00,7811.5400390625,2026-10-09,2026-10-10T10:11:13+00:00
2026-10-16,call,SPX261016C07700000,7700.0,129.0,130.3,120.75,26.0,19631.0,0.13611322269439696,2026-10-09 16:27:17+00:00,7811.5400390625,2026-10-09,2026-10-10T10:11:13+00:00
2026-10-16,call,SPX261016C07705000,7705.0,124.7,125.9,111.16,3.0,945.0,0.13442332870483398,2026-10-09 14:56:39+00:00,7811.5400390625,2026-10-09,2026-10-10T10:11:13+00:00
2026-10-16,call,SPXW261016C07710000,7710.0,121.2,123.1,117.67,79.0,410.0,0.13741402145385745,2026-10-09 16:53:34+00:00,7811.5400390625,2026-10-09,2026-10-10T10:11:13+00:00
2026-10-16,call,SPX261016C07715000,7715.0,115.8,117.1,92.14,1.0,401.0,0.1307841439056396,2026-10-08 17:44:18+00:00,7811.5400390625,2026-10-09,2026-10-10T10:11:13+00:00
2026-10-16,call,SPX261016C07720000,7720.0,111.5,112.7,105.05,8.0,481.0,0.12883866775512692,2026-10-09 17:43:13+00:00,7811.5400390625,2026-10-09,2026-10-10T10:11:13+00:00
2026-10-16,call,SPXW261016C07725000,7725.0,108.4,110.0,106.07,90.0,1314.0,0.13161573959350586,2026-10-09 20:11:29+00:00,7811.5400390625,2026-10-09,2026-10-10T10:11:13+00:00
2026-10-16,call,SPX261016C07730000,7730.0,103.0,104.2,95.2,3.0,3022.0,0.1255237289810181,2026-10-09 16:23:15+00:00,7811.5400390625,2026-10-09,2026-10-10T10:11:13+00:00
2026-10-16,call,SPXW261016C07735000,7735.0,100.0,101.8,95.2,50.0,228.0,0.1287623745727539,2026-10-09 18:10:27+00:00,7811.5400390625,2026-10-09,2026-10-10T10:11:13+00:00
2026-10-16,call,SPX261016C07740000,7740.0,94.5,95.7,87.16,2.0,618.0,0.12179680702209472,2026-10-09 16:40:59+00:00,7811.5400390625,2026-10-09,2026-10-10T10:11:13+00:00
2026-10-16,call,SPXW261016C07745000,7745.0,91.8,93.6,77.8,85.0,229.0,0.12545887977600098,2026-10-09 16:02:03+00:00,7811.5400390625,2026-10-09,2026-10-10T10:11:13+00:00
2026-10-16,call,SPX261016C07750000,7750.0,86.5,87.7,81.5,334.0,18421.0,0.11896251529693602,2026-10-09 19:59:02+00:00,7811.5400390625,2026-10-09,2026-10-10T10:11:13+00:00
2026-10-16,call,SPX261016C07755000,7755.0,82.5,83.7,77.43,5.0,472.0,0.1173489144897461,2026-10-09 16:34:22+00:00,7811.5400390625,2026-10-09,2026-10-10T10:11:13+00:00
2026-10-16,call,SPXW261016C07760000,7760.0,80.2,81.6,76.5,144.0,432.0,0.12040827110290528,2026-10-09 19:34:04+00:00,7811.5400390625,2026-10-09,2026-10-10T10:11:13+00:00
2026-10-16,call,SPXW261016C07765000,7765.0,76.4,77.6,72.02,262.0,428.0,0.1184704242706299,2026-10-09 19:59:53+00:00,7811.5400390625,2026-10-09,2026-10-10T10:11:13+00:00
2026-10-16,call,SPXW261016C07770000,7770.0,73.1,73.6,71.3,268.0,589.0,0.11641050834655761,2026-10-09 20:02:29+00:00,7811.5400390625,2026-10-09,2026-10-10T10:11:13+00:00
2026-10-16,call,SPXW261016C07775000,7775.0,69.5,70.0,67.64,737.0,4880.0,0.11518600276947022,2026-10-09 20:02:29+00:00,7811.5400390625,2026-10-09,2026-10-10T10:11:13+00:00
2026-10-16,call,SPX261016C07780000,7780.0,63.9,65.0,64.24,77.0,1074.0,0.11044056682586668,2026-10-09 19:28:59+00:00,7811.5400390625,2026-10-09,2026-10-10T10:11:13+00:00
2026-10-16,call,SPXW261016C07785000,7785.0,62.5,62.9,61.46,331.0,922.0,0.1125042974090576,2026-10-09 20:03:01+00:00,7811.5400390625,2026-10-09,2026-10-10T10:11:13+00:00
2026-10-16,call,SPXW261016C07790000,7790.0,59.1,59.6,56.68,863.0,926.0,0.11150485671997071,2026-10-09 20:09:39+00:00,7811.5400390625,2026-10-09,2026-10-10T10:11:13+00:00
2026-10-16,call,SPXW261016C07795000,7795.0,55.8,56.3,54.3,530.0,534.0,0.11032994171142577,2026-10-09 19:42:24+00:00,7811.5400390625,2026-10-09,2026-10-10T10:11:13+00:00
2026-10-16,call,SPXW261016C07800000,7800.0,52.6,53.1,50.45,1476.0,3176.0,0.10921224658966062,2026-10-09 20:14:05+00:00,7811.5400390625,2026-10-09,2026-10-10T10:11:13+00:00
2026-10-16,call,SPX261016C07805000,7805.0,47.3,48.5,45.45,103.0,622.0,0.10465372894287109,2026-10-09 20:11:52+00:00,7811.5400390625,2026-10-09,2026-10-10T10:11:13+00:00
2026-10-16,call,SPX261016C07810000,7810.0,44.4,45.5,43.4,775.0,3042.0,0.1036275856399536,2026-10-09 20:04:22+00:00,7811.5400390625,2026-10-09,2026-10-10T10:11:13+00:00
2026-10-16,call,SPX261016C07815000,7815.0,41.5,42.6,39.78,170.0,1211.0,0.10262814495086668,2026-10-09 19:54:14+00:00,7811.5400390625,2026-10-09,2026-10-10T10:11:13+00:00
2026-10-16,call,SPXW261016C07820000,7820.0,40.9,41.4,39.1,1017.0,568.0,0.10536707019805909,2026-10-09 20:07:54+00:00,7811.5400390625,2026-10-09,2026-10-10T10:11:13+00:00
2026-10-16,call,SPX261016C07825000,7825.0,36.1,37.2,33.7,438.0,4534.0,0.1009229923248291,2026-10-09 19:59:20+00:00,7811.5400390625,2026-10-09,2026-10-10T10:11:13+00:00
2026-10-16,call,SPX261016C07830000,7830.0,33.5,34.6,31.88,173.0,1211.0,0.09997695686340333,2026-10-09 19:54:00+00:00,7811.5400390625,2026-10-09,2026-10-10T10:11:13+00:00
2026-10-16,call,SPX261016C07835000,7835.0,31.1,32.1,29.67,62.0,565.0,0.09903855072021485,2026-10-09 20:11:53+00:00,7811.5400390625,2026-10-09,2026-10-10T10:11:13+00:00
2026-10-16,call,SPX261016C07840000,7840.0,28.7,29.8,28.8,48.0,343.0,0.09834046810150146,2026-10-09 19:37:28+00:00,7811.5400390625,2026-10-09,2026-10-10T10:11:13+00:00
2026-10-16,call,SPX261016C07845000,7845.0,26.6,27.6,26.47,131.0,925.0,0.09765001480102539,2026-10-09 19:42:48+00:00,7811.5400390625,2026-10-09,2026-10-10T10:11:13+00:00
2026-10-16,call,SPX261016C07850000,7850.0,24.5,25.5,23.7,1782.0,13931.0,0.09696337615966799,2026-10-09 20:04:53+00:00,7811.5400390625,2026-10-09,2026-10-10T10:11:13+00:00
2026-10-16,call,SPX261016C07855000,7855.0,22.5,23.5,20.3,69.0,618.0,0.09628436683654787,2026-10-09 19:59:57+00:00,7811.5400390625,2026-10-09,2026-10-10T10:11:13+00:00
2026-10-16,call,SPX261016C07860000,7860.0,20.6,21.6,19.0,143.0,1055.0,0.09561298683166505,2026-10-09 19:59:35+00:00,7811.5400390625,2026-10-09,2026-10-10T10:11:13+00:00
2026-10-16,call,SPX261016C07865000,7865.0,18.9,19.8,17.0,87.0,332.0,0.09494160682678224,2026-10-09 19:59:56+00:00,7811.5400390625,2026-10-09,2026-10-10T10:11:13+00:00
2026-10-16,call,SPX261016C07870000,7870.0,17.3,18.1,17.12,793.0,7123.0,0.09428548545837404,2026-10-09 20:03:01+00:00,7811.5400390625,2026-10-09,2026-10-10T10:11:13+00:00
2026-10-16,call,SPXW261016C07875000,7875.0,17.5,17.8,16.4,1349.0,1820.0,0.09725329025268556,2026-10-09 20:14:04+00:00,7811.5400390625,2026-10-09,2026-10-10T10:11:13+00:00
2026-10-16,call,SPX261016C07880000,7880.0,14.3,15.2,13.56,1027.0,833.0,0.093583588180542,2026-10-09 20:11:53+00:00,7811.5400390625,2026-10-09,2026-10-10T10:11:13+00:00
2026-10-16,call,SPXW261016C07885000,7885.0,14.6,14.9,13.62,592.0,245.0,0.09626910820007326,2026-10-09 20:12:24+00:00,7811.5400390625,2026-10-09,2026-10-10T10:11:13+00:00
2026-10-16,call,SPX261016C07890000,7890.0,11.7,12.6,11.83,140.0,702.0,0.09275199249267577,2026-10-09 19:42:05+00:00,7811.5400390625,2026-10-09,2026-10-10T10:11:13+00:00
2026-10-16,call,SPXW261016C07895000,7895.0,12.1,12.4,11.25,1005.0,213.0,0.09546802978515626,2026-10-09 20:12:23+00:00,7811.5400390625,2026-10-09,2026-10-10T10:11:13+00:00
2026-10-16,call,SPX261016C07900000,7900.0,9.5,10.3,8.8,3826.0,17419.0,0.0918135863494873,2026-10-09 19:58:42+00:00,7811.5400390625,2026-10-09,2026-10-10T10:11:13+00:00
2026-10-16,call,SPX261016C07905000,7905.0,8.5,9.3,8.8,55.0,484.0,0.09144737907409667,2026-10-09 19:12:12+00:00,7811.5400390625,2026-10-09,2026-10-10T10:11:13+00:00
2026-10-16,call,SPXW261016C07910000,7910.0,9.0,9.3,8.37,673.0,714.0,0.09451436500549318,2026-10-09 20:13:13+00:00,7811.5400390625,2026-10-09,2026-10-10T10:11:13+00:00
2026-10-16,call,SPXW261016C07915000,7915.0,8.1,8.4,7.51,541.0,674.0,0.09416341636657716,2026-10-09 20:12:24+00:00,7811.5400390625,2026-10-09,2026-10-10T10:11:13+00:00
2026-10-16,call,SPXW261016C07920000,7920.0,7.3,7.6,6.83,850.0,804.0,0.0939497954559326,2026-10-09 20:11:58+00:00,7811.5400390625,2026-10-09,2026-10-10T10:11:13+00:00
2026-10-16,call,SPX261016C07925000,7925.0,5.4,6.1,5.0,552.0,2653.0,0.09041742111206055,2026-10-09 19:57:26+00:00,7811.5400390625,2026-10-09,2026-10-10T10:11:13+00:00
2026-10-16,call,SPXW261016C07930000,7930.0,5.9,6.1,5.42,2279.0,706.0,0.09316397567749024,2026-10-09 20:14:10+00:00,7811.5400390625,2026-10-09,2026-10-10T10:11:13+00:00
2026-10-16,call,SPXW261016C07935000,7935.0,5.2,5.5,4.8,378.0,288.0,0.09305716522216798,2026-10-09 20:09:13+00:00,7811.5400390625,2026-10-09,2026-10-10T10:11:13+00:00
2026-10-16,call,SPX261016C07940000,7940.0,3.8,4.3,3.83,173.0,583.0,0.0895171615600586,2026-10-09 19:41:43+00:00,7811.5400390625,2026-10-09,2026-10-10T10:11:13+00:00
2026-10-16,call,SPX261016C07945000,7945.0,3.3,3.8,3.08,163.0,548.0,0.0891967301940918,2026-10-09 20:00:04+00:00,7811.5400390625,2026-10-09,2026-10-10T10:11:13+00:00
2026-10-16,call,SPX261016C07950000,7950.0,2.95,3.4,2.7,2225.0,13418.0,0.08921198883056641,2026-10-09 20:07:35+00:00,7811.5400390625,2026-10-09,2026-10-10T10:11:13+00:00
2026-10-16,call,SPXW261016C07955000,7955.0,3.3,3.6,3.02,379.0,440.0,0.09288932022094726,2026-10-09 20:11:11+00:00,7811.5400390625,2026-10-09,2026-10-10T10:11:13+00:00
2026-10-16,call,SPXW261016C07960000,7960.0,2.95,3.2,2.7,448.0,500.0,0.09269095794677734,2026-10-09 20:09:31+00:00,7811.5400390625,2026-10-09,2026-10-10T10:11:13+00:00
2026-10-16,call,SPX261016C07965000,7965.0,1.95,2.45,2.0,190.0,890.0,0.08957819610595702,2026-10-09 19:02:25+00:00,7811.5400390625,2026-10-09,2026-10-10T10:11:13+00:00
2026-10-16,call,SPX261016C07970000,7970.0,1.75,2.1,1.65,30.0,1035.0,0.08892207473754885,2026-10-09 19:58:55+00:00,7811.5400390625,2026-10-09,2026-10-10T10:11:13+00:00
2026-10-16,call,SPXW261016C07975000,7975.0,2.05,2.25,1.84,948.0,1248.0,0.09241630249023436,2026-10-09 20:11:06+00:00,7811.5400390625,2026-10-09,2026-10-10T10:11:13+00:00
2026-10-16,call,SPXW261016C07980000,7980.0,1.8,2.0,1.6,496.0,1535.0,0.09240104385375975,2026-10-09 20:09:50+00:00,7811.5400390625,2026-10-09,2026-10-10T10:11:13+00:00
2026-10-16,call,SPX261016C07985000,7985.0,1.15,1.55,1.15,49.0,307.0,0.09005121383666992,2026-10-09 19:34:45+00:00,7811.5400390625,2026-10-09,2026-10-10T10:11:13+00:00
2026-10-16,call,SPX261016C07990000,7990.0,1.0,1.35,1.04,102.0,1196.0,0.0898528515625,2026-10-09 20:03:45+00:00,7811.5400390625,2026-10-09,2026-10-10T10:11:13+00:00
2026-10-16,call,SPXW261016C07995000,7995.0,1.25,1.4,1.15,161.0,223.0,0.0924773370361328,2026-10-09 20:11:22+00:00,7811.5400390625,2026-10-09,2026-10-10T10:11:13+00:00
2026-10-16,call,SPX261016C08000000,8000.0,0.8,1.05,0.83,3936.0,207408.0,0.08994440338134765,2026-10-09 20:13:01+00:00,7811.5400390625,2026-10-09,2026-10-10T10:11:13+00:00
2026-10-16,call,SPX261016C08005000,8005.0,0.7,0.95,0.73,48.0,244.0,0.09040216247558594,2026-10-09 20:08:48+00:00,7811.5400390625,2026-10-09,2026-10-10T10:11:13+00:00
2026-10-16,call,SPX261016C08010000,8010.0,0.6,0.85,0.65,67.0,776.0,0.09070733520507812,2026-10-09 20:08:20+00:00,7811.5400390625,2026-10-09,2026-10-10T10:11:13+00:00
2026-10-16,call,SPX261016C08015000,8015.0,0.5,0.85,0.57,154.0,187.0,0.09259940612792968,2026-10-09 20:07:53+00:00,7811.5400390625,2026-10-09,2026-10-10T10:11:13+00:00
2026-10-16,call,SPX261016C08020000,8020.0,0.45,0.75,0.53,52.0,1510.0,0.09269095794677734,2026-10-09 20:05:53+00:00,7811.5400390625,2026-10-09,2026-10-10T10:11:13+00:00
2026-10-16,call,SPXW261016C08025000,8025.0,0.6,0.75,0.6,391.0,649.0,0.0945525115966797,2026-10-09 20:11:29+00:00,7811.5400390625,2026-10-09,2026-10-10T10:11:13+00:00
2026-10-16,call,SPXW261016C08030000,8030.0,0.55,0.7,0.55,141.0,579.0,0.09540699523925782,2026-10-09 20:11:50+00:00,7811.5400390625,2026-10-09,2026-10-10T10:11:13+00:00
2026-10-16,call,SPXW261016C08035000,8035.0,0.5,0.65,0.5,102.0,291.0,0.0961699270629883,2026-10-09 20:11:21+00:00,7811.5400390625,2026-10-09,2026-10-10T10:11:13+00:00
2026-10-16,call,SPX261016C08040000,8040.0,0.3,0.6,0.35,1.0,906.0,0.09687182434082033,2026-10-09 13:56:51+00:00,7811.5400390625,2026-10-09,2026-10-10T10:11:13+00:00
2026-10-16,call,SPXW261016C08045000,8045.0,0.4,0.55,0.45,124.0,92.0,0.09742113525390625,2026-10-09 20:14:48+00:00,7811.5400390625,2026-10-09,2026-10-10T10:11:13+00:00
2026-10-16,call,SPX261016C08050000,8050.0,0.25,0.5,0.32,24.0,10098.0,0.09790941162109376,2026-10-09 15:32:53+00:00,7811.5400390625,2026-10-09,2026-10-10T10:11:13+00:00
2026-10-16,call,SPXW261016C08055000,8055.0,0.35,0.5,0.4,128.0,951.0,0.09967941345214844,2026-10-09 20:14:48+00:00,7811.5400390625,2026-10-09,2026-10-10T10:11:13+00:00
2026-10-16,call,SPX261016C08060000,8060.0,0.2,0.45,0.26,12.0,707.0,0.09998458618164063,2026-10-09 19:00:59+00:00,7811.5400390625,2026-10-09,2026-10-10T10:11:13+00:00
2026-10-16,call,SPXW261016C08065000,8065.0,0.3,0.45,0.3,2812.0,123.0,0.10169355346679687,2026-10-09 20:09:50+00:00,7811.5400390625,2026-10-09,2026-10-10T10:11:13+00:00
2026-10-16,call,SPXW261016C08070000,8070.0,0.3,0.4,0.3,57.0,316.0,0.10181562255859375,2026-10-09 19:59:41+00:00,7811.5400390625,2026-10-09,2026-10-10T10:11:13+00:00
2026-10-16,call,SPX261016C08075000,8075.0,0.15,0.4,0.25,5.0,5605.0,0.10352458984374999,2026-10-09 15:46:02+00:00,7811.5400390625,2026-10-09,2026-10-10T10:11:13+00:00
2026-10-16,call,SPXW261016C08080000,8080.0,0.25,0.4,0.29,45.0,674.0,0.10517252258300781,2026-10-09 20:02:01+00:00,7811.5400390625,2026-10-09,2026-10-10T10:11:13+00:00
2026-10-16,call,SPXW261016C08085000,8085.0,0.25,0.35,0.3,68.0,20.0,0.10511148803710937,2026-10-09 20:01:13+00:00,7811.5400390625,2026-10-09,2026-10-10T10:11:13+00:00
2026-10-16,call,SPXW261016C08090000,8090.0,0.25,0.35,0.25,26.0,409.0,0.10669838623046876,2026-10-09 19:59:40+00:00,7811.5400390625,2026-10-09,2026-10-10T10:11:13+00:00
2026-10-16,call,SPX261016C08095000,8095.0,0.1,0.35,1.9,12.0,21.0,0.108407353515625,2026-10-06 14:56:31+00:00,7811.5400390625,2026-10-09,2026-10-10T10:11:13+00:00
2026-10-16,call,SPXW261016C08100000,8100.0,0.2,0.35,0.25,122.0,715.0,0.10999425170898436,2026-10-09 20:00:07+00:00,7811.5400390625,2026-10-09,2026-10-10T10:11:13+00:00
2026-10-16,call,SPX261016C08105000,8105.0,0.1,0.35,0.2,4.0,380.0,0.11164218444824218,2026-10-09 18:22:49+00:00,7811.5400390625,2026-10-09,2026-10-10T10:11:13+00:00
2026-10-16,call,SPX261016C08110000,8110.0,0.1,0.35,0.2,4.0,902.0,0.1132901171875,2026-10-09 18:35:13+00:00,7811.5400390625,2026-10-09,2026-10-10T10:11:13+00:00
2026-10-16,call,SPXW261016C08115000,8115.0,0.2,0.3,0.2,98.0,43.0,0.1128018408203125,2026-10-09 19:58:34+00:00,7811.5400390625,2026-10-09,2026-10-10T10:11:13+00:00
2026-10-16,call,SPXW261016C08120000,8120.0,0.15,0.3,0.2,60.0,1829.0,0.11438873901367189,2026-10-09 19:35:40+00:00,7811.5400390625,2026-10-09,2026-10-10T10:11:13+00:00
2026-10-16,call,SPX261016C08125000,8125.0,0.1,0.3,0.17,550.0,5588.0,0.11597563720703125,2026-10-09 17:38:11+00:00,7811.5400390625,2026-10-09,2026-10-10T10:11:13+00:00
2026-10-16,call,SPX261016C08130000,8130.0,0.05,0.3,0.21,40.0,542.0,0.11756253540039063,2026-10-09 19:37:20+00:00,7811.5400390625,2026-10-09,2026-10-10T10:11:13+00:00
2026-10-16,call,SPXW261016C08135000,8135.0,0.15,0.25,0.2,108.0,39.0,0.1167080517578125,2026-10-09 19:54:34+00:00,7811.5400390625,2026-10-09,2026-10-10T10:11:13+00:00
2026-10-16,call,SPXW261016C08140000,8140.0,0.15,0.25,0.2,28.0,240.0,0.11829494995117187,2026-10-09 19:36:10+00:00,7811.5400390625,2026-10-09,2026-10-10T10:11:13+00:00
2026-10-16,call,SPXW261016C08145000,8145.0,0.15,0.25,0.2,21.0,327.0,0.1198208135986328,2026-10-09 19:36:11+00:00,7811.5400390625,2026-10-09,2026-10-10T10:11:13+00:00
2026-10-16,call,SPX261016C08150000,8150.0,0.05,0.3,0.15,22.0,7754.0,0.12391012817382813,2026-10-09 19:00:09+00:00,7811.5400390625,2026-10-09,2026-10-10T10:11:13+00:00
2026-10-16,call,SPXW261016C08155000,8155.0,0.15,0.25,0.2,15.0,379.0,0.12293357543945313,2026-10-09 19:09:29+00:00,7811.5400390625,2026-10-09,2026-10-10T10:11:13+00:00
2026-10-16,call,SPXW261016C08160000,8160.0,0.15,0.25,0.2,16.0,157.0,0.1245204736328125,2026-10-09 19:09:29+00:00,7811.5400390625,2026-10-09,2026-10-10T10:11:13+00:00
2026-10-16,call,SPX261016C08170000,8170.0,0.05,0.3,0.2,10.0,698.0,0.1302577209472656,2026-10-08 15:51:00+00:00,7811.5400390625,2026-10-09,2026-10-10T10:11:13+00:00
2026-10-16,call,SPXW261016C08175000,8175.0,0.1,0.25,0.15,73.0,537.0,0.12915909912109375,2026-10-09 19:58:32+00:00,7811.5400390625,2026-10-09,2026-10-10T10:11:13+00:00
2026-10-16,call,SPXW261016C08180000,8180.0,0.1,0.25,0.15,33.0,164.0,0.13062392822265623,2026-10-09 19:54:38+00:00,7811.5400390625,2026-10-09,2026-10-10T10:11:13+00:00
2026-10-16,call,SPX261016C08190000,8190.0,0.05,0.25,0.16,5.0,451.0,0.13367565551757812,2026-10-09 18:37:45+00:00,7811.5400390625,2026-10-09,2026-10-10T10:11:13+00:00
2026-10-16,call,SPX261016C08200000,8200.0,0.05,0.25,0.15,12.0,15766.0,0.13672738281250002,2026-10-09 16:17:59+00:00,7811.5400390625,2026-10-09,2026-10-10T10:11:13+00:00
2026-10-16,call,SPXW261016C08210000,8210.0,0.1,0.2,0.15,49.0,177.0,0.13648324462890626,2026-10-09 19:54:33+00:00,7811.5400390625,2026-10-09,2026-10-10T10:11:13+00:00
2026-10-16,call,SPX261016C08220000,8220.0,0.05,0.25,0.16,1.0,240.0,0.14283083740234376,2026-10-09 16:31:35+00:00,7811.5400390625,2026-10-09,2026-10-10T10:11:13+00:00
2026-10-16,call,SPXW261016C08225000,8225.0,0.1,0.2,0.15,14.0,233.0,0.14087773193359376,2026-10-09 14:28:15+00:00,7811.5400390625,2026-10-09,2026-10-10T10:11:13+00:00
2026-10-16,call,SPXW261016C08230000,8230.0,0.1,0.2,0.15,25.0,247.0,0.14246463012695312,2026-10-09 19:35:40+00:00,7811.5400390625,2026-10-09,2026-10-10T10:11:13+00:00
2026-10-16,call,SPX261016C08240000,8240.0,0.05,0.25,0.15,1.0,1922.0,0.1489342919921875,2026-10-09 19:49:52+00:00,7811.5400390625,2026-10-09,2026-10-10T10:11:13+00:00
2026-10-16,call,SPXW261016C08250000,8250.0,0.1,0.2,0.15,47.0,543.0,0.14832394653320313,2026-10-09 20:01:09+00:00,7811.5400390625,2026-10-09,2026-10-10T10:11:13+00:00
2026-10-16,call,SPX261016C08260000,8260.0,0.0,0.25,0.47,1.0,342.0,0.1549156774902344,2026-09-30 19:54:30+00:00,7811.5400390625,2026-10-09,2026-10-10T10:11:13+00:00
2026-10-16,call,SPXW261016C08270000,8270.0,0.1,0.2,0.1,169.0,178.0,0.15418326293945314,2026-10-09 19:29:32+00:00,7811.5400390625,2026-10-09,2026-10-10T10:11:13+00:00
2026-10-16,call,SPX261016C08275000,8275.0,0.0,0.25,0.1,20.0,2558.0,0.15931016479492188,2026-09-29 20:01:17+00:00,7811.5400390625,2026-10-09,2026-10-10T10:11:13+00:00
2026-10-16,call,SPX261016C08280000,8280.0,0.0,0.25,0.4,60.0,655.0,0.1607749938964844,2026-10-06 14:24:54+00:00,7811.5400390625,2026-10-09,2026-10-10T10:11:13+00:00
2026-10-16,call,SPXW261016C08290000,8290.0,0.05,0.2,0.1,93.0,121.0,0.16004257934570312,2026-10-09 19:32:46+00:00,7811.5400390625,2026-10-09,2026-10-10T10:11:13+00:00
2026-10-16,call,SPX261016C08300000,8300.0,0.0,0.2,0.1,139.0,13186.0,0.16285016845703126,2026-10-09 19:00:08+00:00,7811.5400390625,2026-10-09,2026-10-10T10:11:13+00:00
2026-10-16,call,SPX261016C08310000,8310.0,0.0,0.2,0.25,16.0,769.0,0.16577982666015628,2026-10-05 15:09:34+00:00,7811.5400390625,2026-10-09,2026-10-10T10:11:13+00:00
2026-10-16,call,SPX261016C08320000,8320.0,0.0,0.2,1.8,50.0,140.0,0.1687094848632813,2026-09-21 15:46:33+00:00,7811.5400390625,2026-10-09,2026-10-10T10:11:13+00:00
2026-10-16,call,SPX261016C08325000,8325.0,0.0,0.2,0.15,1.0,752.0,0.17017431396484378,2026-10-08 13:30:30+00:00,7811.5400390625,2026-10-09,2026-10-10T10:11:13+00:00
2026-10-16,call,SPX261016C08330000,8330.0,0.0,0.2,0.22,4.0,169.0,0.17163914306640626,2026-10-05 15:25:30+00:00,7811.5400390625,2026-10-09,2026-10-10T10:11:13+00:00
2026-10-16,call,SPXW261016C08340000,8340.0,0.05,0.15,0.1,79.0,66.0,0.1694418994140625,2026-10-09 19:58:25+00:00,7811.5400390625,2026-10-09,2026-10-10T10:11:13+00:00
2026-10-16,call,SPX261016C08350000,8350.0,0.0,0.2,0.1,65.0,2330.0,0.1772543212890625,2026-10-09 20:02:45+00:00,7811.5400390625,2026-10-09,2026-10-10T10:11:13+00:00
2026-10-16,call,SPXW261016C08360000,8360.0,0.05,0.15,0.1,32.0,77.0,0.17505707763671874,2026-10-09 19:54:33+00:00,7811.5400390625,2026-10-09,2026-10-10T10:11:13+00:00
2026-10-16,call,SPX261016C08370000,8370.0,0.0,0.2,0.1,30.0,264.0,0.1829915686035156,2026-10-09 20:04:12+00:00,7811.5400390625,2026-10-09,2026-10-10T10:11:13+00:00
2026-10-16,call,SPXW261016C08375000,8375.0,0.05,0.15,0.1,50.0,131.0,0.17920742675781248,2026-10-09 19:54:33+00:00,7811.5400390625,2026-10-09,2026-10-10T10:11:13+00:00
2026-10-16,call,SPXW261016C08380000,8380.0,0.05,0.15,0.1,47.0,133.0,0.180672255859375,2026-10-09 19:54:33+00:00,7811.5400390625,2026-10-09,2026-10-10T10:11:13+00:00
2026-10-16,call,SPXW261016C08390000,8390.0,0.05,0.15,0.1,36.0,8.0,0.18335777587890623,2026-10-09 19:36:03+00:00,7811.5400390625,2026-10-09,2026-10-10T10:11:13+00:00
2026-10-16,call,SPX261016C08400000,8400.0,0.0,0.2,0.09,270.0,5623.0,0.1914143359375,2026-10-09 19:00:08+00:00,7811.5400390625,2026-10-09,2026-10-10T10:11:13+00:00
2026-10-16,call,SPX261016C08410000,8410.0,0.0,0.2,0.35,16.0,246.0,0.194343994140625,2026-09-28 19:31:36+00:00,7811.5400390625,2026-10-09,2026-10-10T10:11:13+00:00
2026-10-16,call,SPX261016C08420000,8420.0,0.0,0.2,0.25,,18.0,0.19702951416015624,2026-09-29 16:17:30+00:00,7811.5400390625,2026-10-09,2026-10-10T10:11:13+00:00
2026-10-16,call,SPX261016C08425000,8425.0,0.0,0.2,0.2,2.0,654.0,0.19849434326171872,2026-09-28 19:58:16+00:00,7811.5400390625,2026-10-09,2026-10-10T10:11:13+00:00
2026-10-16,call,SPX261016C08430000,8430.0,0.0,0.2,0.6,10.0,10.0,0.19995917236328126,2026-09-25 17:48:46+00:00,7811.5400390625,2026-10-09,2026-10-10T10:11:13+00:00
2026-10-16,call,SPX261016C08440000,8440.0,0.0,0.2,0.59,10.0,22.0,0.20264469238281246,2026-09-25 17:48:54+00:00,7811.5400390625,2026-10-09,2026-10-10T10:11:13+00:00
2026-10-16,call,SPX261016C08450000,8450.0,0.0,0.2,0.1,1.0,2957.0,0.2054522814941406,2026-10-05 13:37:29+00:00,7811.5400390625,2026-10-09,2026-10-10T10:11:13+00:00
2026-10-16,call,SPXW261016C08470000,8470.0,0.1,0.15,0.05,3.0,10.0,0.20533021240234373,2026-10-09 19:29:32+00:00,7811.5400390625,2026-10-09,2026-10-10T10:11:13+00:00
2026-10-16,call,SPX261016C08475000,8475.0,0.0,0.2,0.1,1.0,3081.0,0.2124102197265625,2026-10-08 13:54:45+00:00,7811.5400390625,2026-10-09,2026-10-10T10:11:13+00:00
2026-10-16,call,SPXW261016C08490000,8490.0,0.05,0.15,0.05,1.0,750.0,0.21070125244140625,2026-10-09 19:29:32+00:00,7811.5400390625,2026-10-09,2026-10-10T10:11:13+00:00
2026-10-16,call,SPXW261016C08500000,8500.0,0.05,0.15,0.05,1.0,408.0,0.2133867724609375,2026-10-09 19:29:32+00:00,7811.5400390625,2026-10-09,2026-10-10T10:11:13+00:00
2026-10-16,call,SPX261016C08510000,8510.0,0.0,0.2,0.25,1.0,1.0,0.2219316088867187,2026-09-23 14:13:14+00:00,7811.5400390625,2026-10-09,2026-10-10T10:11:13+00:00
2026-10-16,call,SPXW261016C08520000,8520.0,0.0,0.15,0.05,1.0,5.0,0.21875781249999998,2026-10-09 19:29:32+00:00,7811.5400390625,2026-10-09,2026-10-10T10:11:13+00:00
2026-10-16,call,SPX261016C08525000,8525.0,0.0,0.2,0.15,1.0,827.0,0.2260819580078125,2026-10-06 14:22:41+00:00,7811.5400390625,2026-10-09,2026-10-10T10:11:13+00:00
2026-10-16,call,SPXW261016C08530000,8530.0,0.0,0.15,0.05,1.0,93.0,0.22144333251953124,2026-10-09 19:29:32+00:00,7811.5400390625,2026-10-09,2026-10-10T10:11:13+00:00
2026-10-16,call,SPXW261016C08540000,8540.0,0.0,0.15,0.05,1.0,6.0,0.22412885253906245,2026-10-09 19:29:32+00:00,7811.5400390625,2026-10-09,2026-10-10T10:11:13+00:00
2026-10-16,call,SPX261016C08550000,8550.0,0.0,0.2,0.2,1.0,2328.0,0.2329178271484375,2026-10-06 15:20:16+00:00,7811.5400390625,2026-10-09,2026-10-10T10:11:13+00:00
2026-10-16,call,SPX261016C08575000,8575.0,0.0,0.15,0.05,1.0,2426.0,0.233406103515625,2026-10-07 14:35:33+00:00,7811.5400390625,2026-10-09,2026-10-10T10:11:13+00:00
2026-10-16,call,SPX261016C08600000,8600.0,0.0,0.15,0.05,81.0,4071.0,0.23975369628906246,2026-10-09 18:22:58+00:00,7811.5400390625,2026-10-09,2026-10-10T10:11:13+00:00
2026-10-16,call,SPX261016C08625000,8625.0,0.0,0.15,0.4,1.0,2271.0,0.24634542724609376,2026-09-22 14:35:20+00:00,7811.5400390625,2026-10-09,2026-10-10T10:11:13+00:00
2026-10-16,call,SPXW261016C08650000,8650.0,0.0,0.1,0.1,3.0,67.0,0.24414818359375,2026-10-05 15:46:04+00:00,7811.5400390625,2026-10-09,2026-10-10T10:11:13+00:00
2026-10-16,call,SPX261016C08675000,8675.0,0.0,0.15,0.2,5.0,2090.0,0.25928475097656256,2026-09-23 15:30:34+00:00,7811.5400390625,2026-10-09,2026-10-10T10:11:13+00:00
2026-10-16,call,SPXW261016C08700000,8700.0,0.0,0.1,0.15,7.0,100.0,0.25659923095703124,2026-09-28 19:53:18+00:00,7811.5400390625,2026-10-09,2026-10-10T10:11:13+00:00
2026-10-16,call,SPX261016C08725000,8725.0,0.0,0.15,0.05,1.0,1520.0,0.2722240747070312,2026-10-09 16:30:32+00:00,7811.5400390625,2026-10-09,2026-10-10T10:11:13+00:00
2026-10-16,call,SPX261016C08750000,8750.0,0.0,0.15,0.2,1.0,2083.0,0.27857166748046874,2026-09-21 15:19:53+00:00,7811.5400390625,2026-10-09,2026-10-10T10:11:13+00:00
2026-10-16,call,SPX261016C08775000,8775.0,0.0,0.15,0.05,1.0,121.0,0.2849192602539062,2026-10-06 13:35:44+00:00,7811.5400390625,2026-10-09,2026-10-10T10:11:13+00:00
2026-10-16,call,SPX261016C08800000,8800.0,0.0,0.15,0.12,1.0,5266.0,0.2912668530273437,2026-09-29 19:23:28+00:00,7811.5400390625,2026-10-09,2026-10-10T10:11:13+00:00
2026-10-16,call,SPX261016C08850000,8850.0,0.0,0.15,0.05,275.0,686.0,0.30371790039062496,2026-10-09 20:13:40+00:00,7811.5400390625,2026-10-09,2026-10-10T10:11:13+00:00
2026-10-16,call,SPXW261016C08900000,8900.0,0.0,0.1,0.05,50.0,208.0,0.305671005859375,2026-10-09 19:26:33+00:00,7811.5400390625,2026-10-09,2026-10-10T10:11:13+00:00
2026-10-16,call,SPX261016C09000000,9000.0,0.0,0.15,0.1,1.0,10896.0,0.340826904296875,2026-09-24 16:20:18+00:00,7811.5400390625,2026-10-09,2026-10-10T10:11:13+00:00
2026-10-16,call,SPXW261016C09100000,9100.0,0.0,0.1,0.05,20.0,72.0,0.352545537109375,2026-09-18 14:30:01+00:00,7811.5400390625,2026-10-09,2026-10-10T10:11:13+00:00
2026-10-16,call,SPXW261016C09200000,9200.0,0.0,0.1,0.15,3.0,114.0,0.3754945263671875,2026-09-01 19:00:36+00:00,7811.5400390625,2026-10-09,2026-10-10T10:11:13+00:00
2026-10-16,call,SPX261016C09300000,9300.0,0.0,0.1,0.1,100.0,168.0,0.398443515625,2026-09-15 19:34:03+00:00,7811.5400390625,2026-10-09,2026-10-10T10:11:13+00:00
2026-10-16,call,SPXW261016C09400000,9400.0,0.0,0.15,0.15,1.0,0.0,0.43457596679687505,2026-08-18 13:30:14+00:00,7811.5400390625,2026-10-09,2026-10-10T10:11:13+00:00
2026-10-16,call,SPX261016C09500000,9500.0,0.0,0.1,0.05,12.0,158.0,0.442388388671875,2026-09-15 19:26:22+00:00,7811.5400390625,2026-10-09,2026-10-10T10:11:13+00:00
2026-10-16,call,SPX261016C09600000,9600.0,0.0,0.1,0.15,22.0,928.0,0.463872548828125,2026-09-03 19:09:19+00:00,7811.5400390625,2026-10-09,2026-10-10T10:11:13+00:00
2026-10-16,call,SPX261016C09800000,9800.0,0.0,0.1,0.15,11.0,345.0,0.5063525927734375,2026-09-03 19:01:25+00:00,7811.5400390625,2026-10-09,2026-10-10T10:11:13+00:00
2026-10-16,call,SPXW261016C10000000,10000.0,0.0,0.05,0.05,22.0,293.0,0.5205126074218749,2026-09-30 19:59:56+00:00,7811.5400390625,2026-10-09,2026-10-10T10:11:13+00:00
2026-10-16,call,SPXW261016C10200000,10200.0,0.0,0.05,0.05,1.0,17.0,0.5351608984375,2026-09-24 19:25:09+00:00,7811.5400390625,2026-10-09,2026-10-10T10:11:13+00:00
2026-10-16,call,SPX261016C10400000,10400.0,0.0,0.0,0.05,310.0,1118.0,0.2500075,2026-09-16 19:11:44+00:00,7811.5400390625,2026-10-09,2026-10-10T10:11:13+00:00
2026-10-16,call,SPX261016C10600000,10600.0,0.0,0.1,0.05,40.0,465.0,0.632816171875,2026-09-16 18:53:22+00:00,7811.5400390625,2026-10-09,2026-10-10T10:11:13+00:00
2026-10-16,call,SPX261016C10800000,10800.0,0.0,0.1,0.05,610.0,993.0,0.6679720703125002,2026-09-10 14:06:27+00:00,7811.5400390625,2026-10-09,2026-10-10T10:11:13+00:00
2026-10-16,call,SPX261016C11000000,11000.0,0.0,0.1,0.05,80.0,363.0,0.70312796875,2026-09-01 18:47:48+00:00,7811.5400390625,2026-10-09,2026-10-10T10:11:13+00:00
2026-10-16,call,SPX261016C11200000,11200.0,0.0,0.1,0.05,4.0,1120.0,0.7382838671874999,2026-09-25 19:21:04+00:00,7811.5400390625,2026-10-09,2026-10-10T10:11:13+00:00
2026-10-16,call,SPX261016C11400000,11400.0,0.0,0.1,0.05,100.0,2534.0,0.77148666015625,2026-08-28 16:14:40+00:00,7811.5400390625,2026-10-09,2026-10-10T10:11:13+00:00
2026-10-16,call,SPX261016C11600000,11600.0,0.0,0.1,0.05,11.0,89.0,0.8027363476562499,2026-08-26 20:01:44+00:00,7811.5400390625,2026-10-09,2026-10-10T10:11:13+00:00
2026-10-16,call,SPX261016C12000000,12000.0,0.0,0.1,0.03,1.0,102.0,0.867188828125,2026-09-01 15:14:44+00:00,7811.5400390625,2026-10-09,2026-10-10T10:11:13+00:00
2026-10-16,call,SPX261016C12400000,12400.0,0.0,0.1,0.05,4.0,586.0,0.92773509765625,2026-09-30 14:02:05+00:00,7811.5400390625,2026-10-09,2026-10-10T10:11:13+00:00
2026-10-16,put,SPX261016P00200000,200.0,0.0,0.05,0.03,5500.0,5712.0,7.093751132812501,2026-09-22 15:05:39+00:00,7811.5400390625,2026-10-09,2026-10-10T10:11:13+00:00
2026-10-16,put,SPX261016P00400000,400.0,0.0,0.1,0.03,8.0,60.0,5.937502578125001,2026-09-28 18:39:30+00:00,7811.5400390625,2026-10-09,2026-10-10T10:11:13+00:00
2026-10-16,put,SPX261016P00600000,600.0,0.0,0.05,0.05,6750.0,0.0,4.8906288867187495,2026-05-27 19:51:48+00:00,7811.5400390625,2026-10-09,2026-10-10T10:11:13+00:00
2026-10-16,put,SPX261016P00800000,800.0,0.0,0.05,0.05,2.0,0.0,4.343754570312499,2026-08-17 17:30:45+00:00,7811.5400390625,2026-10-09,2026-10-10T10:11:13+00:00
2026-10-16,put,SPX261016P01000000,1000.0,0.0,0.05,0.03,50.0,8196.0,3.9062502343750003,2026-08-31 14:49:14+00:00,7811.5400390625,2026-10-09,2026-10-10T10:11:13+00:00
2026-10-16,put,SPX261016P01200000,1200.0,0.0,0.05,0.03,5500.0,13678.0,3.56250109375,2026-09-22 15:05:39+00:00,7811.5400390625,2026-10-09,2026-10-10T10:11:13+00:00
2026-10-16,put,SPX261016P01400000,1400.0,0.0,0.05,0.05,30.0,5191.0,3.2656268359375,2026-09-18 20:04:16+00:00,7811.5400390625,2026-10-09,2026-10-10T10:11:13+00:00
2026-10-16,put,SPX261016P01600000,1600.0,0.0,0.05,0.05,111.0,2303.0,3.0156274609375,2026-09-18 20:04:00+00:00,7811.5400390625,2026-10-09,2026-10-10T10:11:13+00:00
2026-10-16,put,SPX261016P01800000,1800.0,0.0,0.05,0.05,300.0,2469.0,2.7968780078125004,2026-08-25 17:42:37+00:00,7811.5400390625,2026-10-09,2026-10-10T10:11:13+00:00
2026-10-16,put,SPX261016P02000000,2000.0,0.0,0.1,0.03,3.0,5857.0,2.71094072265625,2026-09-18 15:52:47+00:00,7811.5400390625,2026-10-09,2026-10-10T10:11:13+00:00
2026-10-16,put,SPX261016P02200000,2200.0,0.0,0.1,0.05,55.0,840.0,2.5234411914062496,2026-08-31 19:59:20+00:00,7811.5400390625,2026-10-09,2026-10-10T10:11:13+00:00
2026-10-16,put,SPX261016P02400000,2400.0,0.0,0.1,0.05,60.0,2892.0,2.3515666210937494,2026-09-28 13:42:43+00:00,7811.5400390625,2026-10-09,2026-10-10T10:11:13+00:00
2026-10-16,put,SPX261016P02600000,2600.0,0.0,0.05,0.05,40.0,14595.0,2.1093797265624996,2026-09-29 13:41:13+00:00,7811.5400390625,2026-10-09,2026-10-10T10:11:13+00:00
2026-10-16,put,SPX261016P02700000,2700.0,0.0,0.1,0.05,10.0,1587.0,2.1250046874999997,2026-09-29 14:44:14+00:00,7811.5400390625,2026-10-09,2026-10-10T10:11:13+00:00
2026-10-16,put,SPX261016P02800000,2800.0,0.0,0.05,0.05,110.0,1411.0,1.96875015625,2026-10-01 18:37:10+00:00,7811.5400390625,2026-10-09,2026-10-10T10:11:13+00:00
2026-10-16,put,SPX261016P02900000,2900.0,0.0,0.05,0.05,2.0,1118.0,1.9062504687500001,2026-09-15 18:36:31+00:00,7811.5400390625,2026-10-09,2026-10-10T10:11:13+00:00
2026-10-16,put,SPX261016P03000000,3000.0,0.0,0.1,0.03,1.0,5328.0,1.9218753906250001,2026-10-07 18:01:24+00:00,7811.5400390625,2026-10-09,2026-10-10T10:11:13+00:00
2026-10-16,put,SPX261016P03100000,3100.0,0.0,0.1,0.05,12.0,1900.0,1.85546947265625,2026-09-17 14:47:02+00:00,7811.5400390625,2026-10-09,2026-10-10T10:11:13+00:00
2026-10-16,put,SPX261016P03200000,3200.0,0.0,0.1,0.03,2.0,2972.0,1.7968760156249999,2026-10-06 13:39:03+00:00,7811.5400390625,2026-10-09,2026-10-10T10:11:13+00:00
2026-10-16,put,SPX261016P03300000,3300.0,0.0,0.1,0.05,3.0,1177.0,1.734376328125,2026-09-17 18:31:53+00:00,7811.5400390625,2026-10-09,2026-10-10T10:11:13+00:00
2026-10-16,put,SPXW261016P03400000,3400.0,0.0,0.05,0.05,1.0,82.0,1.609376953125,2026-09-17 19:06:58+00:00,7811.5400390625,2026-10-09,2026-10-10T10:11:13+00:00
2026-10-16,put,SPX261016P03500000,3500.0,0.0,0.1,0.1,545.0,6048.0,1.62109564453125,2026-09-24 14:43:16+00:00,7811.5400390625,2026-10-09,2026-10-10T10:11:13+00:00
2026-10-16,put,SPX261016P03600000,3600.0,0.0,0.1,0.1,13.0,6544.0,1.5664084179687499,2026-09-24 15:41:14+00:00,7811.5400390625,2026-10-09,2026-10-10T10:11:13+00:00
2026-10-16,put,SPX261016P03700000,3700.0,0.0,0.1,0.05,10.0,4745.0,1.51172119140625,2026-09-28 16:34:01+00:00,7811.5400390625,2026-10-09,2026-10-10T10:11:13+00:00
2026-10-16,put,SPXW261016P03800000,3800.0,0.0,0.05,0.05,12.0,309.0,1.3984405078125,2026-09-22 14:11:46+00:00,7811.5400390625,2026-10-09,2026-10-10T10:11:13+00:00
2026-10-16,put,SPX261016P03850000,3850.0,0.0,0.1,0.1,3.0,1966.0,1.43359658203125,2026-09-23 17:14:22+00:00,7811.5400390625,2026-10-09,2026-10-10T10:11:13+00:00
2026-10-16,put,SPX261016P03900000,3900.0,0.0,0.1,0.1,28.0,3568.0,1.41015919921875,2026-09-29 19:57:30+00:00,7811.5400390625,2026-10-09,2026-10-10T10:11:13+00:00
2026-10-16,put,SPX261016P03950000,3950.0,0.0,0.1,0.09,8.0,1895.0,1.3867218164062498,2026-09-21 13:30:39+00:00,7811.5400390625,2026-10-09,2026-10-10T10:11:13+00:00
2026-10-16,put,SPXW261016P04000000,4000.0,0.0,0.05,0.05,3.0,1397.0,1.3046909765624997,2026-09-25 15:24:42+00:00,7811.5400390625,2026-10-09,2026-10-10T10:11:13+00:00
2026-10-16,put,SPX261016P04050000,4050.0,0.0,0.1,0.1,5.0,1819.0,1.3359408203124996,2026-09-25 15:48:20+00:00,7811.5400390625,2026-10-09,2026-10-10T10:11:13+00:00
2026-10-16,put,SPX261016P04100000,4100.0,0.0,0.1,0.15,13.0,2448.0,1.3125034374999998,2026-09-24 18:55:32+00:00,7811.5400390625,2026-10-09,2026-10-10T10:11:13+00:00
2026-10-16,put,SPX261016P04150000,4150.0,0.0,0.1,0.15,11.0,1844.0,1.2890660546875,2026-09-24 16:25:35+00:00,7811.5400390625,2026-10-09,2026-10-10T10:11:13+00:00
2026-10-16,put,SPX261016P04200000,4200.0,0.0,0.1,0.05,434.0,4152.0,1.2656286718749998,2026-10-05 18:46:12+00:00,7811.5400390625,2026-10-09,2026-10-10T10:11:13+00:00
2026-10-16,put,SPX261016P04250000,4250.0,0.0,0.1,0.1,1.0,2081.0,1.2421912890624998,2026-10-01 15:06:01+00:00,7811.5400390625,2026-10-09,2026-10-10T10:11:13+00:00
2026-10-16,put,SPX261016P04300000,4300.0,0.0,0.1,0.15,13.0,2352.0,1.21875390625,2026-09-25 14:29:51+00:00,7811.5400390625,2026-10-09,2026-10-10T10:11:13+00:00
2026-10-16,put,SPX261016P04350000,4350.0,0.0,0.1,0.1,5.0,1791.0,1.19922275390625,2026-10-01 14:37:19+00:00,7811.5400390625,2026-10-09,2026-10-10T10:11:13+00:00
2026-10-16,put,SPX261016P04400000,4400.0,0.0,0.1,0.15,1.0,2794.0,1.1757853710937498,2026-09-29 16:03:44+00:00,7811.5400390625,2026-10-09,2026-10-10T10:11:13+00:00
2026-10-16,put,SPX261016P04450000,4450.0,0.0,0.1,0.2,2.0,1881.0,1.15234798828125,2026-09-29 15:59:14+00:00,7811.5400390625,2026-10-09,2026-10-10T10:11:13+00:00
2026-10-16,put,SPX261016P04500000,4500.0,0.0,0.1,0.05,2.0,5744.0,1.1328168359375002,2026-10-07 15:34:59+00:00,7811.5400390625,2026-10-09,2026-10-10T10:11:13+00:00
2026-10-16,put,SPX261016P04550000,4550.0,0.0,0.1,0.05,1.0,1477.0,1.109379453125,2026-10-01 19:59:54+00:00,7811.5400390625,2026-10-09,2026-10-10T10:11:13+00:00
2026-10-16,put,SPX261016P04600000,4600.0,0.0,0.1,0.05,1.0,3352.0,1.08984830078125,2026-09-30 19:59:54+00:00,7811.5400390625,2026-10-09,2026-10-10T10:11:13+00:00
2026-10-16,put,SPX261016P04625000,4625.0,0.0,0.1,0.05,1.0,1473.0,1.0781296093750001,2026-10-08 19:59:43+00:00,7811.5400390625,2026-10-09,2026-10-10T10:11:13+00:00
2026-10-16,put,SPX261016P04650000,4650.0,0.0,0.1,0.05,1.0,3166.0,1.0664109179687502,2026-09-30 19:59:54+00:00,7811.5400390625,2026-10-09,2026-10-10T10:11:13+00:00
2026-10-16,put,SPX261016P04675000,4675.0,0.0,0.1,0.05,1.0,833.0,1.056645341796875,2026-09-30 19:59:54+00:00,7811.5400390625,2026-10-09,2026-10-10T10:11:13+00:00
2026-10-16,put,SPXW261016P04700000,4700.0,0.0,0.1,0.1,501.0,1065.0,1.0468797656250002,2026-10-06 17:39:39+00:00,7811.5400390625,2026-10-09,2026-10-10T10:11:13+00:00
2026-10-16,put,SPX261016P04725000,4725.0,0.0,0.1,0.05,1.0,1175.0,1.0351610742187503,2026-10-01 19:59:54+00:00,7811.5400390625,2026-10-09,2026-10-10T10:11:13+00:00
2026-10-16,put,SPX261016P04750000,4750.0,0.0,0.1,0.05,1.0,1346.0,1.0253954980468751,2026-10-01 19:59:54+00:00,7811.5400390625,2026-10-09,2026-10-10T10:11:13+00:00
2026-10-16,put,SPX261016P04775000,4775.0,0.0,0.1,0.05,1.0,1671.0,1.015629921875,2026-10-02 20:00:37+00:00,7811.5400390625,2026-10-09,2026-10-10T10:11:13+00:00
2026-10-16,put,SPX261016P04800000,4800.0,0.0,0.1,0.05,1.0,3582.0,1.0039112304687499,2026-10-02 19:59:54+00:00,7811.5400390625,2026-10-09,2026-10-10T10:11:13+00:00
2026-10-16,put,SPX261016P04825000,4825.0,0.0,0.1,0.05,1.0,1068.0,0.9960937890625,2026-10-02 19:59:54+00:00,7811.5400390625,2026-10-09,2026-10-10T10:11:13+00:00
2026-10-16,put,SPXW261016P04850000,4850.0,0.0,0.1,1.06,,15.0,0.98437515625,2026-09-11 15:00:16+00:00,7811.5400390625,2026-10-09,2026-10-10T10:11:13+00:00
2026-10-16,put,SPX261016P04875000,4875.0,0.0,0.1,0.05,1.0,1110.0,0.97460962890625,2026-10-02 19:59:56+00:00,7811.5400390625,2026-10-09,2026-10-10T10:11:13+00:00
2026-10-16,put,SPXW261016P04900000,4900.0,0.0,0.1,0.05,2.0,1045.0,0.9648441015625,2026-10-06 15:44:15+00:00,7811.5400390625,2026-10-09,2026-10-10T10:11:13+00:00
2026-10-16,put,SPX261016P04925000,4925.0,0.0,0.1,0.05,1.0,1752.0,0.95507857421875,2026-10-02 19:59:54+00:00,7811.5400390625,2026-10-09,2026-10-10T10:11:13+00:00
2026-10-16,put,SPX261016P04950000,4950.0,0.0,0.1,0.05,3.0,1226.0,0.945313046875,2026-10-02 19:59:54+00:00,7811.5400390625,2026-10-09,2026-10-10T10:11:13+00:00
2026-10-16,put,SPX261016P04975000,4975.0,0.0,0.1,0.05,1003.0,1680.0,0.9355475195312499,2026-10-02 19:59:54+00:00,7811.5400390625,2026-10-09,2026-10-10T10:11:13+00:00
2026-10-16,put,SPX261016P05000000,5000.0,0.0,0.1,0.05,10.0,11297.0,0.9257819921875,2026-10-08 19:43:46+00:00,7811.5400390625,2026-10-09,2026-10-10T10:11:13+00:00
2026-10-16,put,SPX261016P05025000,5025.0,0.0,0.1,0.1,1.0,1458.0,0.914063359375,2026-10-05 19:03:52+00:00,7811.5400390625,2026-10-09,2026-10-10T10:11:13+00:00
2026-10-16,put,SPX261016P05050000,5050.0,0.0,0.1,0.05,10.0,1457.0,0.9062509375,2026-10-08 19:43:59+00:00,7811.5400390625,2026-10-09,2026-10-10T10:11:13+00:00
2026-10-16,put,SPX261016P05075000,5075.0,0.0,0.1,0.05,1.0,2219.0,0.8964854101562498,2026-10-06 19:54:59+00:00,7811.5400390625,2026-10-09,2026-10-10T10:11:13+00:00
2026-10-16,put,SPXW261016P05100000,5100.0,0.0,0.1,0.05,921.0,385.0,0.8867198828124999,2026-10-09 19:27:01+00:00,7811.5400390625,2026-10-09,2026-10-10T10:11:13+00:00
2026-10-16,put,SPX261016P05125000,5125.0,0.0,0.15,0.1,4.0,2407.0,0.9023447265625,2026-10-02 19:59:56+00:00,7811.5400390625,2026-10-09,2026-10-10T10:11:13+00:00
2026-10-16,put,SPXW261016P05150000,5150.0,0.05,0.1,0.05,515.0,226.0,0.89257919921875,2026-10-09 19:26:28+00:00,7811.5400390625,2026-10-09,2026-10-10T10:11:13+00:00
2026-10-16,put,SPX261016P05175000,5175.0,0.0,0.15,0.05,1.0,3219.0,0.8818371191406249,2026-10-05 19:59:54+00:00,7811.5400390625,2026-10-09,2026-10-10T10:11:13+00:00
2026-10-16,put,SPXW261016P05200000,5200.0,0.05,0.1,0.05,1.0,997.0,0.8720715917968749,2026-10-09 14:21:11+00:00,7811.5400390625,2026-10-09,2026-10-10T10:11:13+00:00
2026-10-16,put,SPX261016P05225000,5225.0,0.0,0.15,0.05,1.0,805.0,0.8632826171875,2026-10-05 19:59:54+00:00,7811.5400390625,2026-10-09,2026-10-10T10:11:13+00:00
2026-10-16,put,SPX261016P05250000,5250.0,0.0,0.15,0.1,2.0,1853.0,0.8535170898437501,2026-10-06 14:29:21+00:00,7811.5400390625,2026-10-09,2026-10-10T10:11:13+00:00
2026-10-16,put,SPX261016P05275000,5275.0,0.0,0.15,0.05,12.0,788.0,0.8437515624999999,2026-10-05 19:59:54+00:00,7811.5400390625,2026-10-09,2026-10-10T10:11:13+00:00
2026-10-16,put,SPXW261016P05300000,5300.0,0.0,0.1,0.05,5100.0,434.0,0.8105487695312499,2026-10-09 14:31:41+00:00,7811.5400390625,2026-10-09,2026-10-10T10:11:13+00:00
2026-10-16,put,SPX261016P05325000,5325.0,0.0,0.15,0.05,5.0,770.0,0.8242205078124999,2026-10-08 16:36:36+00:00,7811.5400390625,2026-10-09,2026-10-10T10:11:13+00:00
2026-10-16,put,SPXW261016P05350000,5350.0,0.0,0.1,0.05,200.0,173.0,0.79101771484375,2026-10-09 18:05:34+00:00,7811.5400390625,2026-10-09,2026-10-10T10:11:13+00:00
2026-10-16,put,SPX261016P05375000,5375.0,0.0,0.15,0.05,1.0,790.0,0.804689453125,2026-10-05 19:59:54+00:00,7811.5400390625,2026-10-09,2026-10-10T10:11:13+00:00
2026-10-16,put,SPXW261016P05400000,5400.0,0.0,0.15,0.05,690.0,773.0,0.795900478515625,2026-10-09 18:04:44+00:00,7811.5400390625,2026-10-09,2026-10-10T10:11:13+00:00
2026-10-16,put,SPX261016P05425000,5425.0,0.0,0.15,0.05,2.0,1690.0,0.78711150390625,2026-10-09 19:59:55+00:00,7811.5400390625,2026-10-09,2026-10-10T10:11:13+00:00
2026-10-16,put,SPX261016P05450000,5450.0,0.0,0.15,0.05,2.0,4830.0,0.7773459765625,2026-10-09 18:11:50+00:00,7811.5400390625,2026-10-09,2026-10-10T10:11:13+00:00
2026-10-16,put,SPX261016P05475000,5475.0,0.0,0.15,0.05,3.0,816.0,0.7675804492187501,2026-10-09 19:59:55+00:00,7811.5400390625,2026-10-09,2026-10-10T10:11:13+00:00
2026-10-16,put,SPX261016P05500000,5500.0,0.0,0.15,0.05,360.0,13950.0,0.7578149218750001,2026-10-09 19:59:55+00:00,7811.5400390625,2026-10-09,2026-10-10T10:11:13+00:00
2026-10-16,put,SPX261016P05525000,5525.0,0.0,0.15,0.05,1.0,622.0,0.7490259472656251,2026-10-05 19:59:54+00:00,7811.5400390625,2026-10-09,2026-10-10T10:11:13+00:00
2026-10-16,put,SPXW261016P05550000,5550.0,0.05,0.15,0.1,10.0,198.0,0.75586181640625,2026-10-07 15:30:32+00:00,7811.5400390625,2026-10-09,2026-10-10T10:11:13+00:00
2026-10-16,put,SPX261016P05575000,5575.0,0.0,0.2,0.05,1.0,755.0,0.747072841796875,2026-10-07 13:56:42+00:00,7811.5400390625,2026-10-09,2026-10-10T10:11:13+00:00
2026-10-16,put,SPXW261016P05600000,5600.0,0.05,0.15,0.1,1264.0,1278.0,0.737307314453125,2026-10-09 20:09:32+00:00,7811.5400390625,2026-10-09,2026-10-10T10:11:13+00:00
2026-10-16,put,SPX261016P05625000,5625.0,0.0,0.2,0.05,1.0,705.0,0.72851833984375,2026-10-02 19:59:54+00:00,7811.5400390625,2026-10-09,2026-10-10T10:11:13+00:00
2026-10-16,put,SPX261016P05650000,5650.0,0.0,0.15,0.05,1.0,3635.0,0.70312796875,2026-10-09 19:59:55+00:00,7811.5400390625,2026-10-09,2026-10-10T10:11:13+00:00
2026-10-16,put,SPX261016P05675000,5675.0,0.0,0.2,0.05,1.0,2417.0,0.709963837890625,2026-10-09 19:59:55+00:00,7811.5400390625,2026-10-09,2026-10-10T10:11:13+00:00
2026-10-16,put,SPX261016P05700000,5700.0,0.0,0.2,0.05,1.0,6077.0,0.700198310546875,2026-10-09 19:59:55+00:00,7811.5400390625,2026-10-09,2026-10-10T10:11:13+00:00
2026-10-16,put,SPX261016P05725000,5725.0,0.0,0.2,0.05,771.0,1259.0,0.6914093359375001,2026-10-09 19:21:18+00:00,7811.5400390625,2026-10-09,2026-10-10T10:11:13+00:00
2026-10-16,put,SPXW261016P05750000,5750.0,0.05,0.15,0.09,15.0,220.0,0.6826203613281252,2026-10-06 18:19:33+00:00,7811.5400390625,2026-10-09,2026-10-10T10:11:13+00:00
2026-10-16,put,SPXW261016P05775000,5775.0,0.05,0.15,0.05,2.0,52.0,0.6738313867187502,2026-10-08 15:48:36+00:00,7811.5400390625,2026-10-09,2026-10-10T10:11:13+00:00
2026-10-16,put,SPXW261016P05800000,5800.0,0.05,0.15,0.12,127.0,926.0,0.6640658593750002,2026-10-09 19:56:33+00:00,7811.5400390625,2026-10-09,2026-10-10T10:11:13+00:00
2026-10-16,put,SPXW261016P05825000,5825.0,0.05,0.2,0.1,10.0,15.0,0.6669955175781253,2026-09-30 18:23:05+00:00,7811.5400390625,2026-10-09,2026-10-10T10:11:13+00:00
2026-10-16,put,SPXW261016P05850000,5850.0,0.1,0.2,0.15,25.0,585.0,0.6669955175781253,2026-10-09 20:06:52+00:00,7811.5400390625,2026-10-09,2026-10-10T10:11:13+00:00
2026-10-16,put,SPX261016P05875000,5875.0,0.05,0.2,0.05,2.0,1211.0,0.648441015625,2026-10-09 19:59:55+00:00,7811.5400390625,2026-10-09,2026-10-10T10:11:13+00:00
2026-10-16,put,SPXW261016P05900000,5900.0,0.1,0.2,0.15,10.0,2770.0,0.6489292919921875,2026-10-09 20:07:43+00:00,7811.5400390625,2026-10-09,2026-10-10T10:11:13+00:00
2026-10-16,put,SPXW261016P05925000,5925.0,0.1,0.2,1.5,2.0,4.0,0.639652041015625,2026-09-24 19:55:24+00:00,7811.5400390625,2026-10-09,2026-10-10T10:11:13+00:00
2026-10-16,put,SPX261016P05950000,5950.0,0.05,0.2,0.1,1.0,2604.0,0.622074091796875,2026-10-08 19:27:15+00:00,7811.5400390625,2026-10-09,2026-10-10T10:11:13+00:00
2026-10-16,put,SPXW261016P05975000,5975.0,0.1,0.2,0.15,1.0,7.0,0.622074091796875,2026-10-07 19:17:01+00:00,7811.5400390625,2026-10-09,2026-10-10T10:11:13+00:00
2026-10-16,put,SPXW261016P06000000,6000.0,0.1,0.2,0.15,28.0,6984.0,0.6127968408203126,2026-10-09 19:56:49+00:00,7811.5400390625,2026-10-09,2026-10-10T10:11:13+00:00
2026-10-16,put,SPXW261016P06025000,6025.0,0.1,0.2,0.15,1.0,102.0,0.6035195898437502,2026-10-07 19:35:33+00:00,7811.5400390625,2026-10-09,2026-10-10T10:11:13+00:00
2026-10-16,put,SPXW261016P06050000,6050.0,0.1,0.2,0.25,17.0,765.0,0.594730615234375,2026-10-08 19:59:30+00:00,7811.5400390625,2026-10-09,2026-10-10T10:11:13+00:00
2026-10-16,put,SPXW261016P06075000,6075.0,0.1,0.2,0.25,1.0,165.0,0.585941640625,2026-10-07 13:58:56+00:00,7811.5400390625,2026-10-09,2026-10-10T10:11:13+00:00
2026-10-16,put,SPXW261016P06100000,6100.0,0.1,0.2,0.15,20.0,3142.0,0.577152666015625,2026-10-09 15:02:12+00:00,7811.5400390625,2026-10-09,2026-10-10T10:11:13+00:00
2026-10-16,put,SPXW261016P06110000,6110.0,0.1,0.25,0.2,1.0,2.0,0.5810588769531251,2026-10-08 19:53:12+00:00,7811.5400390625,2026-10-09,2026-10-10T10:11:13+00:00
2026-10-16,put,SPXW261016P06120000,6120.0,0.1,0.25,0.2,1.0,2.0,0.577152666015625,2026-10-08 19:51:27+00:00,7811.5400390625,2026-10-09,2026-10-10T10:11:13+00:00
2026-10-16,put,SPX261016P06125000,6125.0,0.05,0.25,0.15,1.0,2153.0,0.56836369140625,2026-10-06 19:59:54+00:00,7811.5400390625,2026-10-09,2026-10-10T10:11:13+00:00
2026-10-16,put,SPXW261016P06130000,6130.0,0.1,0.25,0.15,2.0,143.0,0.5737347314453125,2026-10-09 19:30:47+00:00,7811.5400390625,2026-10-09,2026-10-10T10:11:13+00:00
2026-10-16,put,SPXW261016P06140000,6140.0,0.1,0.25,0.5,18.0,34.0,0.570316796875,2026-10-05 13:32:23+00:00,7811.5400390625,2026-10-09,2026-10-10T10:11:13+00:00
2026-10-16,put,SPX261016P06150000,6150.0,0.1,0.25,0.15,1.0,2026.0,0.5664105859375,2026-10-09 19:55:23+00:00,7811.5400390625,2026-10-09,2026-10-10T10:11:13+00:00
2026-10-16,put,SPXW261016P06160000,6160.0,0.15,0.25,0.65,1.0,2.0,0.569340244140625,2026-10-02 13:30:34+00:00,7811.5400390625,2026-10-09,2026-10-10T10:11:13+00:00
2026-10-16,put,SPX261016P06170000,6170.0,0.05,0.25,2.15,1.0,270.0,0.5522505712890625,2026-09-21 16:39:55+00:00,7811.5400390625,2026-10-09,2026-10-10T10:11:13+00:00
2026-10-16,put,SPX261016P06175000,6175.0,0.05,0.25,0.15,1.0,1674.0,0.5507857421875001,2026-10-08 19:20:19+00:00,7811.5400390625,2026-10-09,2026-10-10T10:11:13+00:00
2026-10-16,put,SPXW261016P06180000,6180.0,0.15,0.25,1.05,1.0,2.0,0.5620160986328125,2026-09-30 19:07:19+00:00,7811.5400390625,2026-10-09,2026-10-10T10:11:13+00:00
2026-10-16,put,SPX261016P06190000,6190.0,0.05,0.25,1.76,72.0,323.0,0.5454147021484376,2026-09-22 15:12:09+00:00,7811.5400390625,2026-10-09,2026-10-10T10:11:13+00:00
2026-10-16,put,SPX261016P06200000,6200.0,0.1,0.25,0.1,301.0,8061.0,0.5488326367187502,2026-10-09 19:44:22+00:00,7811.5400390625,2026-10-09,2026-10-10T10:11:13+00:00
2026-10-16,put,SPX261016P06210000,6210.0,0.05,0.3,0.35,10.0,591.0,0.5454147021484376,2026-10-06 14:31:02+00:00,7811.5400390625,2026-10-09,2026-10-10T10:11:13+00:00
2026-10-16,put,SPX261016P06220000,6220.0,0.1,0.3,0.65,160.0,418.0,0.5478560839843751,2026-10-02 18:52:35+00:00,7811.5400390625,2026-10-09,2026-10-10T10:11:13+00:00
2026-10-16,put,SPXW261016P06225000,6225.0,0.15,0.25,0.14,13.0,86.0,0.5459029785156251,2026-10-09 14:24:40+00:00,7811.5400390625,2026-10-09,2026-10-10T10:11:13+00:00
2026-10-16,put,SPXW261016P06230000,6230.0,0.15,0.25,0.15,10.0,38.0,0.5444381494140625,2026-10-09 13:51:29+00:00,7811.5400390625,2026-10-09,2026-10-10T10:11:13+00:00
2026-10-16,put,SPXW261016P06240000,6240.0,0.15,0.25,0.14,29.0,100.0,0.5407760766601564,2026-10-08 16:57:24+00:00,7811.5400390625,2026-10-09,2026-10-10T10:11:13+00:00
2026-10-16,put,SPXW261016P06250000,6250.0,0.15,0.25,0.17,82.0,32054.0,0.5371140039062501,2026-10-09 16:26:49+00:00,7811.5400390625,2026-10-09,2026-10-10T10:11:13+00:00
2026-10-16,put,SPXW261016P06260000,6260.0,0.15,0.25,0.15,30.0,103.0,0.5336960693359375,2026-10-09 19:29:32+00:00,7811.5400390625,2026-10-09,2026-10-10T10:11:13+00:00
2026-10-16,put,SPXW261016P06270000,6270.0,0.15,0.25,0.15,51.0,3.0,0.5302781347656251,2026-10-09 19:29:32+00:00,7811.5400390625,2026-10-09,2026-10-10T10:11:13+00:00
2026-10-16,put,SPXW261016P06275000,6275.0,0.15,0.25,0.15,1.0,93.0,0.5283250292968751,2026-10-09 19:29:32+00:00,7811.5400390625,2026-10-09,2026-10-10T10:11:13+00:00
2026-10-16,put,SPXW261016P06280000,6280.0,0.15,0.25,0.15,13.0,56.0,0.526371923828125,2026-10-09 19:29:32+00:00,7811.5400390625,2026-10-09,2026-10-10T10:11:13+00:00
2026-10-16,put,SPXW261016P06290000,6290.0,0.15,0.25,0.15,2.0,146.0,0.5229539892578124,2026-10-09 19:29:32+00:00,7811.5400390625,2026-10-09,2026-10-10T10:11:13+00:00
2026-10-16,put,SPXW261016P06300000,6300.0,0.15,0.25,0.15,12.0,23082.0,0.5195360546875,2026-10-09 19:29:32+00:00,7811.5400390625,2026-10-09,2026-10-10T10:11:13+00:00
2026-10-16,put,SPX261016P06310000,6310.0,0.1,0.3,0.65,121.0,538.0,0.5161181201171875,2026-10-02 13:44:20+00:00,7811.5400390625,2026-10-09,2026-10-10T10:11:13+00:00
2026-10-16,put,SPXW261016P06320000,6320.0,0.15,0.25,0.15,5.0,15.0,0.5122119091796875,2026-10-09 19:29:32+00:00,7811.5400390625,2026-10-09,2026-10-10T10:11:13+00:00
2026-10-16,put,SPX261016P06325000,6325.0,0.1,0.3,0.15,1.0,697.0,0.5107470800781251,2026-10-07 13:38:42+00:00,7811.5400390625,2026-10-09,2026-10-10T10:11:13+00:00
2026-10-16,put,SPX261016P06330000,6330.0,0.1,0.3,0.3,1.0,407.0,0.508793974609375,2026-10-08 18:16:13+00:00,7811.5400390625,2026-10-09,2026-10-10T10:11:13+00:00
2026-10-16,put,SPXW261016P06340000,6340.0,0.15,0.3,0.15,22.0,66.0,0.5107470800781251,2026-10-09 19:29:32+00:00,7811.5400390625,2026-10-09,2026-10-10T10:11:13+00:00
2026-10-16,put,SPX261016P06350000,6350.0,0.1,0.3,0.15,1.0,1345.0,0.5019581054687501,2026-10-06 20:03:20+00:00,7811.5400390625,2026-10-09,2026-10-10T10:11:13+00:00
2026-10-16,put,SPXW261016P06360000,6360.0,0.15,0.3,0.15,10.0,55.0,0.5034229345703125,2026-10-09 19:29:32+00:00,7811.5400390625,2026-10-09,2026-10-10T10:11:13+00:00
2026-10-16,put,SPX261016P06370000,6370.0,0.1,0.3,0.71,146.0,259.0,0.5131884619140624,2026-10-02 14:50:26+00:00,7811.5400390625,2026-10-09,2026-10-10T10:11:13+00:00
2026-10-16,put,SPX261016P06375000,6375.0,0.1,0.3,0.2,1.0,763.0,0.5112353564453125,2026-10-09 19:55:28+00:00,7811.5400390625,2026-10-09,2026-10-10T10:11:13+00:00
2026-10-16,put,SPX261016P06380000,6380.0,0.1,0.3,0.71,237.0,225.0,0.5095263891601562,2026-10-02 14:50:26+00:00,7811.5400390625,2026-10-09,2026-10-10T10:11:13+00:00
2026-10-16,put,SPXW261016P06390000,6390.0,0.2,0.3,0.15,1.0,67.0,0.50586431640625,2026-10-09 19:29:32+00:00,7811.5400390625,2026-10-09,2026-10-10T10:11:13+00:00
2026-10-16,put,SPX261016P06400000,6400.0,0.15,0.3,0.2,1.0,14164.0,0.5024463818359376,2026-10-08 14:10:53+00:00,7811.5400390625,2026-10-09,2026-10-10T10:11:13+00:00
2026-10-16,put,SPXW261016P06410000,6410.0,0.2,0.3,0.2,11.0,5224.0,0.49878430908203125,2026-10-09 19:29:32+00:00,7811.5400390625,2026-10-09,2026-10-10T10:11:13+00:00
2026-10-16,put,SPX261016P06420000,6420.0,0.1,0.35,2.3,1.0,1122.0,0.5024463818359376,2026-09-22 17:33:20+00:00,7811.5400390625,2026-10-09,2026-10-10T10:11:13+00:00
2026-10-16,put,SPXW261016P06425000,6425.0,0.2,0.3,0.25,501.0,169.0,0.4931691308593751,2026-10-09 19:54:02+00:00,7811.5400390625,2026-10-09,2026-10-10T10:11:13+00:00
2026-10-16,put,SPXW261016P06430000,6430.0,0.2,0.3,0.15,44.0,286.0,0.4914601635742188,2026-10-09 19:29:32+00:00,7811.5400390625,2026-10-09,2026-10-10T10:11:13+00:00
2026-10-16,put,SPX261016P06440000,6440.0,0.1,0.35,0.4,28.0,738.0,0.495122236328125,2026-10-06 19:59:54+00:00,7811.5400390625,2026-10-09,2026-10-10T10:11:13+00:00
2026-10-16,put,SPXW261016P06450000,6450.0,0.2,0.3,0.15,12.0,1315.0,0.48438015625,2026-10-09 19:29:32+00:00,7811.5400390625,2026-10-09,2026-10-10T10:11:13+00:00
2026-10-16,put,SPX261016P06460000,6460.0,0.15,0.35,0.5,1.0,748.0,0.48779809082031256,2026-10-06 14:31:40+00:00,7811.5400390625,2026-10-09,2026-10-10T10:11:13+00:00
2026-10-16,put,SPXW261016P06470000,6470.0,0.2,0.3,0.2,111.0,277.0,0.4770560107421875,2026-10-09 19:29:32+00:00,7811.5400390625,2026-10-09,2026-10-10T10:11:13+00:00
2026-10-16,put,SPX261016P06475000,6475.0,0.15,0.35,0.15,1.0,1732.0,0.48242705078125003,2026-10-09 19:59:55+00:00,7811.5400390625,2026-10-09,2026-10-10T10:11:13+00:00
2026-10-16,put,SPX261016P06480000,6480.0,0.15,0.35,0.7,59.0,274.0,0.4804739453125,2026-10-05 15:10:09+00:00,7811.5400390625,2026-10-09,2026-10-10T10:11:13+00:00
2026-10-16,put,SPX261016P06490000,6490.0,0.15,0.35,0.8,63.0,379.0,0.47681187255859375,2026-10-05 19:59:57+00:00,7811.5400390625,2026-10-09,2026-10-10T10:11:13+00:00
2026-10-16,put,SPX261016P06500000,6500.0,0.15,0.35,0.2,1.0,22761.0,0.4731497998046875,2026-10-08 14:26:59+00:00,7811.5400390625,2026-10-09,2026-10-10T10:11:13+00:00
2026-10-16,put,SPX261016P06510000,6510.0,0.15,0.35,0.25,20.0,552.0,0.46973186523437505,2026-10-08 13:49:37+00:00,7811.5400390625,2026-10-09,2026-10-10T10:11:13+00:00
2026-10-16,put,SPXW261016P06520000,6520.0,0.2,0.35,0.2,5.0,41.0,0.4660697924804688,2026-10-09 19:29:32+00:00,7811.5400390625,2026-10-09,2026-10-10T10:11:13+00:00
2026-10-16,put,SPXW261016P06525000,6525.0,0.2,0.35,0.2,1.0,98.0,0.4643608251953125,2026-10-09 19:29:32+00:00,7811.5400390625,2026-10-09,2026-10-10T10:11:13+00:00
2026-10-16,put,SPXW261016P06530000,6530.0,0.25,0.35,0.2,3.0,22.0,0.4624077197265626,2026-10-09 19:29:32+00:00,7811.5400390625,2026-10-09,2026-10-10T10:11:13+00:00
2026-10-16,put,SPXW261016P06540000,6540.0,0.25,0.35,0.2,1.0,103.0,0.4587456469726563,2026-10-09 19:29:32+00:00,7811.5400390625,2026-10-09,2026-10-10T10:11:13+00:00
2026-10-16,put,SPXW261016P06550000,6550.0,0.25,0.35,0.2,1.0,308.0,0.45532771240234376,2026-10-09 19:29:32+00:00,7811.5400390625,2026-10-09,2026-10-10T10:11:13+00:00
2026-10-16,put,SPX261016P06560000,6560.0,0.15,0.35,0.7,7.0,741.0,0.45166563964843753,2026-10-05 20:12:23+00:00,7811.5400390625,2026-10-09,2026-10-10T10:11:13+00:00
2026-10-16,put,SPXW261016P06570000,6570.0,0.25,0.35,0.2,1.0,35.0,0.4480035668945312,2026-10-09 19:29:32+00:00,7811.5400390625,2026-10-09,2026-10-10T10:11:13+00:00
2026-10-16,put,SPX261016P06575000,6575.0,0.15,0.4,0.2,2.0,1438.0,0.45215391601562505,2026-10-09 17:46:41+00:00,7811.5400390625,2026-10-09,2026-10-10T10:11:13+00:00
2026-10-16,put,SPXW261016P06580000,6580.0,0.25,0.35,0.2,2.0,25.0,0.44434149414062496,2026-10-09 19:29:32+00:00,7811.5400390625,2026-10-09,2026-10-10T10:11:13+00:00
2026-10-16,put,SPXW261016P06590000,6590.0,0.25,0.35,0.2,1.0,94.0,0.4409235595703125,2026-10-09 19:29:32+00:00,7811.5400390625,2026-10-09,2026-10-10T10:11:13+00:00
2026-10-16,put,SPX261016P06600000,6600.0,0.15,0.4,0.25,32.0,20406.0,0.44312080322265623,2026-10-09 19:55:28+00:00,7811.5400390625,2026-10-09,2026-10-10T10:11:13+00:00
2026-10-16,put,SPX261016P06610000,6610.0,0.2,0.4,1.65,2.0,374.0,0.43945873046875,2026-10-01 19:13:23+00:00,7811.5400390625,2026-10-09,2026-10-10T10:11:13+00:00
2026-10-16,put,SPX261016P06620000,6620.0,0.2,0.4,4.0,240.0,729.0,0.43579665771484377,2026-09-23 19:54:50+00:00,7811.5400390625,2026-10-09,2026-10-10T10:11:13+00:00
2026-10-16,put,SPX261016P06625000,6625.0,0.2,0.4,0.2,1.0,3243.0,0.43408769042968753,2026-10-09 19:59:55+00:00,7811.5400390625,2026-10-09,2026-10-10T10:11:13+00:00
2026-10-16,put,SPXW261016P06630000,6630.0,0.25,0.4,0.2,1.0,139.0,0.4321345849609375,2026-10-09 19:29:32+00:00,7811.5400390625,2026-10-09,2026-10-10T10:11:13+00:00
2026-10-16,put,SPX261016P06640000,6640.0,0.2,0.4,1.2,118.0,411.0,0.4285945812988281,2026-10-02 19:22:27+00:00,7811.5400390625,2026-10-09,2026-10-10T10:11:13+00:00
2026-10-16,put,SPX261016P06650000,6650.0,0.2,0.4,0.2,1.0,5856.0,0.4250545776367188,2026-10-09 19:59:55+00:00,7811.5400390625,2026-10-09,2026-10-10T10:11:13+00:00
2026-10-16,put,SPX261016P06660000,6660.0,0.2,0.4,0.3,2.0,485.0,0.42139250488281255,2026-10-09 14:16:34+00:00,7811.5400390625,2026-10-09,2026-10-10T10:11:13+00:00
2026-10-16,put,SPXW261016P06670000,6670.0,0.3,0.4,0.25,12.0,37.0,0.4177304321289062,2026-10-09 19:29:32+00:00,7811.5400390625,2026-10-09,2026-10-10T10:11:13+00:00
2026-10-16,put,SPXW261016P06675000,6675.0,0.3,0.4,0.25,1.0,106.0,0.41602146484374997,2026-10-09 19:29:32+00:00,7811.5400390625,2026-10-09,2026-10-10T10:11:13+00:00
2026-10-16,put,SPXW261016P06680000,6680.0,0.3,0.4,0.25,1.0,118.0,0.414068359375,2026-10-09 19:29:32+00:00,7811.5400390625,2026-10-09,2026-10-10T10:11:13+00:00
2026-10-16,put,SPXW261016P06690000,6690.0,0.3,0.4,0.25,1.0,83.0,0.4106504248046875,2026-10-09 19:29:32+00:00,7811.5400390625,2026-10-09,2026-10-10T10:11:13+00:00
2026-10-16,put,SPXW261016P06700000,6700.0,0.3,0.45,0.35,22.0,2480.0,0.4118711157226562,2026-10-09 19:54:36+00:00,7811.5400390625,2026-10-09,2026-10-10T10:11:13+00:00
2026-10-16,put,SPXW261016P06710000,6710.0,0.3,0.45,0.25,8.0,49.0,0.40820904296875,2026-10-09 19:29:32+00:00,7811.5400390625,2026-10-09,2026-10-10T10:11:13+00:00
2026-10-16,put,SPX261016P06720000,6720.0,0.25,0.45,0.34,1.0,874.0,0.40454697021484376,2026-10-09 13:34:24+00:00,7811.5400390625,2026-10-09,2026-10-10T10:11:13+00:00
2026-10-16,put,SPXW261016P06725000,6725.0,0.3,0.45,0.35,2.0,261.0,0.4028380029296875,2026-10-09 19:29:32+00:00,7811.5400390625,2026-10-09,2026-10-10T10:11:13+00:00
2026-10-16,put,SPXW261016P06730000,6730.0,0.35,0.45,0.25,1.0,70.0,0.4010069665527344,2026-10-09 19:29:32+00:00,7811.5400390625,2026-10-09,2026-10-10T10:11:13+00:00
2026-10-16,put,SPX261016P06740000,6740.0,0.25,0.45,1.05,32.0,900.0,0.397466962890625,2026-10-05 14:42:05+00:00,7811.5400390625,2026-10-09,2026-10-10T10:11:13+00:00
2026-10-16,put,SPXW261016P06750000,6750.0,0.35,0.45,0.25,301.0,499.0,0.39380489013671877,2026-10-09 19:29:32+00:00,7811.5400390625,2026-10-09,2026-10-10T10:11:13+00:00
2026-10-16,put,SPX261016P06760000,6760.0,0.25,0.5,0.8,1.0,506.0,0.39453730468750003,2026-10-06 14:33:07+00:00,7811.5400390625,2026-10-09,2026-10-10T10:11:13+00:00
2026-10-16,put,SPXW261016P06770000,6770.0,0.35,0.45,0.3,1.0,101.0,0.3864807446289062,2026-10-09 19:29:38+00:00,7811.5400390625,2026-10-09,2026-10-10T10:11:13+00:00
2026-10-16,put,SPX261016P06775000,6775.0,0.25,0.5,0.35,29.0,3599.0,0.38892212646484375,2026-10-09 18:16:26+00:00,7811.5400390625,2026-10-09,2026-10-10T10:11:13+00:00
2026-10-16,put,SPX261016P06780000,6780.0,0.25,0.5,0.36,23.0,770.0,0.38721315917968746,2026-10-09 18:36:20+00:00,7811.5400390625,2026-10-09,2026-10-10T10:11:13+00:00
2026-10-16,put,SPXW261016P06790000,6790.0,0.35,0.5,0.3,1.0,100.0,0.38355108642578123,2026-10-09 19:29:32+00:00,7811.5400390625,2026-10-09,2026-10-10T10:11:13+00:00
2026-10-16,put,SPXW261016P06800000,6800.0,0.4,0.5,0.4,25.0,1222.0,0.379889013671875,2026-10-09 19:29:32+00:00,7811.5400390625,2026-10-09,2026-10-10T10:11:13+00:00
2026-10-16,put,SPXW261016P06810000,6810.0,0.4,0.5,0.4,66.0,21.0,0.37622694091796877,2026-10-09 20:02:11+00:00,7811.5400390625,2026-10-09,2026-10-10T10:11:13+00:00
2026-10-16,put,SPXW261016P06820000,6820.0,0.4,0.5,0.3,1.0,42.0,0.37256486816406253,2026-10-09 19:29:32+00:00,7811.5400390625,2026-10-09,2026-10-10T10:11:13+00:00
2026-10-16,put,SPX261016P06825000,6825.0,0.3,0.5,0.89,6.0,2914.0,0.37085590087890624,2026-10-06 14:11:56+00:00,7811.5400390625,2026-10-09,2026-10-10T10:11:13+00:00
2026-10-16,put,SPX261016P06830000,6830.0,0.3,0.55,0.76,8.0,876.0,0.37280900634765624,2026-10-06 15:17:55+00:00,7811.5400390625,2026-10-09,2026-10-10T10:11:13+00:00
2026-10-16,put,SPXW261016P06840000,6840.0,0.4,0.55,0.3,1.0,77.0,0.36914693359375,2026-10-09 19:29:32+00:00,7811.5400390625,2026-10-09,2026-10-10T10:11:13+00:00
2026-10-16,put,SPX261016P06850000,6850.0,0.3,0.55,0.5,60.0,4599.0,0.3654848608398438,2026-10-08 16:12:29+00:00,7811.5400390625,2026-10-09,2026-10-10T10:11:13+00:00
2026-10-16,put,SPXW261016P06860000,6860.0,0.4,0.55,0.35,11.0,49.0,0.3618227880859375,2026-10-09 19:29:32+00:00,7811.5400390625,2026-10-09,2026-10-10T10:11:13+00:00
2026-10-16,put,SPX261016P06870000,6870.0,0.3,0.55,1.1,96.0,734.0,0.35816071533203125,2026-10-05 15:56:06+00:00,7811.5400390625,2026-10-09,2026-10-10T10:11:13+00:00
2026-10-16,put,SPXW261016P06875000,6875.0,0.45,0.55,0.45,212.0,155.0,0.35632967895507806,2026-10-09 20:02:11+00:00,7811.5400390625,2026-10-09,2026-10-10T10:11:13+00:00
2026-10-16,put,SPXW261016P06880000,6880.0,0.45,0.55,0.35,1.0,203.0,0.3544986425781249,2026-10-09 19:29:32+00:00,7811.5400390625,2026-10-09,2026-10-10T10:11:13+00:00
2026-10-16,put,SPX261016P06885000,6885.0,0.35,0.55,0.45,10.0,393.0,0.3526676062011719,2026-10-05 20:01:53+00:00,7811.5400390625,2026-10-09,2026-10-10T10:11:13+00:00
2026-10-16,put,SPX261016P06890000,6890.0,0.35,0.6,0.6,6.0,1058.0,0.35425450439453116,2026-10-07 19:20:57+00:00,7811.5400390625,2026-10-09,2026-10-10T10:11:13+00:00
2026-10-16,put,SPXW261016P06895000,6895.0,0.45,0.6,0.35,1.0,70.0,0.35242346801757807,2026-10-09 19:29:32+00:00,7811.5400390625,2026-10-09,2026-10-10T10:11:13+00:00
2026-10-16,put,SPX261016P06900000,6900.0,0.35,0.55,0.4,1311.0,18524.0,0.34729656616210935,2026-10-09 17:46:05+00:00,7811.5400390625,2026-10-09,2026-10-10T10:11:13+00:00
2026-10-16,put,SPXW261016P06905000,6905.0,0.45,0.6,0.35,1.0,1.0,0.3487613952636719,2026-10-09 19:29:32+00:00,7811.5400390625,2026-10-09,2026-10-10T10:11:13+00:00
2026-10-16,put,SPX261016P06910000,6910.0,0.35,0.6,0.8,2.0,1806.0,0.3469303588867187,2026-10-06 19:26:32+00:00,7811.5400390625,2026-10-09,2026-10-10T10:11:13+00:00
2026-10-16,put,SPXW261016P06915000,6915.0,0.45,0.6,0.35,1.0,44.0,0.3450993225097656,2026-10-09 19:29:32+00:00,7811.5400390625,2026-10-09,2026-10-10T10:11:13+00:00
2026-10-16,put,SPX261016P06920000,6920.0,0.35,0.6,0.35,3.0,1780.0,0.34326828613281246,2026-10-09 19:31:56+00:00,7811.5400390625,2026-10-09,2026-10-10T10:11:13+00:00
2026-10-16,put,SPXW261016P06925000,6925.0,0.5,0.6,0.4,4.0,166.0,0.3414372497558594,2026-10-09 19:29:32+00:00,7811.5400390625,2026-10-09,2026-10-10T10:11:13+00:00
2026-10-16,put,SPX261016P06930000,6930.0,0.35,0.6,0.65,50.0,672.0,0.33960621337890623,2026-10-07 19:13:48+00:00,7811.5400390625,2026-10-09,2026-10-10T10:11:13+00:00
2026-10-16,put,SPX261016P06935000,6935.0,0.35,0.6,3.1,24.0,46.0,0.33777517700195314,2026-10-01 19:29:18+00:00,7811.5400390625,2026-10-09,2026-10-10T10:11:13+00:00
2026-10-16,put,SPX261016P06940000,6940.0,0.4,0.6,1.55,1.0,362.0,0.335944140625,2026-10-05 13:45:35+00:00,7811.5400390625,2026-10-09,2026-10-10T10:11:13+00:00
2026-10-16,put,SPXW261016P06945000,6945.0,0.5,0.65,0.4,2.0,7.0,0.3371037969970704,2026-10-09 19:29:32+00:00,7811.5400390625,2026-10-09,2026-10-10T10:11:13+00:00
2026-10-16,put,SPXW261016P06950000,6950.0,0.5,0.65,0.45,20.0,423.0,0.33521172607421873,2026-10-09 19:54:59+00:00,7811.5400390625,2026-10-09,2026-10-10T10:11:13+00:00
2026-10-16,put,SPX261016P06955000,6955.0,0.4,0.65,0.55,22.0,30.0,0.33338068969726564,2026-10-09 13:45:27+00:00,7811.5400390625,2026-10-09,2026-10-10T10:11:13+00:00
2026-10-16,put,SPX261016P06960000,6960.0,0.4,0.65,1.32,1.0,954.0,0.3315496533203125,2026-10-05 16:37:15+00:00,7811.5400390625,2026-10-09,2026-10-10T10:11:13+00:00
2026-10-16,put,SPXW261016P06965000,6965.0,0.5,0.65,0.4,4.0,51.0,0.32971861694335935,2026-10-09 19:29:32+00:00,7811.5400390625,2026-10-09,2026-10-10T10:11:13+00:00
2026-10-16,put,SPXW261016P06970000,6970.0,0.55,0.65,0.65,2.0,82.0,0.3278875805664062,2026-10-09 20:10:26+00:00,7811.5400390625,2026-10-09,2026-10-10T10:11:13+00:00
2026-10-16,put,SPX261016P06975000,6975.0,0.4,0.65,0.49,27.0,2247.0,0.32605654418945307,2026-10-09 14:53:06+00:00,7811.5400390625,2026-10-09,2026-10-10T10:11:13+00:00
2026-10-16,put,SPX261016P06980000,6980.0,0.4,0.65,0.52,1.0,628.0,0.3242255078124999,2026-10-09 14:38:36+00:00,7811.5400390625,2026-10-09,2026-10-10T10:11:13+00:00
2026-10-16,put,SPXW261016P06985000,6985.0,0.55,0.65,0.45,2.0,100.0,0.3223944714355468,2026-10-09 19:29:38+00:00,7811.5400390625,2026-10-09,2026-10-10T10:11:13+00:00
2026-10-16,put,SPXW261016P06990000,6990.0,0.55,0.7,0.45,21.0,361.0,0.3232489550781249,2026-10-09 19:29:32+00:00,7811.5400390625,2026-10-09,2026-10-10T10:11:13+00:00
2026-10-16,put,SPX261016P06995000,6995.0,0.4,0.7,5.3,1.0,84.0,0.32141791870117187,2026-09-28 13:42:44+00:00,7811.5400390625,2026-10-09,2026-10-10T10:11:13+00:00
2026-10-16,put,SPXW261016P07000000,7000.0,0.55,0.7,0.64,129.0,2670.0,0.31958688232421867,2026-10-09 20:14:40+00:00,7811.5400390625,2026-10-09,2026-10-10T10:11:13+00:00
2026-10-16,put,SPX261016P07005000,7005.0,0.45,0.7,13.6,,101.0,0.3176948114013671,2026-09-17 18:35:19+00:00,7811.5400390625,2026-10-09,2026-10-10T10:11:13+00:00
2026-10-16,put,SPX261016P07010000,7010.0,0.45,0.7,0.8,1.0,841.0,0.31580274047851553,2026-10-08 13:31:15+00:00,7811.5400390625,2026-10-09,2026-10-10T10:11:13+00:00
2026-10-16,put,SPXW261016P07015000,7015.0,0.6,0.7,0.55,301.0,102.0,0.3139717041015625,2026-10-09 19:29:32+00:00,7811.5400390625,2026-10-09,2026-10-10T10:11:13+00:00
2026-10-16,put,SPXW261016P07020000,7020.0,0.6,0.7,0.45,1.0,116.0,0.31214066772460936,2026-10-09 19:29:32+00:00,7811.5400390625,2026-10-09,2026-10-10T10:11:13+00:00
2026-10-16,put,SPX261016P07025000,7025.0,0.45,0.7,0.5,6.0,787.0,0.3103096313476562,2026-10-09 18:50:44+00:00,7811.5400390625,2026-10-09,2026-10-10T10:11:13+00:00
2026-10-16,put,SPX261016P07030000,7030.0,0.45,0.7,0.57,1.0,897.0,0.30847859497070307,2026-10-09 14:38:36+00:00,7811.5400390625,2026-10-09,2026-10-10T10:11:13+00:00
2026-10-16,put,SPXW261016P07035000,7035.0,0.6,0.7,0.5,2.0,41.0,0.3065865240478516,2026-10-09 19:29:32+00:00,7811.5400390625,2026-10-09,2026-10-10T10:11:13+00:00
2026-10-16,put,SPXW261016P07040000,7040.0,0.6,0.75,0.49,2.0,379.0,0.30725790405273434,2026-10-09 19:33:23+00:00,7811.5400390625,2026-10-09,2026-10-10T10:11:13+00:00
2026-10-16,put,SPX261016P07045000,7045.0,0.5,0.7,1.25,21.0,129.0,0.30286341674804684,2026-10-08 17:28:14+00:00,7811.5400390625,2026-10-09,2026-10-10T10:11:13+00:00
2026-10-16,put,SPX261016P07050000,7050.0,0.5,0.7,0.55,627.0,6454.0,0.30103238037109376,2026-10-09 20:02:18+00:00,7811.5400390625,2026-10-09,2026-10-10T10:11:13+00:00
2026-10-16,put,SPXW261016P07055000,7055.0,0.6,0.75,0.5,2.0,34.0,0.3016427258300781,2026-10-09 19:29:32+00:00,7811.5400390625,2026-10-09,2026-10-10T10:11:13+00:00
2026-10-16,put,SPXW261016P07060000,7060.0,0.65,0.75,0.5,1.0,99.0,0.299811689453125,2026-10-09 19:29:32+00:00,7811.5400390625,2026-10-09,2026-10-10T10:11:13+00:00
2026-10-16,put,SPX261016P07065000,7065.0,0.5,0.75,1.7,8.0,105.0,0.2978585839843749,2026-10-05 15:02:32+00:00,7811.5400390625,2026-10-09,2026-10-10T10:11:13+00:00
2026-10-16,put,SPX261016P07070000,7070.0,0.5,0.75,0.55,100.0,807.0,0.2960275476074219,2026-10-09 19:51:27+00:00,7811.5400390625,2026-10-09,2026-10-10T10:11:13+00:00
2026-10-16,put,SPXW261016P07075000,7075.0,0.65,0.75,0.5,1.0,915.0,0.2941965112304687,2026-10-09 19:29:32+00:00,7811.5400390625,2026-10-09,2026-10-10T10:11:13+00:00
2026-10-16,put,SPXW261016P07080000,7080.0,0.65,0.8,0.5,2.0,24.0,0.29456271850585936,2026-10-09 19:29:38+00:00,7811.5400390625,2026-10-09,2026-10-10T10:11:13+00:00
2026-10-16,put,SPXW261016P07085000,7085.0,0.65,0.8,0.6,34.0,38.0,0.29273168212890616,2026-10-09 19:52:33+00:00,7811.5400390625,2026-10-09,2026-10-10T10:11:13+00:00
2026-10-16,put,SPX261016P07090000,7090.0,0.5,0.75,0.85,1.0,655.0,0.2885813330078124,2026-10-08 14:17:30+00:00,7811.5400390625,2026-10-09,2026-10-10T10:11:13+00:00
2026-10-16,put,SPXW261016P07095000,7095.0,0.65,0.8,0.55,36.0,54.0,0.288947540283203,2026-10-09 19:29:48+00:00,7811.5400390625,2026-10-09,2026-10-10T10:11:13+00:00
2026-10-16,put,SPXW261016P07100000,7100.0,0.65,0.8,0.79,56.0,2825.0,0.28711650390624993,2026-10-09 20:14:40+00:00,7811.5400390625,2026-10-09,2026-10-10T10:11:13+00:00
2026-10-16,put,SPXW261016P07105000,7105.0,0.7,0.8,0.6,25.0,28.0,0.2852244329833984,2026-10-09 19:54:33+00:00,7811.5400390625,2026-10-09,2026-10-10T10:11:13+00:00
2026-10-16,put,SPXW261016P07110000,7110.0,0.7,0.8,0.6,28.0,221.0,0.2833323620605468,2026-10-09 19:54:36+00:00,7811.5400390625,2026-10-09,2026-10-10T10:11:13+00:00
2026-10-16,put,SPX261016P07115000,7115.0,0.55,0.8,0.95,100.0,807.0,0.2815013256835937,2026-10-07 19:11:24+00:00,7811.5400390625,2026-10-09,2026-10-10T10:11:13+00:00
2026-10-16,put,SPX261016P07120000,7120.0,0.55,0.8,0.77,1.0,1475.0,0.27960925476074217,2026-10-06 15:57:59+00:00,7811.5400390625,2026-10-09,2026-10-10T10:11:13+00:00
2026-10-16,put,SPXW261016P07125000,7125.0,0.7,0.85,0.65,37.0,477.0,0.2797923583984374,2026-10-09 19:52:33+00:00,7811.5400390625,2026-10-09,2026-10-10T10:11:13+00:00
2026-10-16,put,SPXW261016P07130000,7130.0,0.7,0.85,0.65,45.0,187.0,0.2779613220214844,2026-10-09 19:46:44+00:00,7811.5400390625,2026-10-09,2026-10-10T10:11:13+00:00
2026-10-16,put,SPX261016P07135000,7135.0,0.55,0.8,0.9,10.0,112.0,0.27399407653808594,2026-10-08 16:17:11+00:00,7811.5400390625,2026-10-09,2026-10-10T10:11:13+00:00
2026-10-16,put,SPX261016P07140000,7140.0,0.6,0.8,0.65,1500.0,1378.0,0.27210200561523434,2026-10-09 18:05:42+00:00,7811.5400390625,2026-10-09,2026-10-10T10:11:13+00:00
2026-10-16,put,SPXW261016P07145000,7145.0,0.7,0.85,0.65,35.0,52.0,0.2722851092529296,2026-10-09 19:54:35+00:00,7811.5400390625,2026-10-09,2026-10-10T10:11:13+00:00
2026-10-16,put,SPXW261016P07150000,7150.0,0.75,0.85,0.75,90.0,1021.0,0.2703930383300781,2026-10-09 20:02:11+00:00,7811.5400390625,2026-10-09,2026-10-10T10:11:13+00:00
2026-10-16,put,SPX261016P07155000,7155.0,0.6,0.85,0.77,1.0,186.0,0.2685009674072265,2026-10-09 15:01:21+00:00,7811.5400390625,2026-10-09,2026-10-10T10:11:13+00:00
2026-10-16,put,SPX261016P07160000,7160.0,0.6,0.85,1.35,21.0,20401.0,0.266608896484375,2026-10-06 16:57:00+00:00,7811.5400390625,2026-10-09,2026-10-10T10:11:13+00:00
2026-10-16,put,SPXW261016P07165000,7165.0,0.75,0.9,0.7,34.0,85.0,0.2666699310302735,2026-10-09 19:52:33+00:00,7811.5400390625,2026-10-09,2026-10-10T10:11:13+00:00
2026-10-16,put,SPXW261016P07170000,7170.0,0.8,0.9,0.65,33.0,159.0,0.2647778601074219,2026-10-09 19:52:33+00:00,7811.5400390625,2026-10-09,2026-10-10T10:11:13+00:00
2026-10-16,put,SPX261016P07175000,7175.0,0.6,0.85,0.6,1331.0,3628.0,0.26099371826171874,2026-10-09 19:57:41+00:00,7811.5400390625,2026-10-09,2026-10-10T10:11:13+00:00
2026-10-16,put,SPX261016P07180000,7180.0,0.6,0.85,0.67,5.0,1400.0,0.2591016473388672,2026-10-09 18:50:17+00:00,7811.5400390625,2026-10-09,2026-10-10T10:11:13+00:00
2026-10-16,put,SPX261016P07185000,7185.0,0.65,0.85,2.15,50.0,132.0,0.2572095764160156,2026-10-05 18:35:58+00:00,7811.5400390625,2026-10-09,2026-10-10T10:11:13+00:00
2026-10-16,put,SPXW261016P07190000,7190.0,0.8,0.9,0.85,2852.0,212.0,0.2572095764160156,2026-10-09 20:04:25+00:00,7811.5400390625,2026-10-09,2026-10-10T10:11:13+00:00
2026-10-16,put,SPX261016P07195000,7195.0,0.65,0.9,1.25,5.0,246.0,0.25525647094726567,2026-10-08 19:07:28+00:00,7811.5400390625,2026-10-09,2026-10-10T10:11:13+00:00
2026-10-16,put,SPXW261016P07200000,7200.0,0.8,0.95,0.9,10231.0,5227.0,0.2551344018554688,2026-10-09 20:17:55+00:00,7811.5400390625,2026-10-09,2026-10-10T10:11:13+00:00
2026-10-16,put,SPXW261016P07205000,7205.0,0.8,0.95,0.7,94.0,63.0,0.25324233093261717,2026-10-09 19:57:47+00:00,7811.5400390625,2026-10-09,2026-10-10T10:11:13+00:00
2026-10-16,put,SPX261016P07210000,7210.0,0.65,0.9,0.75,8.0,1254.0,0.24958025817871093,2026-10-09 17:29:19+00:00,7811.5400390625,2026-10-09,2026-10-10T10:11:13+00:00
2026-10-16,put,SPXW261016P07215000,7215.0,0.8,0.95,0.7,34.0,71.0,0.24945818908691403,2026-10-09 19:58:09+00:00,7811.5400390625,2026-10-09,2026-10-10T10:11:13+00:00
2026-10-16,put,SPX261016P07220000,7220.0,0.65,0.9,1.35,1.0,1310.0,0.2457961163330078,2026-10-08 19:59:56+00:00,7811.5400390625,2026-10-09,2026-10-10T10:11:13+00:00
2026-10-16,put,SPXW261016P07225000,7225.0,0.85,0.95,0.9,130.0,542.0,0.2456130126953125,2026-10-09 20:04:25+00:00,7811.5400390625,2026-10-09,2026-10-10T10:11:13+00:00
2026-10-16,put,SPX261016P07230000,7230.0,0.65,0.95,1.6,2.0,767.0,0.24372094177246095,2026-10-08 17:11:51+00:00,7811.5400390625,2026-10-09,2026-10-10T10:11:13+00:00
2026-10-16,put,SPXW261016P07235000,7235.0,0.85,1.0,0.75,71.0,310.0,0.24341576904296874,2026-10-09 19:29:32+00:00,7811.5400390625,2026-10-09,2026-10-10T10:11:13+00:00
2026-10-16,put,SPX261016P07240000,7240.0,0.7,0.95,2.6,2.0,491.0,0.23987576538085933,2026-10-05 14:57:39+00:00,7811.5400390625,2026-10-09,2026-10-10T10:11:13+00:00
2026-10-16,put,SPXW261016P07245000,7245.0,0.85,1.0,0.8,137.0,163.0,0.23963162719726558,2026-10-09 20:02:10+00:00,7811.5400390625,2026-10-09,2026-10-10T10:11:13+00:00
2026-10-16,put,SPXW261016P07250000,7250.0,0.85,1.0,0.8,385.0,2658.0,0.23767852172851558,2026-10-09 20:02:11+00:00,7811.5400390625,2026-10-09,2026-10-10T10:11:13+00:00
2026-10-16,put,SPXW261016P07255000,7255.0,0.9,1.0,0.75,46.0,201.0,0.23578645080566402,2026-10-09 19:31:11+00:00,7811.5400390625,2026-10-09,2026-10-10T10:11:13+00:00
2026-10-16,put,SPXW261016P07260000,7260.0,0.9,1.0,0.75,133.0,331.0,0.23383334533691402,2026-10-09 19:58:47+00:00,7811.5400390625,2026-10-09,2026-10-10T10:11:13+00:00
2026-10-16,put,SPXW261016P07265000,7265.0,0.9,1.05,0.75,119.0,81.0,0.23346713806152342,2026-10-09 19:58:47+00:00,7811.5400390625,2026-10-09,2026-10-10T10:11:13+00:00
2026-10-16,put,SPXW261016P07270000,7270.0,0.9,1.05,0.75,140.0,499.0,0.23151403259277342,2026-10-09 19:58:47+00:00,7811.5400390625,2026-10-09,2026-10-10T10:11:13+00:00
2026-10-16,put,SPXW261016P07275000,7275.0,0.9,1.05,0.85,213.0,1007.0,0.22956092712402343,2026-10-09 20:02:11+00:00,7811.5400390625,2026-10-09,2026-10-10T10:11:13+00:00
2026-10-16,put,SPXW261016P07280000,7280.0,0.9,1.05,1.05,233.0,410.0,0.22766885620117186,2026-10-09 20:09:40+00:00,7811.5400390625,2026-10-09,2026-10-10T10:11:13+00:00
2026-10-16,put,SPXW261016P07285000,7285.0,0.95,1.05,0.8,95.0,453.0,0.22571575073242187,2026-10-09 19:58:43+00:00,7811.5400390625,2026-10-09,2026-10-10T10:11:13+00:00
2026-10-16,put,SPXW261016P07290000,7290.0,0.95,1.1,0.82,2889.0,413.0,0.22522747436523435,2026-10-09 19:58:57+00:00,7811.5400390625,2026-10-09,2026-10-10T10:11:13+00:00
2026-10-16,put,SPX261016P07295000,7295.0,0.8,1.05,1.89,6.0,385.0,0.22187057434082028,2026-10-06 18:22:40+00:00,7811.5400390625,2026-10-09,2026-10-10T10:11:13+00:00
2026-10-16,put,SPX261016P07300000,7300.0,0.9,1.05,0.75,165.0,21789.0,0.21991746887207028,2026-10-09 20:03:03+00:00,7811.5400390625,2026-10-09,2026-10-10T10:11:13+00:00
2026-10-16,put,SPX261016P07305000,7305.0,0.8,1.1,2.75,11.0,985.0,0.21936815795898437,2026-10-08 17:28:14+00:00,7811.5400390625,2026-10-09,2026-10-10T10:11:13+00:00
2026-10-16,put,SPXW261016P07310000,7310.0,1.0,1.1,1.1,97.0,259.0,0.21741505249023438,2026-10-09 20:09:21+00:00,7811.5400390625,2026-10-09,2026-10-10T10:11:13+00:00
2026-10-16,put,SPX261016P07315000,7315.0,0.8,1.1,0.95,5.0,298.0,0.2155229815673828,2026-10-09 17:20:59+00:00,7811.5400390625,2026-10-09,2026-10-10T10:11:13+00:00
2026-10-16,put,SPX261016P07320000,7320.0,0.8,1.1,1.25,132.0,1551.0,0.21356987609863282,2026-10-09 14:04:13+00:00,7811.5400390625,2026-10-09,2026-10-10T10:11:13+00:00
2026-10-16,put,SPXW261016P07325000,7325.0,1.0,1.15,1.1,195.0,625.0,0.21289849609375,2026-10-09 20:04:27+00:00,7811.5400390625,2026-10-09,2026-10-10T10:11:13+00:00
2026-10-16,put,SPX261016P07330000,7330.0,0.85,1.15,0.8,6.0,376.0,0.21094539062499998,2026-10-09 19:30:21+00:00,7811.5400390625,2026-10-09,2026-10-10T10:11:13+00:00
2026-10-16,put,SPX261016P07335000,7335.0,0.85,1.1,1.0,196.0,353.0,0.20771055969238278,2026-10-09 18:30:44+00:00,7811.5400390625,2026-10-09,2026-10-10T10:11:13+00:00
2026-10-16,put,SPX261016P07340000,7340.0,0.9,1.15,0.95,24.0,2824.0,0.20703917968749996,2026-10-09 20:02:11+00:00,7811.5400390625,2026-10-09,2026-10-10T10:11:13+00:00
2026-10-16,put,SPX261016P07345000,7345.0,0.9,1.15,1.05,106.0,775.0,0.20508607421874997,2026-10-09 20:04:27+00:00,7811.5400390625,2026-10-09,2026-10-10T10:11:13+00:00
2026-10-16,put,SPX261016P07350000,7350.0,0.9,1.15,0.95,56.0,15467.0,0.20313296874999998,2026-10-09 20:02:11+00:00,7811.5400390625,2026-10-09,2026-10-10T10:11:13+00:00
2026-10-16,put,SPX261016P07355000,7355.0,0.9,1.2,1.05,2.0,580.0,0.2024005541992187,2026-10-09 16:38:58+00:00,7811.5400390625,2026-10-09,2026-10-10T10:11:13+00:00
2026-10-16,put,SPXW261016P07360000,7360.0,1.1,1.25,0.95,108.0,212.0,0.20160710510253904,2026-10-09 19:29:42+00:00,7811.5400390625,2026-10-09,2026-10-10T10:11:13+00:00
2026-10-16,put,SPXW261016P07365000,7365.0,1.1,1.25,1.0,100.0,166.0,0.19962348236083982,2026-10-09 19:46:42+00:00,7811.5400390625,2026-10-09,2026-10-10T10:11:13+00:00
2026-10-16,put,SPX261016P07370000,7370.0,0.95,1.2,0.95,93.0,537.0,0.1964802032470703,2026-10-09 19:24:20+00:00,7811.5400390625,2026-10-09,2026-10-10T10:11:13+00:00
2026-10-16,put,SPXW261016P07375000,7375.0,1.15,1.3,1.25,248.0,770.0,0.19678537597656248,2026-10-09 20:04:48+00:00,7811.5400390625,2026-10-09,2026-10-10T10:11:13+00:00
2026-10-16,put,SPX261016P07380000,7380.0,0.95,1.25,1.45,2.0,618.0,0.19367261413574222,2026-10-09 14:35:12+00:00,7811.5400390625,2026-10-09,2026-10-10T10:11:13+00:00
2026-10-16,put,SPXW261016P07385000,7385.0,1.15,1.3,1.05,114.0,123.0,0.19278761322021482,2026-10-09 19:57:52+00:00,7811.5400390625,2026-10-09,2026-10-10T10:11:13+00:00
2026-10-16,put,SPX261016P07390000,7390.0,1.0,1.25,1.0,46.0,1807.0,0.18970536865234378,2026-10-09 19:11:35+00:00,7811.5400390625,2026-10-09,2026-10-10T10:11:13+00:00
2026-10-16,put,SPXW261016P07395000,7395.0,1.2,1.35,1.3,136.0,214.0,0.18985795501708985,2026-10-09 20:05:13+00:00,7811.5400390625,2026-10-09,2026-10-10T10:11:13+00:00
2026-10-16,put,SPXW261016P07400000,7400.0,1.2,1.35,1.15,742.0,6226.0,0.1878743322753906,2026-10-09 20:02:11+00:00,7811.5400390625,2026-10-09,2026-10-10T10:11:13+00:00
2026-10-16,put,SPXW261016P07405000,7405.0,1.25,1.4,1.2,130.0,174.0,0.18686726226806644,2026-10-09 19:52:33+00:00,7811.5400390625,2026-10-09,2026-10-10T10:11:13+00:00
2026-10-16,put,SPXW261016P07410000,7410.0,1.25,1.4,1.25,482.0,427.0,0.18485312225341793,2026-10-09 20:02:11+00:00,7811.5400390625,2026-10-09,2026-10-10T10:11:13+00:00
2026-10-16,put,SPX261016P07415000,7415.0,1.05,1.35,1.42,6.0,640.0,0.1818319122314453,2026-10-09 15:14:59+00:00,7811.5400390625,2026-10-09,2026-10-10T10:11:13+00:00
2026-10-16,put,SPXW261016P07420000,7420.0,1.3,1.45,1.3,280.0,214.0,0.18177087768554687,2026-10-09 20:02:11+00:00,7811.5400390625,2026-10-09,2026-10-10T10:11:13+00:00
2026-10-16,put,SPXW261016P07425000,7425.0,1.3,1.45,1.15,146.0,343.0,0.17975673767089845,2026-10-09 19:58:09+00:00,7811.5400390625,2026-10-09,2026-10-10T10:11:13+00:00
2026-10-16,put,SPXW261016P07430000,7430.0,1.35,1.5,1.45,477.0,821.0,0.17865811584472657,2026-10-09 20:04:48+00:00,7811.5400390625,2026-10-09,2026-10-10T10:11:13+00:00
2026-10-16,put,SPX261016P07435000,7435.0,1.15,1.4,1.2,246.0,421.0,0.17475190490722659,2026-10-09 19:52:31+00:00,7811.5400390625,2026-10-09,2026-10-10T10:11:13+00:00
2026-10-16,put,SPX261016P07440000,7440.0,1.15,1.45,1.2,367.0,521.0,0.1736532830810547,2026-10-09 19:44:13+00:00,7811.5400390625,2026-10-09,2026-10-10T10:11:13+00:00
2026-10-16,put,SPXW261016P07445000,7445.0,1.4,1.55,1.3,99.0,165.0,0.17340914489746095,2026-10-09 19:57:47+00:00,7811.5400390625,2026-10-09,2026-10-10T10:11:13+00:00
2026-10-16,put,SPXW261016P07450000,7450.0,1.45,1.6,1.6,470.0,1837.0,0.17221897125244146,2026-10-09 20:10:58+00:00,7811.5400390625,2026-10-09,2026-10-10T10:11:13+00:00
2026-10-16,put,SPX261016P07455000,7455.0,1.2,1.5,1.25,87.0,672.0,0.16843482940673832,2026-10-09 19:12:14+00:00,7811.5400390625,2026-10-09,2026-10-10T10:11:13+00:00
2026-10-16,put,SPX261016P07460000,7460.0,1.2,1.55,1.25,44.0,589.0,0.16724465576171876,2026-10-09 19:37:54+00:00,7811.5400390625,2026-10-09,2026-10-10T10:11:13+00:00
2026-10-16,put,SPXW261016P07465000,7465.0,1.5,1.7,1.45,158.0,257.0,0.16767189758300782,2026-10-09 19:54:34+00:00,7811.5400390625,2026-10-09,2026-10-10T10:11:13+00:00
2026-10-16,put,SPXW261016P07470000,7470.0,1.55,1.7,1.43,243.0,669.0,0.16559672302246098,2026-10-09 19:59:45+00:00,7811.5400390625,2026-10-09,2026-10-10T10:11:13+00:00
2026-10-16,put,SPX261016P07475000,7475.0,1.3,1.6,1.25,342.0,4482.0,0.16190413299560547,2026-10-09 19:34:22+00:00,7811.5400390625,2026-10-09,2026-10-10T10:11:13+00:00
2026-10-16,put,SPX261016P07480000,7480.0,1.3,1.65,1.6,19.0,385.0,0.1606224075317383,2026-10-09 20:13:43+00:00,7811.5400390625,2026-10-09,2026-10-10T10:11:13+00:00
2026-10-16,put,SPXW261016P07485000,7485.0,1.65,1.8,1.7,160.0,230.0,0.16083602844238282,2026-10-09 19:52:33+00:00,7811.5400390625,2026-10-09,2026-10-10T10:11:13+00:00
2026-10-16,put,SPXW261016P07490000,7490.0,1.7,1.85,1.62,231.0,785.0,0.15946275115966796,2026-10-09 19:58:57+00:00,7811.5400390625,2026-10-09,2026-10-10T10:11:13+00:00
2026-10-16,put,SPX261016P07495000,7495.0,1.45,1.75,1.5,73.0,581.0,0.15589223022460938,2026-10-09 19:19:22+00:00,7811.5400390625,2026-10-09,2026-10-10T10:11:13+00:00
2026-10-16,put,SPX261016P07500000,7500.0,1.5,1.8,1.55,1018.0,36229.0,0.15451895294189455,2026-10-09 19:48:02+00:00,7811.5400390625,2026-10-09,2026-10-10T10:11:13+00:00
2026-10-16,put,SPX261016P07505000,7505.0,1.5,1.8,1.89,10.0,317.0,0.15238274383544925,2026-10-09 16:31:35+00:00,7811.5400390625,2026-10-09,2026-10-10T10:11:13+00:00
2026-10-16,put,SPX261016P07510000,7510.0,1.55,1.85,1.75,65.0,430.0,0.15097894927978522,2026-10-09 20:04:32+00:00,7811.5400390625,2026-10-09,2026-10-10T10:11:13+00:00
2026-10-16,put,SPXW261016P07515000,7515.0,1.9,2.1,2.05,210.0,219.0,0.15216912292480472,2026-10-09 20:05:13+00:00,7811.5400390625,2026-10-09,2026-10-10T10:11:13+00:00
2026-10-16,put,SPXW261016P07520000,7520.0,1.95,2.15,2.1,273.0,349.0,0.15061274200439456,2026-10-09 20:05:13+00:00,7811.5400390625,2026-10-09,2026-10-10T10:11:13+00:00
2026-10-16,put,SPX261016P07525000,7525.0,1.7,2.0,1.75,119.0,2283.0,0.14655394470214844,2026-10-09 19:12:11+00:00,7811.5400390625,2026-10-09,2026-10-10T10:11:13+00:00
2026-10-16,put,SPXW261016P07530000,7530.0,2.1,2.25,2.1,378.0,391.0,0.147469462890625,2026-10-09 19:56:23+00:00,7811.5400390625,2026-10-09,2026-10-10T10:11:13+00:00
2026-10-16,put,SPXW261016P07535000,7535.0,2.15,2.35,2.25,230.0,298.0,0.14643187561035154,2026-10-09 20:02:38+00:00,7811.5400390625,2026-10-09,2026-10-10T10:11:13+00:00
2026-10-16,put,SPX261016P07540000,7540.0,1.85,2.2,1.95,13.0,662.0,0.14249514739990232,2026-10-09 19:11:59+00:00,7811.5400390625,2026-10-09,2026-10-10T10:11:13+00:00
2026-10-16,put,SPX261016P07545000,7545.0,1.9,2.25,2.0,115.0,407.0,0.14087773193359376,2026-10-09 19:12:14+00:00,7811.5400390625,2026-10-09,2026-10-10T10:11:13+00:00
2026-10-16,put,SPX261016P07550000,7550.0,2.0,2.3,2.1,736.0,7789.0,0.13922979919433598,2026-10-09 19:12:03+00:00,7811.5400390625,2026-10-09,2026-10-10T10:11:13+00:00
2026-10-16,put,SPXW261016P07555000,7555.0,2.45,2.65,2.52,214.0,378.0,0.1407404042053223,2026-10-09 20:02:11+00:00,7811.5400390625,2026-10-09,2026-10-10T10:11:13+00:00
2026-10-16,put,SPXW261016P07560000,7560.0,2.55,2.75,2.82,572.0,556.0,0.1394739373779297,2026-10-09 20:13:56+00:00,7811.5400390625,2026-10-09,2026-10-10T10:11:13+00:00
2026-10-16,put,SPX261016P07565000,7565.0,2.2,2.55,2.4,16.0,685.0,0.13520151916503909,2026-10-09 19:43:09+00:00,7811.5400390625,2026-10-09,2026-10-10T10:11:13+00:00
2026-10-16,put,SPX261016P07570000,7570.0,2.25,2.6,2.5,130.0,934.0,0.13343151733398437,2026-10-09 19:42:13+00:00,7811.5400390625,2026-10-09,2026-10-10T10:11:13+00:00
2026-10-16,put,SPXW261016P07575000,7575.0,2.85,3.1,3.1,1671.0,1350.0,0.1358576405334473,2026-10-09 20:10:00+00:00,7811.5400390625,2026-10-09,2026-10-10T10:11:13+00:00
2026-10-16,put,SPXW261016P07580000,7580.0,2.95,3.2,3.13,1144.0,805.0,0.1344080700683594,2026-10-09 20:05:34+00:00,7811.5400390625,2026-10-09,2026-10-10T10:11:13+00:00
2026-10-16,put,SPX261016P07585000,7585.0,2.55,2.9,2.8,777.0,485.0,0.1294032373046875,2026-10-09 19:59:08+00:00,7811.5400390625,2026-10-09,2026-10-10T10:11:13+00:00
2026-10-16,put,SPX261016P07590000,7590.0,2.65,3.1,2.95,915.0,691.0,0.12883866775512692,2026-10-09 19:39:22+00:00,7811.5400390625,2026-10-09,2026-10-10T10:11:13+00:00
2026-10-16,put,SPXW261016P07595000,7595.0,3.3,3.6,3.6,1970.0,298.0,0.1305781523132324,2026-10-09 20:05:45+00:00,7811.5400390625,2026-10-09,2026-10-10T10:11:13+00:00
2026-10-16,put,SPXW261016P07600000,7600.0,3.5,3.7,3.8,3058.0,5476.0,0.12894547821044922,2026-10-09 20:14:36+00:00,7811.5400390625,2026-10-09,2026-10-10T10:11:13+00:00
2026-10-16,put,SPX261016P07605000,7605.0,3.0,3.4,3.35,136.0,519.0,0.12420004226684572,2026-10-09 20:04:32+00:00,7811.5400390625,2026-10-09,2026-10-10T10:11:13+00:00
2026-10-16,put,SPX261016P07610000,7610.0,3.2,3.6,3.3,518.0,1222.0,0.1233455586242676,2026-10-09 19:12:07+00:00,7811.5400390625,2026-10-09,2026-10-10T10:11:13+00:00
2026-10-16,put,SPX261016P07615000,7615.0,3.3,3.7,3.5,94.0,785.0,0.12165184997558594,2026-10-09 19:12:05+00:00,7811.5400390625,2026-10-09,2026-10-10T10:11:13+00:00
2026-10-16,put,SPX261016P07620000,7620.0,3.5,3.9,3.7,93.0,464.0,0.12064477996826173,2026-10-09 19:12:09+00:00,7811.5400390625,2026-10-09,2026-10-10T10:11:13+00:00
2026-10-16,put,SPX261016P07625000,7625.0,3.6,4.1,4.0,147.0,5478.0,0.11955378746032713,2026-10-09 19:53:15+00:00,7811.5400390625,2026-10-09,2026-10-10T10:11:13+00:00
2026-10-16,put,SPX261016P07630000,7630.0,3.8,4.3,4.12,410.0,1943.0,0.11838650177001953,2026-10-09 19:58:52+00:00,7811.5400390625,2026-10-09,2026-10-10T10:11:13+00:00
2026-10-16,put,SPX261016P07635000,7635.0,4.0,4.5,4.2,47.0,818.0,0.11713529357910156,2026-10-09 19:34:51+00:00,7811.5400390625,2026-10-09,2026-10-10T10:11:13+00:00
2026-10-16,put,SPX261016P07640000,7640.0,4.2,4.7,4.7,143.0,808.0,0.11581542152404786,2026-10-09 19:49:01+00:00,7811.5400390625,2026-10-09,2026-10-10T10:11:13+00:00
2026-10-16,put,SPXW261016P07645000,7645.0,5.3,5.6,5.78,456.0,713.0,0.11843227767944337,2026-10-09 20:12:29+00:00,7811.5400390625,2026-10-09,2026-10-10T10:11:13+00:00
2026-10-16,put,SPX261016P07650000,7650.0,4.7,5.2,5.3,3479.0,15767.0,0.11354188468933105,2026-10-09 20:08:55+00:00,7811.5400390625,2026-10-09,2026-10-10T10:11:13+00:00
2026-10-16,put,SPX261016P07655000,7655.0,5.0,5.5,5.5,5063.0,702.0,0.11255007331848144,2026-10-09 19:58:00+00:00,7811.5400390625,2026-10-09,2026-10-10T10:11:13+00:00
2026-10-16,put,SPX261016P07660000,7660.0,5.2,5.8,5.82,254.0,844.0,0.11145908081054687,2026-10-09 20:08:39+00:00,7811.5400390625,2026-10-09,2026-10-10T10:11:13+00:00
2026-10-16,put,SPXW261016P07665000,7665.0,6.6,6.9,7.17,475.0,471.0,0.11420563537597657,2026-10-09 20:10:14+00:00,7811.5400390625,2026-10-09,2026-10-10T10:11:13+00:00
2026-10-16,put,SPXW261016P07670000,7670.0,6.9,7.2,7.46,713.0,660.0,0.11279421150207519,2026-10-09 20:10:28+00:00,7811.5400390625,2026-10-09,2026-10-10T10:11:13+00:00
2026-10-16,put,SPX261016P07675000,7675.0,6.2,6.8,7.1,1181.0,2974.0,0.10809455146789551,2026-10-09 20:14:05+00:00,7811.5400390625,2026-10-09,2026-10-10T10:11:13+00:00
2026-10-16,put,SPX261016P07680000,7680.0,6.5,7.2,7.2,139.0,627.0,0.10707985214233398,2026-10-09 19:49:08+00:00,7811.5400390625,2026-10-09,2026-10-10T10:11:13+00:00
2026-10-16,put,SPXW261016P07685000,7685.0,8.2,8.5,8.8,385.0,413.0,0.10978063079833984,2026-10-09 20:11:13+00:00,7811.5400390625,2026-10-09,2026-10-10T10:11:13+00:00
2026-10-16,put,SPXW261016P07690000,7690.0,8.6,8.9,9.3,838.0,375.0,0.1084149828338623,2026-10-09 20:11:13+00:00,7811.5400390625,2026-10-09,2026-10-10T10:11:13+00:00
2026-10-16,put,SPX261016P07695000,7695.0,7.8,8.5,8.44,43.0,469.0,0.10378398666381836,2026-10-09 20:05:00+00:00,7811.5400390625,2026-10-09,2026-10-10T10:11:13+00:00
2026-10-16,put,SPXW261016P07700000,7700.0,9.7,10.0,10.4,1890.0,2509.0,0.10654579986572266,2026-10-09 20:14:36+00:00,7811.5400390625,2026-10-09,2026-10-10T10:11:13+00:00
2026-10-16,put,SPX261016P07705000,7705.0,8.8,9.5,9.84,41.0,1022.0,0.10154096710205077,2026-10-09 19:59:42+00:00,7811.5400390625,2026-10-09,2026-10-10T10:11:13+00:00
2026-10-16,put,SPXW261016P07710000,7710.0,10.8,11.1,11.52,2173.0,996.0,0.10418071121215819,2026-10-09 20:05:05+00:00,7811.5400390625,2026-10-09,2026-10-10T10:11:13+00:00
2026-10-16,put,SPXW261016P07715000,7715.0,11.5,11.8,12.41,488.0,1494.0,0.10332622756958007,2026-10-09 20:13:09+00:00,7811.5400390625,2026-10-09,2026-10-10T10:11:13+00:00
2026-10-16,put,SPXW261016P07720000,7720.0,12.2,12.5,13.09,772.0,1341.0,0.10233441619873046,2026-10-09 20:13:09+00:00,7811.5400390625,2026-10-09,2026-10-10T10:11:13+00:00
2026-10-16,put,SPX261016P07725000,7725.0,11.3,12.1,12.13,50.0,4802.0,0.09764238548278809,2026-10-09 20:05:00+00:00,7811.5400390625,2026-10-09,2026-10-10T10:11:13+00:00
2026-10-16,put,SPX261016P07730000,7730.0,12.0,12.8,12.85,56.0,1485.0,0.09647509979248048,2026-10-09 19:37:28+00:00,7811.5400390625,2026-10-09,2026-10-10T10:11:13+00:00
2026-10-16,put,SPXW261016P07735000,7735.0,14.6,14.8,15.58,286.0,206.0,0.09912247322082521,2026-10-09 20:14:16+00:00,7811.5400390625,2026-10-09,2026-10-10T10:11:13+00:00
2026-10-16,put,SPXW261016P07740000,7740.0,15.4,15.7,16.5,632.0,752.0,0.0981611791229248,2026-10-09 20:09:38+00:00,7811.5400390625,2026-10-09,2026-10-10T10:11:13+00:00
2026-10-16,put,SPX261016P07745000,7745.0,14.5,15.4,16.03,968.0,469.0,0.0935912174987793,2026-10-09 20:10:31+00:00,7811.5400390625,2026-10-09,2026-10-10T10:11:13+00:00
2026-10-16,put,SPX261016P07750000,7750.0,15.5,16.4,16.7,6959.0,13980.0,0.09268332862854003,2026-10-09 20:08:24+00:00,7811.5400390625,2026-10-09,2026-10-10T10:11:13+00:00
2026-10-16,put,SPX261016P07755000,7755.0,16.5,17.4,18.6,105.0,572.0,0.09159615077972412,2026-10-09 18:20:33+00:00,7811.5400390625,2026-10-09,2026-10-10T10:11:13+00:00
2026-10-16,put,SPXW261016P07760000,7760.0,19.6,19.9,19.07,691.0,1291.0,0.09432363204956054,2026-10-09 20:11:20+00:00,7811.5400390625,2026-10-09,2026-10-10T10:11:13+00:00
2026-10-16,put,SPX261016P07765000,7765.0,18.8,19.7,20.62,76.0,772.0,0.08969263587951659,2026-10-09 19:48:05+00:00,7811.5400390625,2026-10-09,2026-10-10T10:11:13+00:00
2026-10-16,put,SPX261016P07770000,7770.0,20.0,21.0,21.81,270.0,815.0,0.08884196689605713,2026-10-09 20:10:13+00:00,7811.5400390625,2026-10-09,2026-10-10T10:11:13+00:00
2026-10-16,put,SPX261016P07775000,7775.0,21.4,22.4,23.57,1714.0,3749.0,0.08804088848114015,2026-10-09 19:56:32+00:00,7811.5400390625,2026-10-09,2026-10-10T10:11:13+00:00
2026-10-16,put,SPX261016P07780000,7780.0,22.8,23.8,23.85,97.0,463.0,0.08703000381469728,2026-10-09 19:28:59+00:00,7811.5400390625,2026-10-09,2026-10-10T10:11:13+00:00
2026-10-16,put,SPXW261016P07785000,7785.0,26.4,26.7,28.2,803.0,147.0,0.08943323905944825,2026-10-09 20:10:16+00:00,7811.5400390625,2026-10-09,2026-10-10T10:11:13+00:00
2026-10-16,put,SPX261016P07790000,7790.0,25.9,27.0,28.0,247.0,352.0,0.08533629516601565,2026-10-09 20:01:26+00:00,7811.5400390625,2026-10-09,2026-10-10T10:11:13+00:00
2026-10-16,put,SPXW261016P07795000,7795.0,29.7,30.1,31.37,494.0,306.0,0.08768612518310548,2026-10-09 20:07:56+00:00,7811.5400390625,2026-10-09,2026-10-10T10:11:13+00:00
2026-10-16,put,SPXW261016P07800000,7800.0,31.5,31.9,33.25,1118.0,2527.0,0.08670957244873048,2026-10-09 20:14:36+00:00,7811.5400390625,2026-10-09,2026-10-10T10:11:13+00:00
2026-10-16,put,SPXW261016P07805000,7805.0,33.4,33.8,35.03,553.0,156.0,0.08573683437347414,2026-10-09 20:04:48+00:00,7811.5400390625,2026-10-09,2026-10-10T10:11:13+00:00
2026-10-16,put,SPXW261016P07810000,7810.0,35.4,35.8,37.44,988.0,201.0,0.08475265232086183,2026-10-09 20:11:19+00:00,7811.5400390625,2026-10-09,2026-10-10T10:11:13+00:00
2026-10-16,put,SPX261016P07815000,7815.0,35.4,36.4,38.47,62.0,227.0,0.08027042785644532,2026-10-09 19:44:30+00:00,7811.5400390625,2026-10-09,2026-10-10T10:11:13+00:00
2026-10-16,put,SPXW261016P07820000,7820.0,39.7,40.2,42.07,301.0,191.0,0.08295213321685793,2026-10-09 20:11:50+00:00,7811.5400390625,2026-10-09,2026-10-10T10:11:13+00:00
2026-10-16,put,SPXW261016P07825000,7825.0,42.0,42.5,44.3,187.0,723.0,0.08189165798187258,2026-10-09 20:14:04+00:00,7811.5400390625,2026-10-09,2026-10-10T10:11:13+00:00
2026-10-16,put,SPXW261016P07830000,7830.0,44.5,44.9,46.87,252.0,174.0,0.08078540683746337,2026-10-09 20:11:19+00:00,7811.5400390625,2026-10-09,2026-10-10T10:11:13+00:00
2026-10-16,put,SPX261016P07835000,7835.0,44.9,46.0,46.6,13.0,65.0,0.07625740646362306,2026-10-09 19:32:34+00:00,7811.5400390625,2026-10-09,2026-10-10T10:11:13+00:00
2026-10-16,put,SPX261016P07840000,7840.0,47.6,48.7,52.47,4.0,106.0,0.07521218986511233,2026-10-09 14:28:47+00:00,7811.5400390625,2026-10-09,2026-10-10T10:11:13+00:00
2026-10-16,put,SPXW261016P07845000,7845.0,52.4,52.8,56.2,68.0,68.0,0.07734839897155762,2026-10-09 19:38:28+00:00,7811.5400390625,2026-10-09,2026-10-10T10:11:13+00:00
2026-10-16,put,SPXW261016P07850000,7850.0,55.2,55.7,57.75,255.0,1226.0,0.07621925987243655,2026-10-09 20:14:50+00:00,7811.5400390625,2026-10-09,2026-10-10T10:11:13+00:00
2026-10-16,put,SPX261016P07855000,7855.0,56.3,57.4,99.38,1.0,68.0,0.07151197052001954,2026-10-08 19:56:05+00:00,7811.5400390625,2026-10-09,2026-10-10T10:11:13+00:00
2026-10-16,put,SPX261016P07860000,7860.0,59.4,60.5,60.23,12.0,220.0,0.07003188278198241,2026-10-09 19:07:16+00:00,7811.5400390625,2026-10-09,2026-10-10T10:11:13+00:00
2026-10-16,put,SPX261016P07865000,7865.0,62.6,63.8,72.72,7.0,75.0,0.06869675209045412,2026-10-06 19:56:00+00:00,7811.5400390625,2026-10-09,2026-10-10T10:11:13+00:00
2026-10-16,put,SPXW261016P07870000,7870.0,67.8,68.2,72.2,50.0,51.0,0.07033324085235597,2026-10-09 19:52:10+00:00,7811.5400390625,2026-10-09,2026-10-10T10:11:13+00:00
2026-10-16,put,SPX261016P07875000,7875.0,69.5,70.6,83.51,1.0,244.0,0.06516437774658201,2026-10-06 14:32:13+00:00,7811.5400390625,2026-10-09,2026-10-10T10:11:13+00:00
2026-10-16,put,SPX261016P07880000,7880.0,73.0,74.1,79.22,1.0,50.0,0.0628145477294922,2026-10-09 16:57:31+00:00,7811.5400390625,2026-10-09,2026-10-10T10:11:13+00:00
2026-10-16,put,SPX261016P07885000,7885.0,76.6,77.8,179.17,1.0,7.0,0.060464717712402354,2026-09-30 15:13:06+00:00,7811.5400390625,2026-10-09,2026-10-10T10:11:13+00:00
2026-10-16,put,SPX261016P07890000,7890.0,80.3,81.5,120.56,2.0,146.0,0.05711544700622559,2026-10-08 20:02:42+00:00,7811.5400390625,2026-10-09,2026-10-10T10:11:13+00:00
2026-10-16,put,SPX261016P07895000,7895.0,84.2,85.4,127.68,1.0,7.0,0.053354193115234386,2026-10-07 14:43:20+00:00,7811.5400390625,2026-10-09,2026-10-10T10:11:13+00:00
2026-10-16,put,SPXW261016P07900000,7900.0,89.1,90.7,94.41,47.0,340.0,0.05768764587402345,2026-10-09 19:18:17+00:00,7811.5400390625,2026-10-09,2026-10-10T10:11:13+00:00
2026-10-16,put,SPX261016P07905000,7905.0,92.1,93.3,218.66,14.0,45.0,1.0000000000000003e-05,2026-09-28 19:48:26+00:00,7811.5400390625,2026-10-09,2026-10-10T10:11:13+00:00
2026-10-16,put,SPX261016P07910000,7910.0,96.2,97.4,241.18,3.0,44.0,1.0000000000000003e-05,2026-09-11 16:00:17+00:00,7811.5400390625,2026-10-09,2026-10-10T10:11:13+00:00
2026-10-16,put,SPXW261016P07915000,7915.0,98.5,105.4,101.89,2.0,14.0,0.06286032363891603,2026-10-09 19:16:02+00:00,7811.5400390625,2026-10-09,2026-10-10T10:11:13+00:00
2026-10-16,put,SPXW261016P07920000,7920.0,102.6,109.6,109.59,56.0,20.0,0.05845057769775391,2026-10-09 19:43:09+00:00,7811.5400390625,2026-10-09,2026-10-10T10:11:13+00:00
2026-10-16,put,SPXW261016P07925000,7925.0,109.6,111.4,114.49,104.0,73.0,1.0000000000000003e-05,2026-10-09 18:47:42+00:00,7811.5400390625,2026-10-09,2026-10-10T10:11:13+00:00
2026-10-16,put,SPX261016P07930000,7930.0,113.4,114.6,251.9,1.0,9.0,1.0000000000000003e-05,2026-08-27 13:40:09+00:00,7811.5400390625,2026-10-09,2026-10-10T10:11:13+00:00
2026-10-16,put,SPXW261016P07935000,7935.0,115.5,122.5,118.81,1.0,19.0,1.0000000000000003e-05,2026-10-09 19:16:02+00:00,7811.5400390625,2026-10-09,2026-10-10T10:11:13+00:00
2026-10-16,put,SPXW261016P07940000,7940.0,120.4,126.6,221.0,2.0,42.0,1.0000000000000003e-05,2026-08-28 15:40:13+00:00,7811.5400390625,2026-10-09,2026-10-10T10:11:13+00:00
2026-10-16,put,SPXW261016P07945000,7945.0,124.8,131.3,304.33,2.0,11.0,1.0000000000000003e-05,2026-09-02 13:35:55+00:00,7811.5400390625,2026-10-09,2026-10-10T10:11:13+00:00
2026-10-16,put,SPXW261016P07950000,7950.0,131.6,133.5,136.9,1.0,37.0,1.0000000000000003e-05,2026-10-09 16:51:23+00:00,7811.5400390625,2026-10-09,2026-10-10T10:11:13+00:00
2026-10-16,put,SPXW261016P07955000,7955.0,130.4,150.4,225.71,2.0,31.0,0.11066563171386719,2026-10-02 15:06:05+00:00,7811.5400390625,2026-10-09,2026-10-10T10:11:13+00:00
2026-10-16,put,SPXW261016P07960000,7960.0,135.0,155.0,136.78,4.0,21.0,0.11144382217407225,2026-10-06 19:14:20+00:00,7811.5400390625,2026-10-09,2026-10-10T10:11:13+00:00
2026-10-16,put,SPXW261016P07965000,7965.0,139.7,159.7,142.89,6.0,7.0,0.11260347854614258,2026-10-06 18:30:45+00:00,7811.5400390625,2026-10-09,2026-10-10T10:11:13+00:00
2026-10-16,put,SPXW261016P07970000,7970.0,144.4,164.4,293.44,1.0,12.0,0.11367158309936523,2026-09-08 19:57:58+00:00,7811.5400390625,2026-10-09,2026-10-10T10:11:13+00:00
2026-10-16,put,SPX261016P07975000,7975.0,154.9,165.2,323.72,3.0,28.0,0.08793026336669924,2026-09-09 14:24:59+00:00,7811.5400390625,2026-10-09,2026-10-10T10:11:13+00:00
2026-10-16,put,SPXW261016P07980000,7980.0,154.0,174.0,301.7,2.0,25.0,0.11664701721191406,2026-09-08 19:57:58+00:00,7811.5400390625,2026-10-09,2026-10-10T10:11:13+00:00
2026-10-16,put,SPX261016P07985000,7985.0,164.4,165.7,207.43,,3.0,1.0000000000000003e-05,2026-09-22 19:51:15+00:00,7811.5400390625,2026-10-09,2026-10-10T10:11:13+00:00
2026-10-16,put,SPXW261016P07990000,7990.0,163.6,183.6,383.5,2.0,33.0,0.11937068382263183,2026-09-10 18:10:18+00:00,7811.5400390625,2026-10-09,2026-10-10T10:11:13+00:00
2026-10-16,put,SPX261016P07995000,7995.0,214.7,215.5,173.08,,,0.22341169662475585,2026-10-06 14:26:25+00:00,7811.5400390625,2026-10-09,2026-10-10T10:11:13+00:00
2026-10-16,put,SPXW261016P08000000,8000.0,178.9,180.9,184.2,10.0,76.0,1.0000000000000003e-05,2026-10-09 19:53:33+00:00,7811.5400390625,2026-10-09,2026-10-10T10:11:13+00:00
2026-10-16,put,SPXW261016P08010000,8010.0,215.6,216.9,268.4,9.0,0.0,0.18827105682373046,2026-08-14 19:16:58+00:00,7811.5400390625,2026-10-09,2026-10-10T10:11:13+00:00
2026-10-16,put,SPX261016P08020000,8020.0,198.7,200.0,361.41,6.0,7.0,1.0000000000000003e-05,2026-08-24 15:24:35+00:00,7811.5400390625,2026-10-09,2026-10-10T10:11:13+00:00
2026-10-16,put,SPX261016P08025000,8025.0,203.6,204.9,369.59,2.0,26.0,1.0000000000000003e-05,2026-09-09 17:05:06+00:00,7811.5400390625,2026-10-09,2026-10-10T10:11:13+00:00
2026-10-16,put,SPXW261016P08030000,8030.0,200.8,219.7,258.0,2.0,27.0,0.10459269439697264,2026-10-08 19:59:33+00:00,7811.5400390625,2026-10-09,2026-10-10T10:11:13+00:00
2026-10-16,put,SPX261016P08040000,8040.0,396.8,400.1,329.9,,2.0,0.6143989976501465,2026-08-05 15:46:31+00:00,7811.5400390625,2026-10-09,2026-10-10T10:11:13+00:00
2026-10-16,put,SPXW261016P08050000,8050.0,220.7,244.6,326.39,1.0,16.0,0.15454184089660647,2026-09-30 14:15:25+00:00,7811.5400390625,2026-10-09,2026-10-10T10:11:13+00:00
2026-10-16,put,SPX261016P08060000,8060.0,226.8,250.8,274.2,12.0,19.0,0.12981522048950195,2026-09-22 14:13:38+00:00,7811.5400390625,2026-10-09,2026-10-10T10:11:13+00:00
2026-10-16,put,SPX261016P08070000,8070.0,236.8,260.8,449.75,1.0,0.0,0.13395031097412108,2026-09-10 16:32:40+00:00,7811.5400390625,2026-10-09,2026-10-10T10:11:13+00:00
2026-10-16,put,SPX261016P08075000,8075.0,278.8,279.7,374.0,1.0,0.0,0.2170030693054199,2026-08-20 13:35:00+00:00,7811.5400390625,2026-10-09,2026-10-10T10:11:13+00:00
2026-10-16,put,SPX261016P08080000,8080.0,246.7,270.7,353.04,1.0,4.0,0.13697152099609378,2026-08-28 17:59:39+00:00,7811.5400390625,2026-10-09,2026-10-10T10:11:13+00:00
2026-10-16,put,SPX261016P08090000,8090.0,290.8,298.4,393.2,5.0,0.0,0.24043270561218258,2026-08-21 16:25:14+00:00,7811.5400390625,2026-10-09,2026-10-10T10:11:13+00:00
2026-10-16,put,SPXW261016P08100000,8100.0,270.5,294.4,286.75,1.0,19.0,0.176766044921875,2026-10-09 16:50:20+00:00,7811.5400390625,2026-10-09,2026-10-10T10:11:13+00:00
2026-10-16,put,SPXW261016P08110000,8110.0,312.9,334.0,370.87,,0.0,0.30844807769775384,2026-08-11 16:15:27+00:00,7811.5400390625,2026-10-09,2026-10-10T10:11:13+00:00
2026-10-16,put,SPXW261016P08120000,8120.0,427.8,448.2,345.74,,0.0,0.5787624521636963,2026-08-13 15:44:31+00:00,7811.5400390625,2026-10-09,2026-10-10T10:11:13+00:00
2026-10-16,put,SPX261016P08125000,8125.0,325.7,333.2,422.25,2.0,0.0,0.2591169059753418,2026-08-21 16:22:08+00:00,7811.5400390625,2026-10-09,2026-10-10T10:11:13+00:00
2026-10-16,put,SPXW261016P08130000,8130.0,300.4,324.4,430.72,,3.0,0.19046830047607421,2026-08-31 14:42:30+00:00,7811.5400390625,2026-10-09,2026-10-10T10:11:13+00:00
2026-10-16,put,SPXW261016P08140000,8140.0,310.4,334.4,439.87,12.0,3.0,0.19498485687255857,2026-08-31 14:42:30+00:00,7811.5400390625,2026-10-09,2026-10-10T10:11:13+00:00
2026-10-16,put,SPXW261016P08150000,8150.0,320.4,344.3,504.67,,2.0,0.19873848144531248,2026-09-14 20:06:28+00:00,7811.5400390625,2026-10-09,2026-10-10T10:11:13+00:00
2026-10-16,put,SPX261016P08160000,8160.0,510.2,513.9,416.38,,2.0,0.6959258923339844,2026-08-05 17:26:14+00:00,7811.5400390625,2026-10-09,2026-10-10T10:11:13+00:00
2026-10-16,put,SPXW261016P08170000,8170.0,478.3,497.9,381.43,1.0,0.0,0.6167564569854737,2026-08-13 13:40:15+00:00,7811.5400390625,2026-10-09,2026-10-10T10:11:13+00:00
2026-10-16,put,SPX261016P08175000,8175.0,375.5,383.0,465.53,9.0,0.0,0.2852625795745849,2026-08-21 16:30:58+00:00,7811.5400390625,2026-10-09,2026-10-10T10:11:13+00:00
2026-10-16,put,SPX261016P08190000,8190.0,356.5,380.5,475.17,,2.0,0.17774259765625,2026-09-08 15:22:01+00:00,7811.5400390625,2026-10-09,2026-10-10T10:11:13+00:00
2026-10-16,put,SPX261016P08200000,8200.0,366.5,390.5,410.2,1.0,9.0,0.1815572567749023,2026-10-08 14:05:49+00:00,7811.5400390625,2026-10-09,2026-10-10T10:11:13+00:00
2026-10-16,put,SPX261016P08220000,8220.0,386.5,410.5,432.6,1.0,0.0,0.18909502319335939,2026-10-08 13:57:40+00:00,7811.5400390625,2026-10-09,2026-10-10T10:11:13+00:00
2026-10-16,put,SPX261016P08225000,8225.0,425.0,432.7,512.68,1.0,0.0,0.3100349758911133,2026-08-21 16:27:22+00:00,7811.5400390625,2026-10-09,2026-10-10T10:11:13+00:00
2026-10-16,put,SPX261016P08230000,8230.0,410.6,492.0,532.06,4.0,0.0,0.5036289261627198,2026-08-21 14:44:23+00:00,7811.5400390625,2026-10-09,2026-10-10T10:11:13+00:00
2026-10-16,put,SPXW261016P08250000,8250.0,502.4,526.4,761.82,1.0,5.0,0.523728365058899,2026-07-27 14:20:32+00:00,7811.5400390625,2026-10-09,2026-10-10T10:11:13+00:00
2026-10-16,put,SPX261016P08260000,8260.0,426.5,450.5,590.01,1.0,7.0,0.20401796966552732,2026-09-29 17:13:32+00:00,7811.5400390625,2026-10-09,2026-10-10T10:11:13+00:00
2026-10-16,put,SPX261016P08270000,8270.0,470.6,477.7,552.12,3.0,0.0,0.3329153012847901,2026-08-21 16:29:20+00:00,7811.5400390625,2026-10-09,2026-10-10T10:11:13+00:00
2026-10-16,put,SPXW261016P08275000,8275.0,445.2,469.2,552.89,,1.0,0.2518843122863769,2026-08-31 13:30:05+00:00,7811.5400390625,2026-10-09,2026-10-10T10:11:13+00:00
2026-10-16,put,SPX261016P08280000,8280.0,482.8,486.9,498.8,,0.0,0.33398340583801267,2026-08-12 18:11:31+00:00,7811.5400390625,2026-10-09,2026-10-10T10:11:13+00:00
2026-10-16,put,SPX261016P08290000,8290.0,456.4,480.4,620.09,1.0,12.0,0.2133867724609375,2026-09-29 17:13:41+00:00,7811.5400390625,2026-10-09,2026-10-10T10:11:13+00:00
2026-10-16,put,SPXW261016P08300000,8300.0,470.2,494.2,505.12,1.0,9.0,0.2623059609985352,2026-09-21 19:47:00+00:00,7811.5400390625,2026-10-09,2026-10-10T10:11:13+00:00
2026-10-16,put,SPX261016P08310000,8310.0,509.8,517.5,592.33,1.0,0.0,0.35182075187683104,2026-08-21 16:15:50+00:00,7811.5400390625,2026-10-09,2026-10-10T10:11:13+00:00
2026-10-16,put,SPXW261016P08320000,8320.0,490.2,514.2,709.14,,3.0,0.27054562469482424,2026-09-15 18:59:58+00:00,7811.5400390625,2026-10-09,2026-10-10T10:11:13+00:00
2026-10-16,put,SPXW261016P08325000,8325.0,495.2,519.2,681.18,,9.0,0.27260554061889647,2026-09-16 16:05:49+00:00,7811.5400390625,2026-10-09,2026-10-10T10:11:13+00:00
2026-10-16,put,SPX261016P08330000,8330.0,529.7,537.5,610.5,11.0,0.0,0.3616244258117675,2026-08-21 16:31:14+00:00,7811.5400390625,2026-10-09,2026-10-10T10:11:13+00:00
2026-10-16,put,SPXW261016P08340000,8340.0,510.2,534.2,704.61,,18.0,0.27873951248168943,2026-09-16 14:54:35+00:00,7811.5400390625,2026-10-09,2026-10-10T10:11:13+00:00
2026-10-16,put,SPX261016P08350000,8350.0,516.4,540.4,670.0,10.0,210.0,0.23493196716308595,2026-10-01 17:25:04+00:00,7811.5400390625,2026-10-09,2026-10-10T10:11:13+00:00
2026-10-16,put,SPX261016P08360000,8360.0,526.4,550.4,560.71,9.0,13.0,0.2385024880981445,2026-09-22 19:35:30+00:00,7811.5400390625,2026-10-09,2026-10-10T10:11:13+00:00
2026-10-16,put,SPX261016P08370000,8370.0,569.8,577.5,648.5,23.0,0.0,0.3809571182250976,2026-08-21 16:13:34+00:00,7811.5400390625,2026-10-09,2026-10-10T10:11:13+00:00
2026-10-16,put,SPX261016P08375000,8375.0,541.4,565.4,614.45,2.0,5.0,0.24381249359130858,2026-09-03 15:11:30+00:00,7811.5400390625,2026-10-09,2026-10-10T10:11:13+00:00
2026-10-16,put,SPXW261016P08400000,8400.0,0.0,0.0,884.23,5.0,0.0,1.0000000000000003e-05,2026-07-20 20:03:00+00:00,7811.5400390625,2026-10-09,2026-10-10T10:11:13+00:00
2026-10-16,put,SPX261016P08425000,8425.0,852.3,863.9,777.0,,0.0,1.0978667543411258,2026-06-01 14:24:02+00:00,7811.5400390625,2026-10-09,2026-10-10T10:11:13+00:00
2026-10-16,put,SPXW261016P08450000,8450.0,620.1,644.1,629.7,4.0,4.0,0.32164679824829095,2026-10-09 19:44:35+00:00,7811.5400390625,2026-10-09,2026-10-10T10:11:13+00:00
2026-10-16,put,SPX261016P08500000,8500.0,666.3,690.3,683.14,1.0,171.0,0.284888742980957,2026-10-09 19:53:36+00:00,7811.5400390625,2026-10-09,2026-10-10T10:11:13+00:00
2026-10-16,put,SPXW261016P08525000,8525.0,695.0,719.0,746.64,16.0,18.0,0.3494938098144531,2026-09-23 13:31:01+00:00,7811.5400390625,2026-10-09,2026-10-10T10:11:13+00:00
2026-10-16,put,SPXW261016P08550000,8550.0,720.0,744.0,771.47,16.0,18.0,0.3589846817016602,2026-09-23 13:31:01+00:00,7811.5400390625,2026-10-09,2026-10-10T10:11:13+00:00
2026-10-16,put,SPX261016P08575000,8575.0,1077.4,1101.4,987.5,,6.0,1.408564663734436,2026-06-18 20:00:14+00:00,7811.5400390625,2026-10-09,2026-10-10T10:11:13+00:00
2026-10-16,put,SPX261016P08600000,8600.0,766.2,790.2,839.05,1.0,22.0,0.3157722232055663,2026-08-27 15:09:47+00:00,7811.5400390625,2026-10-09,2026-10-10T10:11:13+00:00
2026-10-16,put,SPX261016P08625000,8625.0,791.2,815.2,822.94,,1.0,0.32392033508300777,2026-08-28 15:08:05+00:00,7811.5400390625,2026-10-09,2026-10-10T10:11:13+00:00
2026-10-16,put,SPX261016P08650000,8650.0,829.6,909.4,923.63,2.0,0.0,0.5750393448638915,2026-08-21 16:39:54+00:00,7811.5400390625,2026-10-09,2026-10-10T10:11:13+00:00
2026-10-16,put,SPX261016P08700000,8700.0,1118.0,1129.2,1027.17,1.0,0.0,1.259410746421814,2026-05-29 17:49:17+00:00,7811.5400390625,2026-10-09,2026-10-10T10:11:13+00:00
2026-10-16,put,SPX261016P08750000,8750.0,916.1,940.1,1126.04,1.0,14.0,0.3610903735351562,2026-09-10 20:03:03+00:00,7811.5400390625,2026-10-09,2026-10-10T10:11:13+00:00
2026-10-16,put,SPX261016P08775000,8775.0,941.1,965.1,1060.97,1.0,11.0,0.3688417608642578,2026-08-25 15:31:20+00:00,7811.5400390625,2026-10-09,2026-10-10T10:11:13+00:00
2026-10-16,put,SPXW261016P08800000,8800.0,969.8,993.8,1146.83,2.0,2.0,0.44754580780029296,2026-09-14 15:38:49+00:00,7811.5400390625,2026-10-09,2026-10-10T10:11:13+00:00
2026-10-16,put,SPXW261016P08850000,8850.0,1019.8,1043.8,1070.3,8.0,17.0,0.4650322052001954,2026-09-23 13:31:01+00:00,7811.5400390625,2026-10-09,2026-10-10T10:11:13+00:00
2026-10-16,put,SPXW261016P08900000,8900.0,1069.7,1093.7,1120.11,8.0,19.0,0.4808706698608398,2026-09-23 13:31:01+00:00,7811.5400390625,2026-10-09,2026-10-10T10:11:13+00:00
2026-10-16,put,SPXW261016P09000000,9000.0,1169.7,1193.6,1351.63,10.0,112.0,0.5131884619140624,2026-09-18 15:40:22+00:00,7811.5400390625,2026-10-09,2026-10-10T10:11:13+00:00
2026-10-16,put,SPXW261016P09100000,9100.0,1294.0,1315.4,1291.46,,0.0,0.6695742271423339,2026-08-12 18:32:55+00:00,7811.5400390625,2026-10-09,2026-10-10T10:11:13+00:00
2026-10-16,put,SPX261016P09200000,9200.0,0.0,0.0,1644.79,5.0,0.0,1.0000000000000003e-05,2026-07-20 14:28:31+00:00,7811.5400390625,2026-10-09,2026-10-10T10:11:13+00:00
2026-10-16,put,SPX261016P09400000,9400.0,1793.3,1804.8,1811.62,,81.0,1.5911199032974241,2026-06-17 19:04:53+00:00,7811.5400390625,2026-10-09,2026-10-10T10:11:13+00:00
2026-10-16,put,SPXW261016P09800000,9800.0,2041.2,2065.2,2163.11,1.0,1.0,1.2373466477584838,2026-08-03 14:35:31+00:00,7811.5400390625,2026-10-09,2026-10-10T10:11:13+00:00
2026-10-16,put,SPX261016P10000000,10000.0,2165.2,2189.2,2350.52,1.0,33.0,0.6525913647460939,2026-09-18 14:22:00+00:00,7811.5400390625,2026-10-09,2026-10-10T10:11:13+00:00
2026-10-16,put,SPX261016P10200000,10200.0,2365.1,2389.1,2519.55,5.0,6.0,0.6894562304687502,2026-09-29 17:38:29+00:00,7811.5400390625,2026-10-09,2026-10-10T10:11:13+00:00
2026-10-16,put,SPXW261016P10600000,10600.0,2787.0,2811.0,2779.36,,0.0,1.0837448156738283,2026-08-12 18:32:55+00:00,7811.5400390625,2026-10-09,2026-10-10T10:11:13+00:00
2026-10-16,put,SPX261016P10800000,10800.0,0.0,0.0,3764.59,1.0,0.0,1.0000000000000003e-05,2026-04-13 17:34:00+00:00,7811.5400390625,2026-10-09,2026-10-10T10:11:13+00:00
2026-10-16,put,SPX261016P11000000,11000.0,3235.5,3259.5,3183.97,2.0,42.0,1.6316241563415523,2026-08-05 17:17:23+00:00,7811.5400390625,2026-10-09,2026-10-10T10:11:13+00:00
2026-10-16,put,SPX261016P11200000,11200.0,0.0,0.0,3533.15,4.0,0.0,1.0000000000000003e-05,2026-07-15 15:37:23+00:00,7811.5400390625,2026-10-09,2026-10-10T10:11:13+00:00
2026-10-16,put,SPX261016P11400000,11400.0,0.0,0.0,3828.23,10.0,0.0,1.0000000000000003e-05,2026-06-29 20:11:47+00:00,7811.5400390625,2026-10-09,2026-10-10T10:11:13+00:00
2026-10-16,put,SPX261016P11600000,11600.0,3868.6,3878.6,4002.07,2.0,0.0,1.9721223317718506,2026-07-17 16:48:41+00:00,7811.5400390625,2026-10-09,2026-10-10T10:11:13+00:00
2026-10-16,put,SPX261016P12000000,12000.0,4163.9,4187.9,4297.02,1.0,7.0,1.0000000000000003e-05,2026-09-01 15:14:44+00:00,7811.5400390625,2026-10-09,2026-10-10T10:11:13+00:00
2026-10-16,put,SPX261016P12400000,12400.0,4563.7,4587.7,4600.34,1.0,30.0,1.0000000000000003e-05,2026-09-22 14:57:55+00:00,7811.5400390625,2026-10-09,2026-10-10T10:11:13+00:00
2026-10-19,call,SPXW261019C06850000,6850.0,956.5,980.5,908.72,14.0,14.0,0.5302171002197267,2026-09-25 16:38:00+00:00,7811.5400390625,2026-10-09,2026-10-10T10:11:13+00:00
2026-10-19,call,SPXW261019C06875000,6875.0,931.6,955.5,884.07,14.0,14.0,0.518605277862549,2026-09-25 16:38:00+00:00,7811.5400390625,2026-10-09,2026-10-10T10:11:13+00:00
2026-10-19,call,SPXW261019C06975000,6975.0,831.8,855.7,826.67,,11.0,0.47330238616943365,2026-09-22 19:52:56+00:00,7811.5400390625,2026-10-09,2026-10-10T10:11:13+00:00
2026-10-19,call,SPXW261019C07000000,7000.0,806.8,830.8,789.59,13.0,19.0,0.4622322454071045,2026-10-05 18:32:10+00:00,7811.5400390625,2026-10-09,2026-10-10T10:11:13+00:00
2026-10-19,call,SPXW261019C07050000,7050.0,756.9,780.9,739.89,13.0,10.0,0.4394434718322754,2026-10-05 18:32:10+00:00,7811.5400390625,2026-10-09,2026-10-10T10:11:13+00:00
2026-10-19,call,SPXW261019C07200000,7200.0,607.2,631.2,532.49,,2.0,0.3704134004211425,2026-09-28 13:57:09+00:00,7811.5400390625,2026-10-09,2026-10-10T10:11:13+00:00
2026-10-19,call,SPXW261019C07225000,7225.0,582.3,606.3,508.41,,2.0,0.3590151989746094,2026-09-28 13:57:09+00:00,7811.5400390625,2026-10-09,2026-10-10T10:11:13+00:00
2026-10-19,call,SPXW261019C07250000,7250.0,557.4,581.3,418.97,1.0,1.0,0.3470982038879394,2026-09-18 14:32:36+00:00,7811.5400390625,2026-10-09,2026-10-10T10:11:13+00:00
2026-10-19,call,SPXW261019C07300000,7300.0,507.5,531.5,398.05,4.0,4.0,0.32402714553832995,2026-10-01 19:20:49+00:00,7811.5400390625,2026-10-09,2026-10-10T10:11:13+00:00
2026-10-19,call,SPXW261019C07370000,7370.0,437.8,461.8,333.35,4.0,4.0,0.2913126289367675,2026-10-01 19:20:49+00:00,7811.5400390625,2026-10-09,2026-10-10T10:11:13+00:00
2026-10-19,call,SPXW261019C07400000,7400.0,408.0,432.0,386.5,1.0,2.0,0.2773662351989746,2026-10-07 14:34:43+00:00,7811.5400390625,2026-10-09,2026-10-10T10:11:13+00:00
2026-10-19,call,SPXW261019C07425000,7425.0,383.2,407.1,210.81,,1.0,0.2653500589752198,2026-09-16 19:20:00+00:00,7811.5400390625,2026-10-09,2026-10-10T10:11:13+00:00
2026-10-19,call,SPXW261019C07430000,7430.0,378.2,402.2,259.52,1.0,1.0,0.2632443671417237,2026-10-01 14:01:00+00:00,7811.5400390625,2026-10-09,2026-10-10T10:11:13+00:00
2026-10-19,call,SPXW261019C07450000,7450.0,358.4,382.4,242.59,1.0,3.0,0.2539747454833985,2026-10-01 14:01:00+00:00,7811.5400390625,2026-10-09,2026-10-10T10:11:13+00:00
2026-10-19,call,SPXW261019C07460000,7460.0,348.5,372.5,225.91,3.0,4.0,0.24930560272216795,2026-10-01 16:17:01+00:00,7811.5400390625,2026-10-09,2026-10-10T10:11:13+00:00
2026-10-19,call,SPXW261019C07470000,7470.0,338.6,362.6,294.23,27.0,28.0,0.2446059426879883,2026-09-25 13:49:17+00:00,7811.5400390625,2026-10-09,2026-10-10T10:11:13+00:00
2026-10-19,call,SPXW261019C07475000,7475.0,333.7,357.6,255.61,1.0,4.0,0.2420653797149658,2026-09-28 16:14:31+00:00,7811.5400390625,2026-10-09,2026-10-10T10:11:13+00:00
2026-10-19,call,SPXW261019C07500000,7500.0,309.0,333.0,298.6,2.0,18.0,0.23068243690490722,2026-10-09 13:43:14+00:00,7811.5400390625,2026-10-09,2026-10-10T10:11:13+00:00
2026-10-19,call,SPXW261019C07510000,7510.0,299.2,323.1,225.67,1.0,4.0,0.22586833709716797,2026-09-28 16:14:31+00:00,7811.5400390625,2026-10-09,2026-10-10T10:11:13+00:00
2026-10-19,call,SPXW261019C07520000,7520.0,289.3,313.3,318.84,30.0,31.0,0.22135178070068356,2026-10-06 19:48:59+00:00,7811.5400390625,2026-10-09,2026-10-10T10:11:13+00:00
2026-10-19,call,SPXW261019C07525000,7525.0,284.4,308.4,275.83,4.0,8.0,0.2190782438659668,2026-10-09 13:32:50+00:00,7811.5400390625,2026-10-09,2026-10-10T10:11:13+00:00
2026-10-19,call,SPXW261019C07530000,7530.0,279.5,303.5,246.95,4.0,4.0,0.21679326305389401,2026-10-02 13:45:04+00:00,7811.5400390625,2026-10-09,2026-10-10T10:11:13+00:00
2026-10-19,call,SPXW261019C07540000,7540.0,269.7,293.7,229.68,1.0,1.0,0.21218896949768065,2026-10-08 17:42:08+00:00,7811.5400390625,2026-10-09,2026-10-10T10:11:13+00:00
2026-10-19,call,SPXW261019C07550000,7550.0,260.0,284.0,256.21,60.0,11.0,0.20786314605712886,2026-10-09 14:52:50+00:00,7811.5400390625,2026-10-09,2026-10-10T10:11:13+00:00
2026-10-19,call,SPXW261019C07555000,7555.0,255.1,279.1,216.9,1.0,1.0,0.20551331604003903,2026-10-02 13:40:05+00:00,7811.5400390625,2026-10-09,2026-10-10T10:11:13+00:00
2026-10-19,call,SPXW261019C07560000,7560.0,250.2,274.2,220.07,1.0,17.0,0.2031558567047119,2026-10-08 19:56:01+00:00,7811.5400390625,2026-10-09,2026-10-10T10:11:13+00:00
2026-10-19,call,SPXW261019C07570000,7570.0,240.5,264.5,225.95,1.0,13.0,0.19871559349060056,2026-10-08 15:06:33+00:00,7811.5400390625,2026-10-09,2026-10-10T10:11:13+00:00
2026-10-19,call,SPXW261019C07575000,7575.0,235.7,259.7,164.5,3.0,23.0,0.1966251602935791,2026-09-29 15:00:26+00:00,7811.5400390625,2026-10-09,2026-10-10T10:11:13+00:00
2026-10-19,call,SPXW261019C07580000,7580.0,230.9,254.9,193.36,2.0,6.0,0.19451183914184572,2026-10-08 17:42:08+00:00,7811.5400390625,2026-10-09,2026-10-10T10:11:13+00:00
2026-10-19,call,SPXW261019C07590000,7590.0,221.3,245.2,236.7,1.0,17.0,0.18993424819946292,2026-10-09 19:27:17+00:00,7811.5400390625,2026-10-09,2026-10-10T10:11:13+00:00
2026-10-19,call,SPXW261019C07600000,7600.0,211.7,235.7,200.49,2.0,109.0,0.1858754508972168,2026-10-08 18:49:27+00:00,7811.5400390625,2026-10-09,2026-10-10T10:11:13+00:00
2026-10-19,call,SPXW261019C07605000,7605.0,206.9,230.9,194.07,1.0,2.0,0.18367057792663574,2026-10-08 15:04:55+00:00,7811.5400390625,2026-10-09,2026-10-10T10:11:13+00:00
2026-10-19,call,SPXW261019C07610000,7610.0,202.2,226.1,192.59,51.0,62.0,0.1814390023422241,2026-10-05 18:08:32+00:00,7811.5400390625,2026-10-09,2026-10-10T10:11:13+00:00
2026-10-19,call,SPXW261019C07620000,7620.0,194.7,214.7,184.03,3.0,69.0,0.17179935874938965,2026-10-09 13:57:50+00:00,7811.5400390625,2026-10-09,2026-10-10T10:11:13+00:00
2026-10-19,call,SPXW261019C07625000,7625.0,200.1,206.7,185.36,60.0,122.0,0.160263829574585,2026-10-09 14:52:50+00:00,7811.5400390625,2026-10-09,2026-10-10T10:11:13+00:00
2026-10-19,call,SPXW261019C07630000,7630.0,195.5,202.0,181.55,1.0,48.0,0.1583946466064453,2026-10-09 15:02:43+00:00,7811.5400390625,2026-10-09,2026-10-10T10:11:13+00:00
2026-10-19,call,SPXW261019C07635000,7635.0,190.8,197.3,167.88,1.0,3.0,0.15649494636535646,2026-10-07 15:29:56+00:00,7811.5400390625,2026-10-09,2026-10-10T10:11:13+00:00
2026-10-19,call,SPXW261019C07640000,7640.0,186.1,192.6,161.21,3.0,87.0,0.1545647288513184,2026-10-08 15:14:40+00:00,7811.5400390625,2026-10-09,2026-10-10T10:11:13+00:00
2026-10-19,call,SPXW261019C07645000,7645.0,181.5,187.9,156.91,1.0,4.0,0.1526039940643311,2026-10-08 15:14:40+00:00,7811.5400390625,2026-10-09,2026-10-10T10:11:13+00:00
2026-10-19,call,SPXW261019C07650000,7650.0,176.9,183.3,179.1,5.0,230.0,0.15088739746093754,2026-10-09 19:09:06+00:00,7811.5400390625,2026-10-09,2026-10-10T10:11:13+00:00
2026-10-19,call,SPXW261019C07655000,7655.0,172.2,178.7,145.03,2.0,4.0,0.1491326542663574,2026-10-08 15:14:57+00:00,7811.5400390625,2026-10-09,2026-10-10T10:11:13+00:00
2026-10-19,call,SPXW261019C07660000,7660.0,167.1,174.1,140.83,1.0,75.0,0.14733213516235355,2026-10-08 15:14:57+00:00,7811.5400390625,2026-10-09,2026-10-10T10:11:13+00:00
2026-10-19,call,SPXW261019C07665000,7665.0,162.7,169.5,149.01,2.0,6.0,0.14549728412628177,2026-10-08 14:45:27+00:00,7811.5400390625,2026-10-09,2026-10-10T10:11:13+00:00
2026-10-19,call,SPXW261019C07670000,7670.0,158.0,164.9,154.31,3.0,105.0,0.14361665718078612,2026-10-05 19:02:39+00:00,7811.5400390625,2026-10-09,2026-10-10T10:11:13+00:00
2026-10-19,call,SPXW261019C07675000,7675.0,153.5,160.4,157.08,50.0,151.0,0.1419572804641724,2026-10-09 19:07:56+00:00,7811.5400390625,2026-10-09,2026-10-10T10:11:13+00:00
2026-10-19,call,SPXW261019C07680000,7680.0,149.2,155.9,136.9,1.0,81.0,0.14024831317901615,2026-10-09 15:02:43+00:00,7811.5400390625,2026-10-09,2026-10-10T10:11:13+00:00
2026-10-19,call,SPXW261019C07685000,7685.0,144.7,151.4,141.46,26.0,26.0,0.1384897553253174,2026-10-09 18:06:31+00:00,7811.5400390625,2026-10-09,2026-10-10T10:11:13+00:00
2026-10-19,call,SPXW261019C07690000,7690.0,140.3,147.0,120.85,2.0,60.0,0.13692574508666994,2026-10-09 14:43:12+00:00,7811.5400390625,2026-10-09,2026-10-10T10:11:13+00:00
2026-10-19,call,SPXW261019C07695000,7695.0,135.9,142.6,137.19,2.0,33.0,0.13530832962036138,2026-10-07 17:30:46+00:00,7811.5400390625,2026-10-09,2026-10-10T10:11:13+00:00
2026-10-19,call,SPXW261019C07700000,7700.0,131.6,138.0,120.26,10.0,141.0,0.1331492325592041,2026-10-09 14:56:35+00:00,7811.5400390625,2026-10-09,2026-10-10T10:11:13+00:00
2026-10-19,call,SPXW261019C07705000,7705.0,127.3,133.7,94.44,5.0,53.0,0.1316615155029297,2026-10-08 18:54:58+00:00,7811.5400390625,2026-10-09,2026-10-10T10:11:13+00:00
2026-10-19,call,SPXW261019C07710000,7710.0,123.3,129.4,108.95,1.0,170.0,0.1301051345825195,2026-10-08 14:15:21+00:00,7811.5400390625,2026-10-09,2026-10-10T10:11:13+00:00
2026-10-19,call,SPXW261019C07715000,7715.0,119.0,125.1,104.58,2.0,15.0,0.12848771911621093,2026-10-07 13:45:02+00:00,7811.5400390625,2026-10-09,2026-10-10T10:11:13+00:00
2026-10-19,call,SPXW261019C07720000,7720.0,114.9,120.9,117.05,2.0,205.0,0.1270267046737671,2026-10-07 18:38:02+00:00,7811.5400390625,2026-10-09,2026-10-10T10:11:13+00:00
2026-10-19,call,SPXW261019C07725000,7725.0,110.2,117.0,113.1,57.0,400.0,0.1261684063720703,2026-10-09 19:09:06+00:00,7811.5400390625,2026-10-09,2026-10-10T10:11:13+00:00
2026-10-19,call,SPXW261019C07730000,7730.0,106.1,112.8,76.98,8.0,117.0,0.12455480556488037,2026-10-08 18:54:58+00:00,7811.5400390625,2026-10-09,2026-10-10T10:11:13+00:00
2026-10-19,call,SPXW261019C07735000,7735.0,102.0,108.6,84.86,2.0,122.0,0.1228649115753174,2026-10-09 14:06:58+00:00,7811.5400390625,2026-10-09,2026-10-10T10:11:13+00:00
2026-10-19,call,SPXW261019C07740000,7740.0,98.1,104.7,95.96,5.0,109.0,0.12174721645355226,2026-10-09 19:54:40+00:00,7811.5400390625,2026-10-09,2026-10-10T10:11:13+00:00
2026-10-19,call,SPXW261019C07745000,7745.0,94.1,100.7,71.3,9.0,81.0,0.1203243486022949,2026-10-08 19:24:36+00:00,7811.5400390625,2026-10-09,2026-10-10T10:11:13+00:00
2026-10-19,call,SPXW261019C07750000,7750.0,90.2,96.8,92.55,19.0,337.0,0.11902736450195311,2026-10-09 19:33:41+00:00,7811.5400390625,2026-10-09,2026-10-10T10:11:13+00:00
2026-10-19,call,SPXW261019C07755000,7755.0,86.6,92.9,85.05,1.0,68.0,0.11763119926452636,2026-10-09 19:56:44+00:00,7811.5400390625,2026-10-09,2026-10-10T10:11:13+00:00
2026-10-19,call,SPXW261019C07760000,7760.0,82.9,89.1,83.57,75.0,105.0,0.11634947380065919,2026-10-09 19:44:24+00:00,7811.5400390625,2026-10-09,2026-10-10T10:11:13+00:00
2026-10-19,call,SPXW261019C07765000,7765.0,62.0,62.7,57.0,,,0.06716325912475588,2026-10-08 19:49:39+00:00,7811.5400390625,2026-10-09,2026-10-10T10:11:13+00:00
2026-10-19,call,SPXW261019C07770000,7770.0,77.9,78.7,75.2,12.0,167.0,0.10780463737487794,2026-10-09 19:52:33+00:00,7811.5400390625,2026-10-09,2026-10-10T10:11:13+00:00
2026-10-19,call,SPXW261019C07775000,7775.0,74.4,75.1,71.2,32.0,140.0,0.10666786895751953,2026-10-09 18:43:43+00:00,7811.5400390625,2026-10-09,2026-10-10T10:11:13+00:00
2026-10-19,call,SPXW261019C07780000,7780.0,70.9,71.6,67.9,78.0,647.0,0.10561502304077147,2026-10-09 19:54:32+00:00,7811.5400390625,2026-10-09,2026-10-10T10:11:13+00:00
2026-10-19,call,SPXW261019C07785000,7785.0,50.3,51.1,45.0,,,0.0704591246032715,2026-10-08 19:37:32+00:00,7811.5400390625,2026-10-09,2026-10-10T10:11:13+00:00
2026-10-19,call,SPXW261019C07790000,7790.0,64.1,64.9,61.93,59.0,96.0,0.1037229521179199,2026-10-09 20:09:39+00:00,7811.5400390625,2026-10-09,2026-10-10T10:11:13+00:00
2026-10-19,call,SPXW261019C07800000,7800.0,57.7,58.5,54.5,502.0,957.0,0.10188810108184813,2026-10-09 19:59:41+00:00,7811.5400390625,2026-10-09,2026-10-10T10:11:13+00:00
2026-10-19,call,SPXW261019C07805000,7805.0,40.3,40.7,35.6,,,0.07239697143554688,2026-10-08 19:37:32+00:00,7811.5400390625,2026-10-09,2026-10-10T10:11:13+00:00
2026-10-19,call,SPXW261019C07810000,7810.0,51.6,52.3,50.98,107.0,427.0,0.09988159038543702,2026-10-09 20:02:56+00:00,7811.5400390625,2026-10-09,2026-10-10T10:11:13+00:00
2026-10-19,call,SPXW261019C07815000,7815.0,35.5,36.0,31.3,,,0.07306072212219239,2026-10-08 19:54:29+00:00,7811.5400390625,2026-10-09,2026-10-10T10:11:13+00:00
2026-10-19,call,SPXW261019C07820000,7820.0,45.9,46.7,43.9,23.0,122.0,0.09844727855682374,2026-10-09 20:10:00+00:00,7811.5400390625,2026-10-09,2026-10-10T10:11:13+00:00
2026-10-19,call,SPXW261019C07825000,7825.0,43.2,43.8,41.05,87.0,841.0,0.09730288082122802,2026-10-09 19:46:00+00:00,7811.5400390625,2026-10-09,2026-10-10T10:11:13+00:00
2026-10-19,call,SPXW261019C07830000,7830.0,40.6,41.2,42.25,78.0,626.0,0.09658191024780274,2026-10-09 19:23:43+00:00,7811.5400390625,2026-10-09,2026-10-10T10:11:13+00:00
2026-10-19,call,SPXW261019C07835000,7835.0,27.3,27.6,23.81,,,0.07390757644653323,2026-10-08 19:48:30+00:00,7811.5400390625,2026-10-09,2026-10-10T10:11:13+00:00
2026-10-19,call,SPXW261019C07840000,7840.0,35.7,36.2,34.23,39.0,609.0,0.09504460262298586,2026-10-09 20:12:48+00:00,7811.5400390625,2026-10-09,2026-10-10T10:11:13+00:00
2026-10-19,call,SPXW261019C07845000,7845.0,23.7,24.1,23.06,,,0.07454080986022948,2026-10-08 20:00:53+00:00,7811.5400390625,2026-10-09,2026-10-10T10:11:13+00:00
2026-10-19,call,SPXW261019C07850000,7850.0,31.1,31.7,29.58,199.0,323.0,0.0938239117050171,2026-10-09 20:10:00+00:00,7811.5400390625,2026-10-09,2026-10-10T10:11:13+00:00
2026-10-19,call,SPXW261019C07860000,7860.0,27.0,27.5,25.52,88.0,67.0,0.09251929828643797,2026-10-09 20:01:01+00:00,7811.5400390625,2026-10-09,2026-10-10T10:11:13+00:00
2026-10-19,call,SPXW261019C07870000,7870.0,23.1,23.8,22.96,24.0,162.0,0.09154656021118163,2026-10-09 19:40:05+00:00,7811.5400390625,2026-10-09,2026-10-10T10:11:13+00:00
2026-10-19,call,SPXW261019C07875000,7875.0,21.5,22.0,20.1,116.0,240.0,0.09089425350189209,2026-10-09 19:58:38+00:00,7811.5400390625,2026-10-09,2026-10-10T10:11:13+00:00
2026-10-19,call,SPXW261019C07880000,7880.0,19.8,20.4,18.59,59.0,134.0,0.0905013436126709,2026-10-09 19:55:53+00:00,7811.5400390625,2026-10-09,2026-10-10T10:11:13+00:00
2026-10-19,call,SPXW261019C07890000,7890.0,16.8,17.4,16.0,81.0,218.0,0.08962397201538086,2026-10-09 20:05:13+00:00,7811.5400390625,2026-10-09,2026-10-10T10:11:13+00:00
2026-10-19,call,SPXW261019C07900000,7900.0,14.3,14.7,13.33,213.0,489.0,0.0887160831451416,2026-10-09 20:10:17+00:00,7811.5400390625,2026-10-09,2026-10-10T10:11:13+00:00
2026-10-19,call,SPXW261019C07910000,7910.0,11.9,12.3,11.72,89.0,245.0,0.08780056495666505,2026-10-09 20:03:04+00:00,7811.5400390625,2026-10-09,2026-10-10T10:11:13+00:00
2026-10-19,call,SPXW261019C07920000,7920.0,9.9,10.3,9.27,69.0,199.0,0.08722073677062991,2026-10-09 20:09:55+00:00,7811.5400390625,2026-10-09,2026-10-10T10:11:13+00:00
2026-10-19,call,SPXW261019C07925000,7925.0,9.0,9.4,8.23,104.0,317.0,0.08694226665496828,2026-10-09 19:53:07+00:00,7811.5400390625,2026-10-09,2026-10-10T10:11:13+00:00
2026-10-19,call,SPXW261019C07950000,7950.0,5.5,5.8,5.2,141.0,1222.0,0.08572539039611818,2026-10-09 20:03:40+00:00,7811.5400390625,2026-10-09,2026-10-10T10:11:13+00:00
2026-10-19,call,SPXW261019C07975000,7975.0,3.1,3.5,2.94,94.0,636.0,0.08516845016479493,2026-10-09 20:11:06+00:00,7811.5400390625,2026-10-09,2026-10-10T10:11:13+00:00
2026-10-19,call,SPXW261019C08000000,8000.0,1.8,2.1,1.67,332.0,680.0,0.08530577789306643,2026-10-09 20:10:17+00:00,7811.5400390625,2026-10-09,2026-10-10T10:11:13+00:00
2026-10-19,call,SPXW261019C08010000,8010.0,1.1,1.35,0.95,,,0.08193361923217776,2026-10-08 19:44:12+00:00,7811.5400390625,2026-10-09,2026-10-10T10:11:13+00:00
2026-10-19,call,SPXW261019C08020000,8020.0,0.9,,0.8,,,0.0797516342163086,2026-10-08 19:44:12+00:00,7811.5400390625,2026-10-09,2026-10-10T10:11:13+00:00
2026-10-19,call,SPXW261019C08025000,8025.0,1.0,1.3,0.95,108.0,621.0,0.08637388244628907,2026-10-09 19:58:00+00:00,7811.5400390625,2026-10-09,2026-10-10T10:11:13+00:00
2026-10-19,call,SPXW261019C08050000,8050.0,0.6,0.85,0.55,104.0,882.0,0.08841853973388672,2026-10-09 19:58:06+00:00,7811.5400390625,2026-10-09,2026-10-10T10:11:13+00:00
2026-10-19,call,SPXW261019C08075000,8075.0,0.4,0.65,0.4,54.0,218.0,0.09241630249023436,2026-10-09 19:00:51+00:00,7811.5400390625,2026-10-09,2026-10-10T10:11:13+00:00
2026-10-19,call,SPXW261019C08100000,8100.0,0.3,0.5,0.37,220.0,148.0,0.09632251342773437,2026-10-09 20:14:48+00:00,7811.5400390625,2026-10-09,2026-10-10T10:11:13+00:00
2026-10-19,call,SPXW261019C08125000,8125.0,0.2,0.45,0.3,5.0,108.0,0.10199872619628905,2026-10-09 20:14:16+00:00,7811.5400390625,2026-10-09,2026-10-10T10:11:13+00:00
2026-10-19,call,SPXW261019C08150000,8150.0,0.15,0.4,0.25,10.0,143.0,0.10730873168945312,2026-10-09 16:16:39+00:00,7811.5400390625,2026-10-09,2026-10-10T10:11:13+00:00
2026-10-19,call,SPXW261019C08175000,8175.0,0.1,0.35,0.2,1.0,29.0,0.11225252990722655,2026-10-09 19:05:45+00:00,7811.5400390625,2026-10-09,2026-10-10T10:11:13+00:00
2026-10-19,call,SPXW261019C08200000,8200.0,0.1,0.3,0.2,1.0,65.0,0.11676908630371094,2026-10-09 19:25:27+00:00,7811.5400390625,2026-10-09,2026-10-10T10:11:13+00:00
2026-10-19,call,SPXW261019C08250000,8250.0,0.05,0.3,0.2,1.0,19.0,0.12964737548828126,2026-10-07 14:08:05+00:00,7811.5400390625,2026-10-09,2026-10-10T10:11:13+00:00
2026-10-19,call,SPXW261019C08300000,8300.0,0.05,0.25,0.1,2.0,42.0,0.13953497192382813,2026-10-09 13:49:32+00:00,7811.5400390625,2026-10-09,2026-10-10T10:11:13+00:00
2026-10-19,call,SPXW261019C08400000,8400.0,0.05,0.25,0.05,1.0,62.0,0.1638267211914063,2026-10-08 16:17:15+00:00,7811.5400390625,2026-10-09,2026-10-10T10:11:13+00:00
2026-10-19,call,SPXW261019C08600000,8600.0,0.0,0.15,0.1,10.0,51.0,0.20069158691406247,2026-10-07 20:06:00+00:00,7811.5400390625,2026-10-09,2026-10-10T10:11:13+00:00
2026-10-19,call,SPXW261019C08800000,8800.0,0.0,0.15,0.1,1.0,37.0,0.2436599072265625,2026-10-07 14:22:07+00:00,7811.5400390625,2026-10-09,2026-10-10T10:11:13+00:00
2026-10-19,call,SPXW261019C09000000,9000.0,0.0,0.15,0.15,1.0,22.0,0.28516339843749994,2026-09-22 19:56:25+00:00,7811.5400390625,2026-10-09,2026-10-10T10:11:13+00:00
2026-10-19,call,SPXW261019C09200000,9200.0,0.0,0.1,0.05,1.0,11.0,0.31445998046874996,2026-09-18 19:24:06+00:00,7811.5400390625,2026-10-09,2026-10-10T10:11:13+00:00
2026-10-19,put,SPXW261019P03200000,3200.0,0.0,0.05,0.05,10.0,23.0,1.4375028125,2026-09-21 13:30:04+00:00,7811.5400390625,2026-10-09,2026-10-10T10:11:13+00:00
2026-10-19,put,SPXW261019P03600000,3600.0,0.0,0.05,0.1,,3.0,1.25390998046875,2026-09-21 14:45:11+00:00,7811.5400390625,2026-10-09,2026-10-10T10:11:13+00:00
2026-10-19,put,SPXW261019P03800000,3800.0,0.0,0.1,0.1,,12.0,1.22266013671875,2026-09-23 19:26:34+00:00,7811.5400390625,2026-10-09,2026-10-10T10:11:13+00:00
2026-10-19,put,SPXW261019P04000000,4000.0,0.0,0.1,0.05,11.0,89.0,1.138676181640625,2026-09-30 18:01:15+00:00,7811.5400390625,2026-10-09,2026-10-10T10:11:13+00:00
2026-10-19,put,SPXW261019P04200000,4200.0,0.0,0.1,0.05,3.0,43.0,1.05859845703125,2026-10-01 16:40:32+00:00,7811.5400390625,2026-10-09,2026-10-10T10:11:13+00:00
2026-10-19,put,SPXW261019P04400000,4400.0,0.0,0.1,0.1,2.0,4.0,0.98437515625,2026-10-01 16:24:57+00:00,7811.5400390625,2026-10-09,2026-10-10T10:11:13+00:00
2026-10-19,put,SPXW261019P04600000,4600.0,0.0,0.1,0.03,2.0,11.0,0.9101571484375,2026-10-09 19:20:46+00:00,7811.5400390625,2026-10-09,2026-10-10T10:11:13+00:00
2026-10-19,put,SPXW261019P04800000,4800.0,0.0,0.15,0.05,6.0,23.0,0.8652357226562499,2026-10-08 19:53:00+00:00,7811.5400390625,2026-10-09,2026-10-10T10:11:13+00:00
2026-10-19,put,SPXW261019P05000000,5000.0,0.0,0.15,0.05,105.0,44.0,0.795900478515625,2026-10-09 18:14:07+00:00,7811.5400390625,2026-10-09,2026-10-10T10:11:13+00:00
2026-10-19,put,SPXW261019P05200000,5200.0,0.0,0.15,0.1,10.0,275.0,0.729494892578125,2026-10-06 20:08:13+00:00,7811.5400390625,2026-10-09,2026-10-10T10:11:13+00:00
2026-10-19,put,SPXW261019P05400000,5400.0,0.0,0.2,0.1,22.0,278.0,0.6796907031250001,2026-10-09 15:21:07+00:00,7811.5400390625,2026-10-09,2026-10-10T10:11:13+00:00
2026-10-19,put,SPXW261019P05600000,5600.0,0.05,0.25,0.16,210.0,519.0,0.6367223828125,2026-10-07 19:14:38+00:00,7811.5400390625,2026-10-09,2026-10-10T10:11:13+00:00
2026-10-19,put,SPXW261019P05800000,5800.0,0.05,0.25,0.15,3.0,320.0,0.5737347314453125,2026-10-08 17:01:43+00:00,7811.5400390625,2026-10-09,2026-10-10T10:11:13+00:00
2026-10-19,put,SPXW261019P06000000,6000.0,0.1,0.3,0.2,1.0,1066.0,0.5249070947265625,2026-10-08 19:54:11+00:00,7811.5400390625,2026-10-09,2026-10-10T10:11:13+00:00
2026-10-19,put,SPXW261019P06100000,6100.0,0.15,0.35,0.22,5.0,921.0,0.5041553491210937,2026-10-09 18:21:14+00:00,7811.5400390625,2026-10-09,2026-10-10T10:11:13+00:00
2026-10-19,put,SPXW261019P06200000,6200.0,0.15,0.35,0.22,15.0,929.0,0.48828636718750007,2026-10-09 19:31:44+00:00,7811.5400390625,2026-10-09,2026-10-10T10:11:13+00:00
2026-10-19,put,SPXW261019P06300000,6300.0,0.2,0.4,0.3,53.0,646.0,0.46289599609375004,2026-10-09 18:58:26+00:00,7811.5400390625,2026-10-09,2026-10-10T10:11:13+00:00
2026-10-19,put,SPXW261019P06400000,6400.0,0.25,0.4,0.47,21.0,179.0,0.4318904467773438,2026-10-08 17:52:52+00:00,7811.5400390625,2026-10-09,2026-10-10T10:11:13+00:00
2026-10-19,put,SPXW261019P06500000,6500.0,0.25,0.45,0.29,10.0,315.0,0.4057676611328125,2026-10-09 19:31:44+00:00,7811.5400390625,2026-10-09,2026-10-10T10:11:13+00:00
2026-10-19,put,SPXW261019P06525000,6525.0,0.3,0.45,0.4,1.0,27.0,0.3980773083496094,2026-10-09 14:15:12+00:00,7811.5400390625,2026-10-09,2026-10-10T10:11:13+00:00
2026-10-19,put,SPXW261019P06550000,6550.0,0.3,0.5,0.6,15.0,517.0,0.39453730468750003,2026-10-08 19:59:52+00:00,7811.5400390625,2026-10-09,2026-10-10T10:11:13+00:00
2026-10-19,put,SPXW261019P06575000,6575.0,0.3,0.5,0.4,1.0,122.0,0.38684695190429685,2026-10-09 19:56:10+00:00,7811.5400390625,2026-10-09,2026-10-10T10:11:13+00:00
2026-10-19,put,SPXW261019P06600000,6600.0,0.3,0.5,0.4,8.0,92.0,0.37915659912109373,2026-10-09 20:02:11+00:00,7811.5400390625,2026-10-09,2026-10-10T10:11:13+00:00
2026-10-19,put,SPXW261019P06625000,6625.0,0.35,0.5,0.45,2.0,52.0,0.37134417724609375,2026-10-08 19:59:55+00:00,7811.5400390625,2026-10-09,2026-10-10T10:11:13+00:00
2026-10-19,put,SPXW261019P06650000,6650.0,0.35,0.55,0.7,24.0,144.0,0.3673158972167969,2026-10-08 19:59:46+00:00,7811.5400390625,2026-10-09,2026-10-10T10:11:13+00:00
2026-10-19,put,SPXW261019P06675000,6675.0,0.35,0.55,0.43,3.0,90.0,0.35962554443359374,2026-10-09 19:20:46+00:00,7811.5400390625,2026-10-09,2026-10-10T10:11:13+00:00
2026-10-19,put,SPXW261019P06700000,6700.0,0.4,0.55,0.75,37.0,89.0,0.3518131225585937,2026-10-08 19:59:49+00:00,7811.5400390625,2026-10-09,2026-10-10T10:11:13+00:00
2026-10-19,put,SPXW261019P06725000,6725.0,0.4,0.6,0.8,25.0,30.0,0.34729656616210935,2026-10-08 19:59:55+00:00,7811.5400390625,2026-10-09,2026-10-10T10:11:13+00:00
2026-10-19,put,SPXW261019P06750000,6750.0,0.4,0.6,0.53,1.0,33.0,0.33960621337890623,2026-10-09 13:58:14+00:00,7811.5400390625,2026-10-09,2026-10-10T10:11:13+00:00
2026-10-19,put,SPXW261019P06775000,6775.0,0.4,0.6,0.5,9.0,40.0,0.33179379150390625,2026-10-09 16:48:59+00:00,7811.5400390625,2026-10-09,2026-10-10T10:11:13+00:00
2026-10-19,put,SPXW261019P06800000,6800.0,0.45,0.65,0.5,12.0,467.0,0.32697206237792964,2026-10-09 19:51:28+00:00,7811.5400390625,2026-10-09,2026-10-10T10:11:13+00:00
2026-10-19,put,SPXW261019P06825000,6825.0,0.45,0.65,0.75,1.0,99.0,0.319220675048828,2026-10-07 19:06:39+00:00,7811.5400390625,2026-10-09,2026-10-10T10:11:13+00:00
2026-10-19,put,SPXW261019P06850000,6850.0,0.5,0.7,0.8,11.0,318.0,0.31403273864746095,2026-10-08 15:08:34+00:00,7811.5400390625,2026-10-09,2026-10-10T10:11:13+00:00
2026-10-19,put,SPXW261019P06875000,6875.0,0.5,0.7,0.9,27.0,143.0,0.306220316772461,2026-10-08 19:59:58+00:00,7811.5400390625,2026-10-09,2026-10-10T10:11:13+00:00
2026-10-19,put,SPXW261019P06900000,6900.0,0.55,0.75,0.6,2.0,417.0,0.3007882421875,2026-10-09 19:26:01+00:00,7811.5400390625,2026-10-09,2026-10-10T10:11:13+00:00
2026-10-19,put,SPXW261019P06925000,6925.0,0.55,0.75,1.05,15.0,63.0,0.2929758203124999,2026-10-08 19:59:49+00:00,7811.5400390625,2026-10-09,2026-10-10T10:11:13+00:00
2026-10-19,put,SPXW261019P06950000,6950.0,0.6,0.8,0.6,5.0,109.0,0.28729960754394523,2026-10-09 19:54:59+00:00,7811.5400390625,2026-10-09,2026-10-10T10:11:13+00:00
2026-10-19,put,SPXW261019P06975000,6975.0,0.6,0.8,1.1,5.0,52.0,0.2794261511230468,2026-10-08 19:59:43+00:00,7811.5400390625,2026-10-09,2026-10-10T10:11:13+00:00
2026-10-19,put,SPXW261019P07000000,7000.0,0.65,0.85,0.7,60.0,541.0,0.2735668347167969,2026-10-09 19:12:43+00:00,7811.5400390625,2026-10-09,2026-10-10T10:11:13+00:00
2026-10-19,put,SPXW261019P07025000,7025.0,0.65,0.85,0.7,3.0,80.0,0.26563234375,2026-10-09 19:42:53+00:00,7811.5400390625,2026-10-09,2026-10-10T10:11:13+00:00
2026-10-19,put,SPXW261019P07050000,7050.0,0.7,0.9,0.7,10.0,95.0,0.25952888916015626,2026-10-09 19:55:56+00:00,7811.5400390625,2026-10-09,2026-10-10T10:11:13+00:00
2026-10-19,put,SPXW261019P07075000,7075.0,0.75,0.95,0.85,6.0,297.0,0.2533033654785156,2026-10-09 17:15:00+00:00,7811.5400390625,2026-10-09,2026-10-10T10:11:13+00:00
2026-10-19,put,SPXW261019P07100000,7100.0,0.8,0.95,0.8,47.0,4129.0,0.24536887451171874,2026-10-09 19:28:27+00:00,7811.5400390625,2026-10-09,2026-10-10T10:11:13+00:00
2026-10-19,put,SPXW261019P07125000,7125.0,0.8,1.0,0.8,7.0,344.0,0.23889921264648437,2026-10-09 19:37:51+00:00,7811.5400390625,2026-10-09,2026-10-10T10:11:13+00:00
2026-10-19,put,SPXW261019P07150000,7150.0,0.85,1.05,0.85,12.0,133.0,0.23236851623535154,2026-10-09 19:37:51+00:00,7811.5400390625,2026-10-09,2026-10-10T10:11:13+00:00
2026-10-19,put,SPXW261019P07175000,7175.0,0.9,1.1,0.9,53.0,171.0,0.22571575073242187,2026-10-09 19:40:39+00:00,7811.5400390625,2026-10-09,2026-10-10T10:11:13+00:00
2026-10-19,put,SPXW261019P07200000,7200.0,0.95,1.15,1.1,202.0,780.0,0.21887988159179686,2026-10-09 20:13:04+00:00,7811.5400390625,2026-10-09,2026-10-10T10:11:13+00:00
2026-10-19,put,SPXW261019P07225000,7225.0,0.95,1.2,1.0,6.0,165.0,0.21198297790527343,2026-10-09 19:39:10+00:00,7811.5400390625,2026-10-09,2026-10-10T10:11:13+00:00
2026-10-19,put,SPXW261019P07250000,7250.0,1.1,1.25,1.05,8.0,574.0,0.2049334878540039,2026-10-09 19:39:10+00:00,7811.5400390625,2026-10-09,2026-10-10T10:11:13+00:00
2026-10-19,put,SPXW261019P07275000,7275.0,1.1,1.3,1.25,69.0,138.0,0.19779244598388673,2026-10-09 20:04:06+00:00,7811.5400390625,2026-10-09,2026-10-10T10:11:13+00:00
2026-10-19,put,SPXW261019P07290000,7290.0,1.1,1.35,1.3,41.0,119.0,0.19385571777343752,2026-10-09 16:23:36+00:00,7811.5400390625,2026-10-09,2026-10-10T10:11:13+00:00
2026-10-19,put,SPXW261019P07300000,7300.0,1.15,1.4,1.15,92.0,309.0,0.1915364050292969,2026-10-09 19:55:27+00:00,7811.5400390625,2026-10-09,2026-10-10T10:11:13+00:00
2026-10-19,put,SPXW261019P07310000,7310.0,1.2,1.4,1.25,2.0,22.0,0.188210022277832,2026-10-09 19:45:08+00:00,7811.5400390625,2026-10-09,2026-10-10T10:11:13+00:00
2026-10-19,put,SPXW261019P07320000,7320.0,1.2,1.45,1.2,4.0,42.0,0.18579915771484373,2026-10-08 16:19:09+00:00,7811.5400390625,2026-10-09,2026-10-10T10:11:13+00:00
2026-10-19,put,SPXW261019P07325000,7325.0,1.2,1.45,1.25,46.0,243.0,0.18415122497558595,2026-10-09 19:03:13+00:00,7811.5400390625,2026-10-09,2026-10-10T10:11:13+00:00
2026-10-19,put,SPXW261019P07330000,7330.0,1.25,1.5,1.45,2.0,9.0,0.18335777587890623,2026-10-09 20:06:54+00:00,7811.5400390625,2026-10-09,2026-10-10T10:11:13+00:00
2026-10-19,put,SPXW261019P07340000,7340.0,1.3,1.5,1.5,52.0,29.0,0.1800008758544922,2026-10-09 20:10:55+00:00,7811.5400390625,2026-10-09,2026-10-10T10:11:13+00:00
2026-10-19,put,SPXW261019P07350000,7350.0,1.35,1.55,1.44,363.0,318.0,0.17749845947265624,2026-10-09 18:45:02+00:00,7811.5400390625,2026-10-09,2026-10-10T10:11:13+00:00
2026-10-19,put,SPXW261019P07360000,7360.0,1.35,1.6,3.02,120.0,81.0,0.1749350085449219,2026-10-08 20:02:36+00:00,7811.5400390625,2026-10-09,2026-10-10T10:11:13+00:00
2026-10-19,put,SPXW261019P07370000,7370.0,1.4,1.65,1.6,16.0,17.0,0.1723410403442383,2026-10-09 20:07:21+00:00,7811.5400390625,2026-10-09,2026-10-10T10:11:13+00:00
2026-10-19,put,SPXW261019P07375000,7375.0,1.4,1.65,1.5,85.0,384.0,0.17063207305908207,2026-10-09 19:12:15+00:00,7811.5400390625,2026-10-09,2026-10-10T10:11:13+00:00
2026-10-19,put,SPXW261019P07380000,7380.0,1.45,1.7,1.55,1.0,23.0,0.16968603759765627,2026-10-09 20:03:25+00:00,7811.5400390625,2026-10-09,2026-10-10T10:11:13+00:00
2026-10-19,put,SPXW261019P07390000,7390.0,1.5,1.75,1.47,9.0,43.0,0.16700051757812504,2026-10-09 20:01:10+00:00,7811.5400390625,2026-10-09,2026-10-10T10:11:13+00:00
2026-10-19,put,SPXW261019P07400000,7400.0,1.55,1.8,1.57,212.0,403.0,0.16428448028564452,2026-10-09 20:01:10+00:00,7811.5400390625,2026-10-09,2026-10-10T10:11:13+00:00
2026-10-19,put,SPXW261019P07410000,7410.0,1.6,1.85,1.74,15.0,46.0,0.1615074084472656,2026-10-09 18:58:30+00:00,7811.5400390625,2026-10-09,2026-10-10T10:11:13+00:00
2026-10-19,put,SPXW261019P07420000,7420.0,1.65,1.95,1.77,51.0,69.0,0.1593711993408203,2026-10-09 19:19:13+00:00,7811.5400390625,2026-10-09,2026-10-10T10:11:13+00:00
2026-10-19,put,SPXW261019P07425000,7425.0,1.7,1.95,1.72,117.0,254.0,0.15760119750976562,2026-10-09 18:58:30+00:00,7811.5400390625,2026-10-09,2026-10-10T10:11:13+00:00
2026-10-19,put,SPXW261019P07430000,7430.0,1.75,2.0,1.85,63.0,75.0,0.15650257568359377,2026-10-09 19:12:12+00:00,7811.5400390625,2026-10-09,2026-10-10T10:11:13+00:00
2026-10-19,put,SPXW261019P07440000,7440.0,1.8,2.1,1.85,117.0,170.0,0.15421378021240234,2026-10-09 19:45:41+00:00,7811.5400390625,2026-10-09,2026-10-10T10:11:13+00:00
2026-10-19,put,SPXW261019P07450000,7450.0,1.9,2.15,2.02,148.0,253.0,0.15125360473632815,2026-10-09 20:04:10+00:00,7811.5400390625,2026-10-09,2026-10-10T10:11:13+00:00
2026-10-19,put,SPXW261019P07460000,7460.0,2.0,2.25,2.59,2.0,79.0,0.1488274815368652,2026-10-09 15:49:49+00:00,7811.5400390625,2026-10-09,2026-10-10T10:11:13+00:00
2026-10-19,put,SPXW261019P07470000,7470.0,2.1,2.35,2.22,72.0,114.0,0.1463250651550293,2026-10-09 20:04:10+00:00,7811.5400390625,2026-10-09,2026-10-10T10:11:13+00:00
2026-10-19,put,SPXW261019P07475000,7475.0,2.15,2.4,2.22,25.0,149.0,0.14504333969116212,2026-10-09 19:19:05+00:00,7811.5400390625,2026-10-09,2026-10-10T10:11:13+00:00
2026-10-19,put,SPXW261019P07480000,7480.0,2.2,2.45,2.65,1.0,51.0,0.1437463555908203,2026-10-09 16:42:58+00:00,7811.5400390625,2026-10-09,2026-10-10T10:11:13+00:00
2026-10-19,put,SPXW261019P07490000,7490.0,2.3,2.6,2.79,218.0,189.0,0.1415796292114258,2026-10-09 16:16:12+00:00,7811.5400390625,2026-10-09,2026-10-10T10:11:13+00:00
2026-10-19,put,SPXW261019P07500000,7500.0,2.45,2.7,2.53,174.0,797.0,0.1388483332824707,2026-10-09 19:55:27+00:00,7811.5400390625,2026-10-09,2026-10-10T10:11:13+00:00
2026-10-19,put,SPXW261019P07510000,7510.0,2.55,2.85,2.75,48.0,161.0,0.13648324462890626,2026-10-09 17:44:29+00:00,7811.5400390625,2026-10-09,2026-10-10T10:11:13+00:00
2026-10-19,put,SPXW261019P07515000,7515.0,2.65,2.95,3.0,59.0,111.0,0.13549143325805668,2026-10-09 17:50:13+00:00,7811.5400390625,2026-10-09,2026-10-10T10:11:13+00:00
2026-10-19,put,SPXW261019P07520000,7520.0,2.75,3.1,2.9,101.0,275.0,0.13488108779907232,2026-10-09 19:41:32+00:00,7811.5400390625,2026-10-09,2026-10-10T10:11:13+00:00
2026-10-19,put,SPXW261019P07525000,7525.0,2.85,3.1,2.95,408.0,633.0,0.1329737582397461,2026-10-09 19:58:43+00:00,7811.5400390625,2026-10-09,2026-10-10T10:11:13+00:00
2026-10-19,put,SPXW261019P07530000,7530.0,2.95,3.2,2.98,94.0,124.0,0.13187513641357423,2026-10-09 19:27:57+00:00,7811.5400390625,2026-10-09,2026-10-10T10:11:13+00:00
2026-10-19,put,SPXW261019P07535000,7535.0,3.0,3.3,3.24,36.0,33.0,0.1307459973144531,2026-10-09 18:46:32+00:00,7811.5400390625,2026-10-09,2026-10-10T10:11:13+00:00
2026-10-19,put,SPXW261019P07540000,7540.0,3.1,3.4,3.28,21.0,93.0,0.1295863409423828,2026-10-09 19:19:09+00:00,7811.5400390625,2026-10-09,2026-10-10T10:11:13+00:00
2026-10-19,put,SPXW261019P07545000,7545.0,3.2,3.6,3.4,36.0,68.0,0.12912858184814452,2026-10-09 19:36:03+00:00,7811.5400390625,2026-10-09,2026-10-10T10:11:13+00:00
2026-10-19,put,SPXW261019P07550000,7550.0,3.3,3.7,3.61,248.0,821.0,0.12789263229370118,2026-10-09 20:07:25+00:00,7811.5400390625,2026-10-09,2026-10-10T10:11:13+00:00
2026-10-19,put,SPXW261019P07555000,7555.0,3.4,3.8,3.6,47.0,344.0,0.12661090682983395,2026-10-09 20:00:42+00:00,7811.5400390625,2026-10-09,2026-10-10T10:11:13+00:00
2026-10-19,put,SPXW261019P07560000,7560.0,3.6,3.9,3.8,109.0,500.0,0.1253139227294922,2026-10-09 19:41:58+00:00,7811.5400390625,2026-10-09,2026-10-10T10:11:13+00:00
2026-10-19,put,SPXW261019P07565000,7565.0,3.7,4.1,3.9,257.0,70.0,0.12464254272460937,2026-10-09 20:03:44+00:00,7811.5400390625,2026-10-09,2026-10-10T10:11:13+00:00
2026-10-19,put,SPXW261019P07570000,7570.0,3.8,4.2,4.2,79.0,110.0,0.12326926544189454,2026-10-09 18:53:17+00:00,7811.5400390625,2026-10-09,2026-10-10T10:11:13+00:00
2026-10-19,put,SPXW261019P07575000,7575.0,4.0,4.4,4.2,124.0,229.0,0.12249107498168946,2026-10-09 20:04:06+00:00,7811.5400390625,2026-10-09,2026-10-10T10:11:13+00:00
2026-10-19,put,SPXW261019P07580000,7580.0,4.1,4.5,4.4,25.0,110.0,0.12105676315307617,2026-10-09 19:24:41+00:00,7811.5400390625,2026-10-09,2026-10-10T10:11:13+00:00
2026-10-19,put,SPXW261019P07585000,7585.0,4.3,4.7,4.72,42.0,39.0,0.12017176223754883,2026-10-09 20:10:51+00:00,7811.5400390625,2026-10-09,2026-10-10T10:11:13+00:00
2026-10-19,put,SPXW261019P07590000,7590.0,4.5,4.9,4.8,356.0,152.0,0.11924098541259764,2026-10-09 20:03:44+00:00,7811.5400390625,2026-10-09,2026-10-10T10:11:13+00:00
2026-10-19,put,SPXW261019P07595000,7595.0,4.6,5.1,4.9,74.0,68.0,0.11824917404174803,2026-10-09 19:31:06+00:00,7811.5400390625,2026-10-09,2026-10-10T10:11:13+00:00
2026-10-19,put,SPXW261019P07600000,7600.0,4.9,5.2,5.1,280.0,902.0,0.11667753448486329,2026-10-09 20:04:05+00:00,7811.5400390625,2026-10-09,2026-10-10T10:11:13+00:00
2026-10-19,put,SPXW261019P07605000,7605.0,5.1,5.5,5.62,45.0,146.0,0.11611296493530274,2026-10-09 20:14:07+00:00,7811.5400390625,2026-10-09,2026-10-10T10:11:13+00:00
2026-10-19,put,SPXW261019P07610000,7610.0,5.3,5.7,5.77,236.0,253.0,0.11497619651794433,2026-10-09 20:10:51+00:00,7811.5400390625,2026-10-09,2026-10-10T10:11:13+00:00
2026-10-19,put,SPXW261019P07615000,7615.0,5.6,5.9,6.07,69.0,157.0,0.1137860228729248,2026-10-09 20:14:07+00:00,7811.5400390625,2026-10-09,2026-10-10T10:11:13+00:00
2026-10-19,put,SPXW261019P07620000,7620.0,5.8,6.2,6.2,50.0,93.0,0.11302309104919434,2026-10-09 19:36:03+00:00,7811.5400390625,2026-10-09,2026-10-10T10:11:13+00:00
2026-10-19,put,SPXW261019P07625000,7625.0,6.1,6.4,6.56,214.0,460.0,0.11172610694885254,2026-10-09 20:13:18+00:00,7811.5400390625,2026-10-09,2026-10-10T10:11:13+00:00
2026-10-19,put,SPXW261019P07630000,7630.0,6.4,6.7,6.8,140.0,178.0,0.11083347671508789,2026-10-09 19:58:08+00:00,7811.5400390625,2026-10-09,2026-10-10T10:11:13+00:00
2026-10-19,put,SPXW261019P07635000,7635.0,6.7,7.0,7.24,102.0,32.0,0.1098721826171875,2026-10-09 19:45:18+00:00,7811.5400390625,2026-10-09,2026-10-10T10:11:13+00:00
2026-10-19,put,SPXW261019P07640000,7640.0,7.0,7.3,7.47,104.0,707.0,0.10884985397338867,2026-10-09 19:49:13+00:00,7811.5400390625,2026-10-09,2026-10-10T10:11:13+00:00
2026-10-19,put,SPXW261019P07645000,7645.0,7.3,7.8,7.98,24.0,45.0,0.10856756919860841,2026-10-09 20:12:29+00:00,7811.5400390625,2026-10-09,2026-10-10T10:11:13+00:00
2026-10-19,put,SPXW261019P07650000,7650.0,7.7,8.0,8.32,134.0,472.0,0.10699592964172364,2026-10-09 20:12:12+00:00,7811.5400390625,2026-10-09,2026-10-10T10:11:13+00:00
2026-10-19,put,SPXW261019P07655000,7655.0,8.1,8.4,8.58,219.0,70.0,0.1061567046356201,2026-10-09 20:09:25+00:00,7811.5400390625,2026-10-09,2026-10-10T10:11:13+00:00
2026-10-19,put,SPXW261019P07660000,7660.0,8.5,8.8,9.14,135.0,187.0,0.10523355712890625,2026-10-09 20:06:42+00:00,7811.5400390625,2026-10-09,2026-10-10T10:11:13+00:00
2026-10-19,put,SPXW261019P07665000,7665.0,8.9,9.2,9.61,48.0,537.0,0.10423411643981931,2026-10-09 20:10:17+00:00,7811.5400390625,2026-10-09,2026-10-10T10:11:13+00:00
2026-10-19,put,SPXW261019P07670000,7670.0,9.2,9.8,10.06,59.0,162.0,0.10385265052795409,2026-10-09 20:10:28+00:00,7811.5400390625,2026-10-09,2026-10-10T10:11:13+00:00
2026-10-19,put,SPXW261019P07675000,7675.0,9.8,10.2,10.2,186.0,150.0,0.10268536483764648,2026-10-09 19:57:15+00:00,7811.5400390625,2026-10-09,2026-10-10T10:11:13+00:00
2026-10-19,put,SPXW261019P07680000,7680.0,10.3,10.7,10.93,123.0,225.0,0.10177366130828856,2026-10-09 20:07:25+00:00,7811.5400390625,2026-10-09,2026-10-10T10:11:13+00:00
2026-10-19,put,SPXW261019P07685000,7685.0,10.7,11.3,11.6,20.0,270.0,0.10109083732604979,2026-10-09 19:56:57+00:00,7811.5400390625,2026-10-09,2026-10-10T10:11:13+00:00
2026-10-19,put,SPXW261019P07690000,7690.0,11.3,11.8,12.05,67.0,380.0,0.1000036594772339,2026-10-09 20:04:54+00:00,7811.5400390625,2026-10-09,2026-10-10T10:11:13+00:00
2026-10-19,put,SPXW261019P07695000,7695.0,12.0,12.4,12.8,45.0,251.0,0.0991301025390625,2026-10-09 20:10:28+00:00,7811.5400390625,2026-10-09,2026-10-10T10:11:13+00:00
2026-10-19,put,SPXW261019P07700000,7700.0,12.6,13.0,13.32,280.0,479.0,0.0981611791229248,2026-10-09 20:04:53+00:00,7811.5400390625,2026-10-09,2026-10-10T10:11:13+00:00
2026-10-19,put,SPXW261019P07705000,7705.0,13.2,13.7,14.2,28.0,40.0,0.09738298866271972,2026-10-09 20:10:41+00:00,7811.5400390625,2026-10-09,2026-10-10T10:11:13+00:00
2026-10-19,put,SPXW261019P07710000,7710.0,13.9,14.4,14.8,104.0,188.0,0.0964979877471924,2026-10-09 20:14:58+00:00,7811.5400390625,2026-10-09,2026-10-10T10:11:13+00:00
2026-10-19,put,SPXW261019P07715000,7715.0,14.5,15.1,15.5,13.0,61.0,0.0955138056945801,2026-10-09 20:04:54+00:00,7811.5400390625,2026-10-09,2026-10-10T10:11:13+00:00
2026-10-19,put,SPXW261019P07720000,7720.0,15.5,15.9,16.75,80.0,249.0,0.09468602466583252,2026-10-09 19:59:34+00:00,7811.5400390625,2026-10-09,2026-10-10T10:11:13+00:00
2026-10-19,put,SPXW261019P07725000,7725.0,16.3,16.7,17.74,100.0,933.0,0.09374761852264406,2026-10-09 19:52:43+00:00,7811.5400390625,2026-10-09,2026-10-10T10:11:13+00:00
2026-10-19,put,SPXW261019P07730000,7730.0,17.2,17.6,18.55,45.0,587.0,0.09294654010772706,2026-10-09 19:47:34+00:00,7811.5400390625,2026-10-09,2026-10-10T10:11:13+00:00
2026-10-19,put,SPXW261019P07735000,7735.0,18.1,18.5,19.2,54.0,147.0,0.09202720726013183,2026-10-09 20:12:17+00:00,7811.5400390625,2026-10-09,2026-10-10T10:11:13+00:00
2026-10-19,put,SPXW261019P07740000,7740.0,19.0,19.5,20.5,103.0,263.0,0.09122612884521485,2026-10-09 19:56:33+00:00,7811.5400390625,2026-10-09,2026-10-10T10:11:13+00:00
2026-10-19,put,SPXW261019P07745000,7745.0,19.9,20.6,21.3,44.0,102.0,0.0905318608856201,2026-10-09 20:10:28+00:00,7811.5400390625,2026-10-09,2026-10-10T10:11:13+00:00
2026-10-19,put,SPXW261019P07750000,7750.0,21.1,21.6,22.5,584.0,686.0,0.08947901496887206,2026-10-09 20:10:46+00:00,7811.5400390625,2026-10-09,2026-10-10T10:11:13+00:00
2026-10-19,put,SPXW261019P07755000,7755.0,22.3,22.8,23.5,24.0,512.0,0.08874278575897217,2026-10-09 20:14:58+00:00,7811.5400390625,2026-10-09,2026-10-10T10:11:13+00:00
2026-10-19,put,SPXW261019P07760000,7760.0,23.3,24.0,25.53,90.0,88.0,0.08787304347991944,2026-10-09 19:53:42+00:00,7811.5400390625,2026-10-09,2026-10-10T10:11:13+00:00
2026-10-19,put,SPXW261019P07765000,7765.0,45.4,46.2,54.98,,,0.13012420787811274,2026-10-08 18:58:06+00:00,7811.5400390625,2026-10-09,2026-10-10T10:11:13+00:00
2026-10-19,put,SPXW261019P07770000,7770.0,26.0,26.7,28.4,88.0,256.0,0.08634717983245851,2026-10-09 19:45:12+00:00,7811.5400390625,2026-10-09,2026-10-10T10:11:13+00:00
2026-10-19,put,SPXW261019P07775000,7775.0,27.5,28.1,29.0,114.0,348.0,0.08546980823516846,2026-10-09 20:14:58+00:00,7811.5400390625,2026-10-09,2026-10-10T10:11:13+00:00
2026-10-19,put,SPXW261019P07780000,7780.0,28.9,29.6,31.2,98.0,101.0,0.08464584186553957,2026-10-09 19:53:42+00:00,7811.5400390625,2026-10-09,2026-10-10T10:11:13+00:00
2026-10-19,put,SPXW261019P07785000,7785.0,53.9,54.5,63.63,,,0.13000595344543456,2026-10-08 18:58:42+00:00,7811.5400390625,2026-10-09,2026-10-10T10:11:13+00:00
2026-10-19,put,SPXW261019P07790000,7790.0,32.1,32.8,33.63,47.0,171.0,0.08292924526214603,2026-10-09 20:03:28+00:00,7811.5400390625,2026-10-09,2026-10-10T10:11:13+00:00
2026-10-19,put,SPXW261019P07795000,7795.0,58.6,59.3,65.4,,,0.1305285617446899,2026-10-08 19:51:01+00:00,7811.5400390625,2026-10-09,2026-10-10T10:11:13+00:00
2026-10-19,put,SPXW261019P07800000,7800.0,35.8,36.4,36.82,560.0,1565.0,0.08134234706878664,2026-10-09 20:03:09+00:00,7811.5400390625,2026-10-09,2026-10-10T10:11:13+00:00
2026-10-19,put,SPXW261019P07805000,7805.0,63.5,64.3,64.9,,,0.13097487686157228,2026-10-08 13:35:51+00:00,7811.5400390625,2026-10-09,2026-10-10T10:11:13+00:00
2026-10-19,put,SPXW261019P07810000,7810.0,39.6,40.3,41.58,92.0,105.0,0.07964100910186768,2026-10-09 20:09:22+00:00,7811.5400390625,2026-10-09,2026-10-10T10:11:13+00:00
2026-10-19,put,SPXW261019P07815000,7815.0,68.9,69.7,76.3,,,0.13173780868530272,2026-10-08 19:51:01+00:00,7811.5400390625,2026-10-09,2026-10-10T10:11:13+00:00
2026-10-19,put,SPXW261019P07820000,7820.0,43.8,44.6,46.6,23.0,141.0,0.07797018840789795,2026-10-09 19:46:18+00:00,7811.5400390625,2026-10-09,2026-10-10T10:11:13+00:00
2026-10-19,put,SPXW261019P07825000,7825.0,46.1,46.9,49.85,17.0,157.0,0.07713096340179444,2026-10-09 19:52:00+00:00,7811.5400390625,2026-10-09,2026-10-10T10:11:13+00:00
2026-10-19,put,SPXW261019P07830000,7830.0,48.5,49.3,50.15,22.0,64.0,0.07628410907745363,2026-10-09 19:39:22+00:00,7811.5400390625,2026-10-09,2026-10-10T10:11:13+00:00
2026-10-19,put,SPXW261019P07835000,7835.0,80.6,81.4,104.84,,,0.13366421154022218,2026-10-08 17:54:38+00:00,7811.5400390625,2026-10-09,2026-10-10T10:11:13+00:00
2026-10-19,put,SPXW261019P07840000,7840.0,53.5,54.3,55.02,42.0,195.0,0.07434244758605957,2026-10-09 20:03:09+00:00,7811.5400390625,2026-10-09,2026-10-10T10:11:13+00:00
2026-10-19,put,SPXW261019P07845000,7845.0,87.0,87.7,77.7,,,0.13485438518524173,2026-10-08 16:18:05+00:00,7811.5400390625,2026-10-09,2026-10-10T10:11:13+00:00
2026-10-19,put,SPXW261019P07850000,7850.0,59.0,59.7,61.6,74.0,68.0,0.07228634632110596,2026-10-09 20:14:50+00:00,7811.5400390625,2026-10-09,2026-10-10T10:11:13+00:00
2026-10-19,put,SPXW261019P07875000,7875.0,74.3,75.0,107.58,1.0,2.0,0.06634310741424561,2026-10-05 19:14:03+00:00,7811.5400390625,2026-10-09,2026-10-10T10:11:13+00:00
2026-10-19,put,SPXW261019P07920000,7920.0,104.4,111.1,153.6,1.0,2.0,0.058565017471313485,2026-10-08 19:59:57+00:00,7811.5400390625,2026-10-09,2026-10-10T10:11:13+00:00
2026-10-19,put,SPXW261019P07975000,7975.0,149.4,169.4,201.03,,1.0,0.09728380752563476,2026-09-22 19:38:19+00:00,7811.5400390625,2026-10-09,2026-10-10T10:11:13+00:00
2026-10-19,put,SPXW261019P08000000,8000.0,173.1,193.1,227.03,1.0,3.0,0.10144941528320311,2026-10-08 16:48:39+00:00,7811.5400390625,2026-10-09,2026-10-10T10:11:13+00:00
2026-10-19,put,SPXW261019P08075000,8075.0,244.8,268.8,357.62,,2.0,0.13484294120788579,2026-09-28 13:52:01+00:00,7811.5400390625,2026-10-09,2026-10-10T10:11:13+00:00
2026-10-19,put,SPXW261019P08100000,8100.0,269.7,293.7,381.44,,2.0,0.14382264877319334,2026-09-28 13:52:01+00:00,7811.5400390625,2026-10-09,2026-10-10T10:11:13+00:00
2026-10-19,put,SPXW261019P08175000,8175.0,344.5,368.4,401.9,,1.0,0.16951819259643558,2026-09-21 17:26:11+00:00,7811.5400390625,2026-10-09,2026-10-10T10:11:13+00:00
2026-10-20,call,SPXW261020C05200000,5200.0,2605.2,2629.2,2486.7,,1.0,1.063023483734131,2026-09-30 19:53:00+00:00,7811.5400390625,2026-10-09,2026-10-10T10:11:13+00:00
2026-10-20,call,SPXW261020C06875000,6875.0,932.4,956.4,829.54,,16.0,0.4997608618164063,2026-09-28 20:01:24+00:00,7811.5400390625,2026-10-09,2026-10-10T10:11:13+00:00
2026-10-20,call,SPXW261020C06900000,6900.0,907.5,931.4,804.94,,16.0,0.48860679855346684,2026-09-28 20:01:24+00:00,7811.5400390625,2026-10-09,2026-10-10T10:11:13+00:00
2026-10-20,call,SPXW261020C06975000,6975.0,832.6,856.6,730.84,3.0,9.0,0.4562279719543458,2026-09-28 19:47:51+00:00,7811.5400390625,2026-10-09,2026-10-10T10:11:13+00:00
2026-10-20,call,SPXW261020C07000000,7000.0,807.7,831.6,706.29,3.0,9.0,0.4450357621002198,2026-09-28 19:47:51+00:00,7811.5400390625,2026-10-09,2026-10-10T10:11:13+00:00
2026-10-20,call,SPXW261020C07050000,7050.0,757.8,781.8,741.06,13.0,13.0,0.42366604171752925,2026-10-05 18:34:32+00:00,7811.5400390625,2026-10-09,2026-10-10T10:11:13+00:00
2026-10-20,call,SPXW261020C07100000,7100.0,707.9,731.9,691.46,13.0,13.0,0.4016630879211425,2026-10-05 18:34:32+00:00,7811.5400390625,2026-10-09,2026-10-10T10:11:13+00:00
2026-10-20,call,SPXW261020C07150000,7150.0,658.0,682.0,649.74,24.0,18.0,0.3795609529876709,2026-09-22 14:12:50+00:00,7811.5400390625,2026-10-09,2026-10-10T10:11:13+00:00
2026-10-20,call,SPXW261020C07275000,7275.0,533.4,557.4,529.93,48.0,36.0,0.3242789130401611,2026-09-22 14:12:50+00:00,7811.5400390625,2026-10-09,2026-10-10T10:11:13+00:00
2026-10-20,call,SPXW261020C07350000,7350.0,458.8,482.8,459.52,24.0,18.0,0.2910532321166991,2026-09-22 14:12:50+00:00,7811.5400390625,2026-10-09,2026-10-10T10:11:13+00:00
2026-10-20,call,SPXW261020C07380000,7380.0,429.0,453.0,346.9,,1.0,0.27770192520141596,2026-09-30 13:30:13+00:00,7811.5400390625,2026-10-09,2026-10-10T10:11:13+00:00
2026-10-20,call,SPXW261020C07400000,7400.0,409.1,433.1,439.45,1.0,4.0,0.2685925192260742,2026-10-06 17:07:08+00:00,7811.5400390625,2026-10-09,2026-10-10T10:11:13+00:00
2026-10-20,call,SPXW261020C07410000,7410.0,399.2,423.2,297.63,,1.0,0.2641980319213867,2026-09-17 17:35:49+00:00,7811.5400390625,2026-10-09,2026-10-10T10:11:13+00:00
2026-10-20,call,SPXW261020C07420000,7420.0,389.3,413.3,287.4,1.0,1.0,0.25978065666198735,2026-09-18 19:16:00+00:00,7811.5400390625,2026-10-09,2026-10-10T10:11:13+00:00
2026-10-20,call,SPXW261020C07440000,7440.0,369.5,393.5,272.48,,1.0,0.25087724227905267,2026-09-17 17:35:49+00:00,7811.5400390625,2026-10-09,2026-10-10T10:11:13+00:00
2026-10-20,call,SPXW261020C07450000,7450.0,359.7,383.6,293.18,,1.0,0.2463912031555176,2026-09-30 17:59:29+00:00,7811.5400390625,2026-10-09,2026-10-10T10:11:13+00:00
2026-10-20,call,SPXW261020C07470000,7470.0,339.9,363.9,255.75,1.0,29.0,0.2376861510467529,2026-09-29 14:32:40+00:00,7811.5400390625,2026-10-09,2026-10-10T10:11:13+00:00
2026-10-20,call,SPXW261020C07475000,7475.0,335.0,359.0,327.6,1.0,1.0,0.2355728298950195,2026-10-09 13:33:39+00:00,7811.5400390625,2026-10-09,2026-10-10T10:11:13+00:00
2026-10-20,call,SPXW261020C07480000,7480.0,330.1,354.1,270.71,3.0,4.0,0.2334518794250488,2026-10-02 18:53:41+00:00,7811.5400390625,2026-10-09,2026-10-10T10:11:13+00:00
2026-10-20,call,SPXW261020C07490000,7490.0,320.3,344.2,238.85,,1.0,0.22885140052795414,2026-09-29 14:32:40+00:00,7811.5400390625,2026-10-09,2026-10-10T10:11:13+00:00
2026-10-20,call,SPXW261020C07500000,7500.0,310.4,334.4,306.09,189.0,7.0,0.22455227970123287,2026-10-09 14:52:44+00:00,7811.5400390625,2026-10-09,2026-10-10T10:11:13+00:00
2026-10-20,call,SPXW261020C07510000,7510.0,300.6,324.6,198.75,1.0,1.0,0.22021501228332516,2026-09-18 16:48:18+00:00,7811.5400390625,2026-10-09,2026-10-10T10:11:13+00:00
2026-10-20,call,SPXW261020C07520000,7520.0,290.9,314.8,253.13,1.0,2.0,0.21583196895599366,2026-10-08 18:43:37+00:00,7811.5400390625,2026-10-09,2026-10-10T10:11:13+00:00
2026-10-20,call,SPXW261020C07525000,7525.0,286.0,310.0,248.53,1.0,3.0,0.21393608337402342,2026-10-08 18:43:37+00:00,7811.5400390625,2026-10-09,2026-10-10T10:11:13+00:00
2026-10-20,call,SPXW261020C07530000,7530.0,281.1,305.1,227.35,1.0,11.0,0.21171976642608642,2026-09-28 18:56:56+00:00,7811.5400390625,2026-10-09,2026-10-10T10:11:13+00:00
2026-10-20,call,SPXW261020C07540000,7540.0,271.4,295.4,197.39,10.0,10.0,0.2075579733276367,2026-09-18 20:01:47+00:00,7811.5400390625,2026-10-09,2026-10-10T10:11:13+00:00
2026-10-20,call,SPXW261020C07550000,7550.0,261.7,285.7,226.7,1.0,7.0,0.2033389603424072,2026-10-08 19:01:46+00:00,7811.5400390625,2026-10-09,2026-10-10T10:11:13+00:00
2026-10-20,call,SPXW261020C07560000,7560.0,252.0,276.0,220.65,31.0,30.0,0.19906272747039794,2026-10-08 19:39:22+00:00,7811.5400390625,2026-10-09,2026-10-10T10:11:13+00:00
2026-10-20,call,SPXW261020C07570000,7570.0,242.4,266.4,207.85,3.0,13.0,0.19501918880462643,2026-10-08 17:12:32+00:00,7811.5400390625,2026-10-09,2026-10-10T10:11:13+00:00
2026-10-20,call,SPXW261020C07575000,7575.0,237.6,261.6,134.2,1.0,21.0,0.19297071685791017,2026-10-01 15:01:38+00:00,7811.5400390625,2026-10-09,2026-10-10T10:11:13+00:00
2026-10-20,call,SPXW261020C07580000,7580.0,232.8,256.8,133.5,2.0,3.0,0.19090698627471925,2026-10-01 15:14:18+00:00,7811.5400390625,2026-10-09,2026-10-10T10:11:13+00:00
2026-10-20,call,SPXW261020C07585000,7585.0,228.0,252.0,155.8,5.0,5.0,0.18882418239593507,2026-10-01 13:32:57+00:00,7811.5400390625,2026-10-09,2026-10-10T10:11:13+00:00
2026-10-20,call,SPXW261020C07590000,7590.0,223.2,247.2,220.02,188.0,5.0,0.1867223052215576,2026-10-09 14:52:44+00:00,7811.5400390625,2026-10-09,2026-10-10T10:11:13+00:00
2026-10-20,call,SPXW261020C07595000,7595.0,218.5,242.5,194.48,1.0,1.0,0.18487982486724852,2026-10-05 14:21:14+00:00,7811.5400390625,2026-10-09,2026-10-10T10:11:13+00:00
2026-10-20,call,SPXW261020C07600000,7600.0,213.7,237.7,247.5,1.0,61.0,0.18273980110168456,2026-10-06 17:07:08+00:00,7811.5400390625,2026-10-09,2026-10-10T10:11:13+00:00
2026-10-20,call,SPXW261020C07605000,7605.0,209.0,233.0,201.2,1.0,1.0,0.180847730178833,2026-10-05 20:12:13+00:00,7811.5400390625,2026-10-09,2026-10-10T10:11:13+00:00
2026-10-20,call,SPXW261020C07610000,7610.0,216.5,223.1,241.91,1.0,17.0,0.1646239849472046,2026-10-06 14:02:24+00:00,7811.5400390625,2026-10-09,2026-10-10T10:11:13+00:00
2026-10-20,call,SPXW261020C07620000,7620.0,207.2,213.7,183.99,1.0,12.0,0.16104202003479004,2026-10-09 14:42:16+00:00,7811.5400390625,2026-10-09,2026-10-10T10:11:13+00:00
2026-10-20,call,SPXW261020C07625000,7625.0,202.5,209.0,220.66,1.0,156.0,0.1592109836578369,2026-10-06 14:28:04+00:00,7811.5400390625,2026-10-09,2026-10-10T10:11:13+00:00
2026-10-20,call,SPXW261020C07630000,7630.0,197.8,204.3,191.4,21.0,176.0,0.15734943000793458,2026-10-09 17:15:40+00:00,7811.5400390625,2026-10-09,2026-10-10T10:11:13+00:00
2026-10-20,call,SPXW261020C07635000,7635.0,193.2,199.6,191.77,9.0,7.0,0.155457359085083,2026-10-07 18:12:27+00:00,7811.5400390625,2026-10-09,2026-10-10T10:11:13+00:00
2026-10-20,call,SPXW261020C07640000,7640.0,188.5,195.0,182.23,1.0,5.0,0.1538017970275879,2026-10-09 17:15:53+00:00,7811.5400390625,2026-10-09,2026-10-10T10:11:13+00:00
2026-10-20,call,SPXW261020C07645000,7645.0,183.9,190.4,144.67,1.0,4.0,0.15211571769714358,2026-10-05 14:09:54+00:00,7811.5400390625,2026-10-09,2026-10-10T10:11:13+00:00
2026-10-20,call,SPXW261020C07650000,7650.0,179.3,185.8,166.98,1.0,34.0,0.15039149177551273,2026-10-08 14:36:47+00:00,7811.5400390625,2026-10-09,2026-10-10T10:11:13+00:00
2026-10-20,call,SPXW261020C07660000,7660.0,169.9,176.6,134.69,2.0,18.0,0.14682860015869142,2026-10-08 16:50:01+00:00,7811.5400390625,2026-10-09,2026-10-10T10:11:13+00:00
2026-10-20,call,SPXW261020C07665000,7665.0,165.4,172.1,122.0,5.0,8.0,0.14524170196533204,2026-10-08 17:32:13+00:00,7811.5400390625,2026-10-09,2026-10-10T10:11:13+00:00
2026-10-20,call,SPXW261020C07670000,7670.0,160.9,167.6,118.2,3.0,16.0,0.1436090278625488,2026-10-08 17:32:13+00:00,7811.5400390625,2026-10-09,2026-10-10T10:11:13+00:00
2026-10-20,call,SPXW261020C07675000,7675.0,156.4,163.1,138.51,1.0,48.0,0.14193439250946044,2026-10-09 14:49:54+00:00,7811.5400390625,2026-10-09,2026-10-10T10:11:13+00:00
2026-10-20,call,SPXW261020C07680000,7680.0,152.0,158.7,171.82,1.0,17.0,0.1404504901123047,2026-10-06 14:28:04+00:00,7811.5400390625,2026-10-09,2026-10-10T10:11:13+00:00
2026-10-20,call,SPXW261020C07685000,7685.0,147.6,154.2,138.75,1.0,11.0,0.13868430294036865,2026-10-07 15:46:07+00:00,7811.5400390625,2026-10-09,2026-10-10T10:11:13+00:00
2026-10-20,call,SPXW261020C07690000,7690.0,143.2,149.8,123.58,3.0,81.0,0.1371050340652466,2026-10-09 14:42:16+00:00,7811.5400390625,2026-10-09,2026-10-10T10:11:13+00:00
2026-10-20,call,SPXW261020C07695000,7695.0,138.9,145.3,138.1,5.0,7.0,0.13524348041534429,2026-10-07 17:56:45+00:00,7811.5400390625,2026-10-09,2026-10-10T10:11:13+00:00
2026-10-20,call,SPXW261020C07700000,7700.0,134.6,141.0,134.74,7.0,52.0,0.1337900952911377,2026-10-09 18:24:02+00:00,7811.5400390625,2026-10-09,2026-10-10T10:11:13+00:00
2026-10-20,call,SPXW261020C07705000,7705.0,130.6,136.7,113.11,2.0,17.0,0.13227186096191407,2026-10-08 16:17:12+00:00,7811.5400390625,2026-10-09,2026-10-10T10:11:13+00:00
2026-10-20,call,SPXW261020C07710000,7710.0,126.3,132.6,109.91,2.0,42.0,0.13113890720367433,2026-10-09 14:49:54+00:00,7811.5400390625,2026-10-09,2026-10-10T10:11:13+00:00
2026-10-20,call,SPXW261020C07715000,7715.0,122.1,128.4,89.84,24.0,52.0,0.129716039352417,2026-10-08 19:01:21+00:00,7811.5400390625,2026-10-09,2026-10-10T10:11:13+00:00
2026-10-20,call,SPXW261020C07720000,7720.0,117.5,124.3,87.21,13.0,46.0,0.12844575786590573,2026-10-08 18:49:23+00:00,7811.5400390625,2026-10-09,2026-10-10T10:11:13+00:00
2026-10-20,call,SPXW261020C07725000,7725.0,113.5,120.2,85.95,16.0,52.0,0.12709918319702146,2026-10-08 16:51:29+00:00,7811.5400390625,2026-10-09,2026-10-10T10:11:13+00:00
2026-10-20,call,SPXW261020C07730000,7730.0,109.4,115.9,73.37,3.0,55.0,0.12526814682006837,2026-10-08 17:29:30+00:00,7811.5400390625,2026-10-09,2026-10-10T10:11:13+00:00
2026-10-20,call,SPXW261020C07735000,7735.0,105.4,112.0,106.07,2.0,48.0,0.12420004226684572,2026-10-09 18:24:02+00:00,7811.5400390625,2026-10-09,2026-10-10T10:11:13+00:00
2026-10-20,call,SPXW261020C07740000,7740.0,101.4,108.0,92.56,1.0,43.0,0.12284202362060548,2026-10-09 15:51:02+00:00,7811.5400390625,2026-10-09,2026-10-10T10:11:13+00:00
2026-10-20,call,SPXW261020C07745000,7745.0,97.5,104.1,94.55,1.0,24.0,0.12160988872528077,2026-10-09 16:30:17+00:00,7811.5400390625,2026-10-09,2026-10-10T10:11:13+00:00
2026-10-20,call,SPXW261020C07750000,7750.0,93.9,100.2,93.0,50.0,1141.0,0.12029383132934571,2026-10-09 19:04:56+00:00,7811.5400390625,2026-10-09,2026-10-10T10:11:13+00:00
2026-10-20,call,SPXW261020C07755000,7755.0,72.1,72.9,61.5,,,0.07073759471893311,2026-10-08 17:34:38+00:00,7811.5400390625,2026-10-09,2026-10-10T10:11:13+00:00
2026-10-20,call,SPXW261020C07760000,7760.0,88.9,89.7,84.22,19.0,41.0,0.11211138751983642,2026-10-09 17:06:28+00:00,7811.5400390625,2026-10-09,2026-10-10T10:11:13+00:00
2026-10-20,call,SPXW261020C07770000,7770.0,81.6,82.4,78.6,67.0,205.0,0.10993703182220459,2026-10-09 18:45:02+00:00,7811.5400390625,2026-10-09,2026-10-10T10:11:13+00:00
2026-10-20,call,SPXW261020C07775000,7775.0,78.1,78.9,75.15,42.0,102.0,0.10897955238342286,2026-10-09 19:41:50+00:00,7811.5400390625,2026-10-09,2026-10-10T10:11:13+00:00
2026-10-20,call,SPXW261020C07780000,7780.0,74.6,75.4,71.76,10.0,68.0,0.10791526248931885,2026-10-09 19:41:50+00:00,7811.5400390625,2026-10-09,2026-10-10T10:11:13+00:00
2026-10-20,call,SPXW261020C07785000,7785.0,54.1,54.9,48.6,,,0.07449121929168702,2026-10-08 19:53:37+00:00,7811.5400390625,2026-10-09,2026-10-10T10:11:13+00:00
2026-10-20,call,SPXW261020C07790000,7790.0,67.9,68.7,65.1,16.0,37.0,0.10601556224822999,2026-10-09 19:52:11+00:00,7811.5400390625,2026-10-09,2026-10-10T10:11:13+00:00
2026-10-20,call,SPXW261020C07795000,7795.0,48.7,49.4,43.34,,,0.0750939354324341,2026-10-08 18:54:32+00:00,7811.5400390625,2026-10-09,2026-10-10T10:11:13+00:00
2026-10-20,call,SPXW261020C07800000,7800.0,61.5,62.3,62.43,58.0,400.0,0.10419978450775144,2026-10-09 17:43:39+00:00,7811.5400390625,2026-10-09,2026-10-10T10:11:13+00:00
2026-10-20,call,SPXW261020C07805000,7805.0,43.6,44.3,38.66,,,0.07569665157318117,2026-10-08 18:54:32+00:00,7811.5400390625,2026-10-09,2026-10-10T10:11:13+00:00
2026-10-20,call,SPXW261020C07810000,7810.0,55.4,56.2,53.7,10.0,137.0,0.10244122665405272,2026-10-09 18:34:40+00:00,7811.5400390625,2026-10-09,2026-10-10T10:11:13+00:00
2026-10-20,call,SPXW261020C07815000,7815.0,39.1,39.5,73.22,,,0.07613152271270753,2026-10-06 19:45:26+00:00,7811.5400390625,2026-10-09,2026-10-10T10:11:13+00:00
2026-10-20,call,SPXW261020C07820000,7820.0,49.6,50.4,47.39,86.0,164.0,0.10071318607330322,2026-10-09 19:56:48+00:00,7811.5400390625,2026-10-09,2026-10-10T10:11:13+00:00
2026-10-20,call,SPXW261020C07825000,7825.0,47.0,47.6,44.86,17.0,159.0,0.09982818515777588,2026-10-09 19:52:07+00:00,7811.5400390625,2026-10-09,2026-10-10T10:11:13+00:00
2026-10-20,call,SPXW261020C07830000,7830.0,44.2,45.0,45.18,91.0,170.0,0.09917206378936767,2026-10-09 18:29:41+00:00,7811.5400390625,2026-10-09,2026-10-10T10:11:13+00:00
2026-10-20,call,SPXW261020C07840000,7840.0,39.3,39.8,41.2,45.0,149.0,0.09742876457214356,2026-10-09 19:22:20+00:00,7811.5400390625,2026-10-09,2026-10-10T10:11:13+00:00
2026-10-20,call,SPXW261020C07845000,7845.0,26.7,27.4,21.8,,,0.07750479999542238,2026-10-08 17:22:50+00:00,7811.5400390625,2026-10-09,2026-10-10T10:11:13+00:00
2026-10-20,call,SPXW261020C07850000,7850.0,34.6,35.2,34.38,88.0,277.0,0.09621951763153076,2026-10-09 19:43:26+00:00,7811.5400390625,2026-10-09,2026-10-10T10:11:13+00:00
2026-10-20,call,SPXW261020C07860000,7860.0,30.4,30.9,29.35,36.0,95.0,0.09497212409973146,2026-10-09 18:38:05+00:00,7811.5400390625,2026-10-09,2026-10-10T10:11:13+00:00
2026-10-20,call,SPXW261020C07870000,7870.0,26.5,27.0,25.25,38.0,120.0,0.09388113159179687,2026-10-09 20:09:51+00:00,7811.5400390625,2026-10-09,2026-10-10T10:11:13+00:00
2026-10-20,call,SPXW261020C07875000,7875.0,24.6,25.1,24.63,69.0,143.0,0.09319067829132081,2026-10-09 19:39:26+00:00,7811.5400390625,2026-10-09,2026-10-10T10:11:13+00:00
2026-10-20,call,SPXW261020C07880000,7880.0,22.8,23.5,23.54,36.0,90.0,0.09296561340332031,2026-10-09 19:11:16+00:00,7811.5400390625,2026-10-09,2026-10-10T10:11:13+00:00
2026-10-20,call,SPXW261020C07890000,7890.0,19.6,20.3,20.26,6.0,30.0,0.09203865123748779,2026-10-09 19:11:16+00:00,7811.5400390625,2026-10-09,2026-10-10T10:11:13+00:00
2026-10-20,call,SPXW261020C07900000,7900.0,16.9,17.3,15.72,42.0,176.0,0.09086755088806153,2026-10-09 19:58:07+00:00,7811.5400390625,2026-10-09,2026-10-10T10:11:13+00:00
2026-10-20,call,SPXW261020C07910000,7910.0,14.2,14.8,13.1,9.0,135.0,0.09019235622406006,2026-10-09 16:50:24+00:00,7811.5400390625,2026-10-09,2026-10-10T10:11:13+00:00
2026-10-20,call,SPXW261020C07920000,7920.0,12.0,12.6,12.4,12.0,69.0,0.08960489871978759,2026-10-09 19:27:39+00:00,7811.5400390625,2026-10-09,2026-10-10T10:11:13+00:00
2026-10-20,call,SPXW261020C07925000,7925.0,11.0,11.6,11.7,55.0,137.0,0.08932642860412598,2026-10-09 19:23:47+00:00,7811.5400390625,2026-10-09,2026-10-10T10:11:13+00:00
2026-10-20,call,SPXW261020C07950000,7950.0,7.0,7.4,6.8,22.0,276.0,0.08772427177429198,2026-10-09 19:45:28+00:00,7811.5400390625,2026-10-09,2026-10-10T10:11:13+00:00
2026-10-20,call,SPXW261020C07975000,7975.0,4.2,4.7,4.4,34.0,435.0,0.087197848815918,2026-10-09 19:36:42+00:00,7811.5400390625,2026-10-09,2026-10-10T10:11:13+00:00
2026-10-20,call,SPXW261020C08000000,8000.0,2.6,2.85,2.5,74.0,499.0,0.08654935676574707,2026-10-09 20:04:02+00:00,7811.5400390625,2026-10-09,2026-10-10T10:11:13+00:00
2026-10-20,call,SPXW261020C08020000,8020.0,,1.55,1.32,,,0.08330689651489262,2026-10-08 20:08:07+00:00,7811.5400390625,2026-10-09,2026-10-10T10:11:13+00:00
2026-10-20,call,SPXW261020C08025000,8025.0,1.5,1.85,1.35,80.0,371.0,0.08768612518310548,2026-10-09 19:00:52+00:00,7811.5400390625,2026-10-09,2026-10-10T10:11:13+00:00
2026-10-20,call,SPXW261020C08050000,8050.0,0.95,1.2,1.0,94.0,2200.0,0.08899836791992188,2026-10-09 20:02:17+00:00,7811.5400390625,2026-10-09,2026-10-10T10:11:13+00:00
2026-10-20,call,SPXW261020C08075000,8075.0,0.6,0.85,0.55,18.0,215.0,0.09162285339355468,2026-10-09 19:00:33+00:00,7811.5400390625,2026-10-09,2026-10-10T10:11:13+00:00
2026-10-20,call,SPXW261020C08100000,8100.0,0.45,0.65,0.5,63.0,152.0,0.09513233978271486,2026-10-09 20:03:25+00:00,7811.5400390625,2026-10-09,2026-10-10T10:11:13+00:00
2026-10-20,call,SPXW261020C08125000,8125.0,0.3,0.45,0.37,373.0,265.0,0.09723803161621095,2026-10-09 20:11:46+00:00,7811.5400390625,2026-10-09,2026-10-10T10:11:13+00:00
2026-10-20,call,SPXW261020C08150000,8150.0,0.25,0.45,0.35,7.0,24.0,0.10382976257324218,2026-10-09 19:54:23+00:00,7811.5400390625,2026-10-09,2026-10-10T10:11:13+00:00
2026-10-20,call,SPXW261020C08175000,8175.0,0.2,0.4,0.22,1.0,15.0,0.10877356079101563,2026-10-09 16:06:28+00:00,7811.5400390625,2026-10-09,2026-10-10T10:11:13+00:00
2026-10-20,call,SPXW261020C08200000,8200.0,0.15,0.35,0.18,4.0,75.0,0.11335115173339844,2026-10-07 14:50:15+00:00,7811.5400390625,2026-10-09,2026-10-10T10:11:13+00:00
2026-10-20,call,SPXW261020C08225000,8225.0,0.1,0.35,0.17,10.0,16.0,0.11957667541503905,2026-10-08 18:48:47+00:00,7811.5400390625,2026-10-09,2026-10-10T10:11:13+00:00
2026-10-20,call,SPXW261020C08250000,8250.0,0.1,0.3,0.17,1.0,64.0,0.12360495544433595,2026-10-09 17:27:56+00:00,7811.5400390625,2026-10-09,2026-10-10T10:11:13+00:00
2026-10-20,call,SPXW261020C08275000,8275.0,0.1,0.3,0.1,102.0,63.0,0.12964737548828126,2026-10-08 19:17:39+00:00,7811.5400390625,2026-10-09,2026-10-10T10:11:13+00:00
2026-10-20,call,SPXW261020C08300000,8300.0,0.1,0.3,0.12,2.0,26.0,0.13562876098632815,2026-10-09 13:51:13+00:00,7811.5400390625,2026-10-09,2026-10-10T10:11:13+00:00
2026-10-20,call,SPXW261020C08400000,8400.0,0.05,0.25,0.12,1.0,33.0,0.1562584375,2026-10-09 17:27:56+00:00,7811.5400390625,2026-10-09,2026-10-10T10:11:13+00:00
2026-10-20,call,SPXW261020C08600000,8600.0,0.0,0.2,0.3,11.0,8.0,0.19654123779296873,2026-09-28 17:13:39+00:00,7811.5400390625,2026-10-09,2026-10-10T10:11:13+00:00
2026-10-20,call,SPXW261020C08800000,8800.0,0.0,0.15,0.1,1.0,4.0,0.23242955078125,2026-10-07 13:57:11+00:00,7811.5400390625,2026-10-09,2026-10-10T10:11:13+00:00
2026-10-20,call,SPXW261020C09400000,9400.0,0.0,0.1,0.05,1.0,1.0,0.3354558642578125,2026-10-09 18:08:46+00:00,7811.5400390625,2026-10-09,2026-10-10T10:11:13+00:00
2026-10-20,put,SPXW261020P03200000,3200.0,0.0,0.05,0.05,9.0,14.0,1.37109689453125,2026-09-28 19:15:22+00:00,7811.5400390625,2026-10-09,2026-10-10T10:11:13+00:00
2026-10-20,put,SPXW261020P03400000,3400.0,0.0,0.05,0.05,,2.0,1.2812535937499998,2026-09-22 14:45:02+00:00,7811.5400390625,2026-10-09,2026-10-10T10:11:13+00:00
2026-10-20,put,SPXW261020P03800000,3800.0,,0.1,0.05,,8.0,1.220707021484375,2026-09-29 19:05:25+00:00,7811.5400390625,2026-10-09,2026-10-10T10:11:13+00:00
2026-10-20,put,SPXW261020P04000000,4000.0,0.0,0.05,0.1,,75.0,1.0390673046875003,2026-09-23 14:44:20+00:00,7811.5400390625,2026-10-09,2026-10-10T10:11:13+00:00
2026-10-20,put,SPXW261020P04200000,4200.0,0.0,0.1,0.1,51.0,95.0,1.009770576171875,2026-10-01 18:40:25+00:00,7811.5400390625,2026-10-09,2026-10-10T10:11:13+00:00
2026-10-20,put,SPXW261020P04600000,4600.0,0.0,0.15,0.3,,2.0,0.89257919921875,2026-09-21 19:02:57+00:00,7811.5400390625,2026-10-09,2026-10-10T10:11:13+00:00
2026-10-20,put,SPXW261020P05000000,5000.0,0.0,0.2,0.05,6.0,13.0,0.7753928710937501,2026-10-09 15:43:08+00:00,7811.5400390625,2026-10-09,2026-10-10T10:11:13+00:00
2026-10-20,put,SPXW261020P05200000,5200.0,0.0,0.2,0.1,2.0,198.0,0.710940390625,2026-10-09 18:15:35+00:00,7811.5400390625,2026-10-09,2026-10-10T10:11:13+00:00
2026-10-20,put,SPXW261020P05400000,5400.0,0.05,0.25,0.1,2.0,206.0,0.6689486230468751,2026-10-08 15:21:13+00:00,7811.5400390625,2026-10-09,2026-10-10T10:11:13+00:00
2026-10-20,put,SPXW261020P05600000,5600.0,0.1,0.25,0.15,1.0,101.0,0.614261669921875,2026-10-09 18:14:05+00:00,7811.5400390625,2026-10-09,2026-10-10T10:11:13+00:00
2026-10-20,put,SPXW261020P05800000,5800.0,0.15,0.3,0.15,5.0,236.0,0.5656781713867188,2026-10-09 17:23:47+00:00,7811.5400390625,2026-10-09,2026-10-10T10:11:13+00:00
2026-10-20,put,SPXW261020P06000000,6000.0,0.2,0.35,0.2,3.0,503.0,0.514653291015625,2026-10-09 19:21:25+00:00,7811.5400390625,2026-10-09,2026-10-10T10:11:13+00:00
2026-10-20,put,SPXW261020P06100000,6100.0,0.2,0.4,0.3,1.0,59.0,0.5017139672851563,2026-10-08 15:23:11+00:00,7811.5400390625,2026-10-09,2026-10-10T10:11:13+00:00
2026-10-20,put,SPXW261020P06200000,6200.0,0.25,0.45,0.3,118.0,882.0,0.47681187255859375,2026-10-09 19:51:27+00:00,7811.5400390625,2026-10-09,2026-10-10T10:11:13+00:00
2026-10-20,put,SPXW261020P06300000,6300.0,0.25,0.45,0.35,13.0,240.0,0.44653873779296877,2026-10-08 19:59:58+00:00,7811.5400390625,2026-10-09,2026-10-10T10:11:13+00:00
2026-10-20,put,SPXW261020P06400000,6400.0,0.3,0.5,0.6,34.0,1979.0,0.42090422851562503,2026-10-08 19:59:49+00:00,7811.5400390625,2026-10-09,2026-10-10T10:11:13+00:00
2026-10-20,put,SPXW261020P06500000,6500.0,0.35,0.55,0.45,6.0,301.0,0.39490351196289064,2026-10-09 14:16:34+00:00,7811.5400390625,2026-10-09,2026-10-10T10:11:13+00:00
2026-10-20,put,SPXW261020P06525000,6525.0,0.35,0.55,0.7,14.0,28.0,0.3874572973632812,2026-10-08 19:59:52+00:00,7811.5400390625,2026-10-09,2026-10-10T10:11:13+00:00
2026-10-20,put,SPXW261020P06550000,6550.0,0.4,0.6,0.5,1.0,93.0,0.3834290173339844,2026-10-08 19:59:51+00:00,7811.5400390625,2026-10-09,2026-10-10T10:11:13+00:00
2026-10-20,put,SPXW261020P06600000,6600.0,0.4,0.6,0.44,10.0,134.0,0.3684145190429688,2026-10-08 19:59:38+00:00,7811.5400390625,2026-10-09,2026-10-10T10:11:13+00:00
2026-10-20,put,SPXW261020P06625000,6625.0,0.45,0.65,0.85,12.0,113.0,0.3640200317382813,2026-10-08 19:59:55+00:00,7811.5400390625,2026-10-09,2026-10-10T10:11:13+00:00
2026-10-20,put,SPXW261020P06675000,6675.0,0.45,0.65,1.67,10.0,131.0,0.3490055334472656,2026-10-02 14:48:18+00:00,7811.5400390625,2026-10-09,2026-10-10T10:11:13+00:00
2026-10-20,put,SPXW261020P06700000,6700.0,0.5,0.7,0.9,30.0,68.0,0.34430587341308594,2026-10-08 19:59:59+00:00,7811.5400390625,2026-10-09,2026-10-10T10:11:13+00:00
2026-10-20,put,SPXW261020P06725000,6725.0,0.5,0.7,1.55,2.0,10.0,0.3367986242675781,2026-10-05 18:12:53+00:00,7811.5400390625,2026-10-09,2026-10-10T10:11:13+00:00
2026-10-20,put,SPXW261020P06750000,6750.0,0.55,0.75,1.0,22.0,60.0,0.33179379150390625,2026-10-08 19:59:43+00:00,7811.5400390625,2026-10-09,2026-10-10T10:11:13+00:00
2026-10-20,put,SPXW261020P06775000,6775.0,0.55,0.75,2.02,2.0,12.0,0.3242865423583984,2026-10-02 14:50:50+00:00,7811.5400390625,2026-10-09,2026-10-10T10:11:13+00:00
2026-10-20,put,SPXW261020P06800000,6800.0,0.55,0.75,0.65,9.0,343.0,0.31677929321289056,2026-10-09 16:02:02+00:00,7811.5400390625,2026-10-09,2026-10-10T10:11:13+00:00
2026-10-20,put,SPXW261020P06825000,6825.0,0.6,0.8,2.35,1.0,24.0,0.31153032226562494,2026-10-02 13:47:01+00:00,7811.5400390625,2026-10-09,2026-10-10T10:11:13+00:00
2026-10-20,put,SPXW261020P06850000,6850.0,0.6,0.8,0.67,1.0,98.0,0.3039620385742187,2026-10-09 19:26:45+00:00,7811.5400390625,2026-10-09,2026-10-10T10:11:13+00:00
2026-10-20,put,SPXW261020P06875000,6875.0,0.65,0.85,1.1,14.0,125.0,0.2985909985351562,2026-10-08 19:59:54+00:00,7811.5400390625,2026-10-09,2026-10-10T10:11:13+00:00
2026-10-20,put,SPXW261020P06900000,6900.0,0.7,0.9,0.75,58.0,93.0,0.2929758203124999,2026-10-09 19:38:07+00:00,7811.5400390625,2026-10-09,2026-10-10T10:11:13+00:00
2026-10-20,put,SPXW261020P06925000,6925.0,0.75,0.9,0.75,40.0,162.0,0.2853465020751953,2026-10-09 19:41:58+00:00,7811.5400390625,2026-10-09,2026-10-10T10:11:13+00:00
2026-10-20,put,SPXW261020P06950000,6950.0,0.75,0.95,0.75,86.0,80.0,0.2795482202148437,2026-10-09 19:33:50+00:00,7811.5400390625,2026-10-09,2026-10-10T10:11:13+00:00
2026-10-20,put,SPXW261020P06975000,6975.0,0.75,0.95,0.75,25.0,141.0,0.27197993652343744,2026-10-09 19:29:39+00:00,7811.5400390625,2026-10-09,2026-10-10T10:11:13+00:00
2026-10-20,put,SPXW261020P07000000,7000.0,0.8,1.0,1.4,12.0,422.0,0.2659985510253906,2026-10-08 19:59:40+00:00,7811.5400390625,2026-10-09,2026-10-10T10:11:13+00:00
2026-10-20,put,SPXW261020P07025000,7025.0,0.8,1.05,1.3,6.0,29.0,0.2599561309814453,2026-10-07 19:59:21+00:00,7811.5400390625,2026-10-09,2026-10-10T10:11:13+00:00
2026-10-20,put,SPXW261020P07050000,7050.0,0.85,1.05,0.9,2.0,424.0,0.25226577819824214,2026-10-09 19:26:45+00:00,7811.5400390625,2026-10-09,2026-10-10T10:11:13+00:00
2026-10-20,put,SPXW261020P07075000,7075.0,0.9,1.1,1.65,49.0,63.0,0.24604025451660155,2026-10-08 19:59:47+00:00,7811.5400390625,2026-10-09,2026-10-10T10:11:13+00:00
2026-10-20,put,SPXW261020P07100000,7100.0,0.95,1.15,1.05,5.0,401.0,0.239692661743164,2026-10-09 19:26:01+00:00,7811.5400390625,2026-10-09,2026-10-10T10:11:13+00:00
2026-10-20,put,SPXW261020P07125000,7125.0,0.95,1.2,2.07,16.0,20.0,0.2332229998779297,2026-10-08 18:07:19+00:00,7811.5400390625,2026-10-09,2026-10-10T10:11:13+00:00
2026-10-20,put,SPXW261020P07150000,7150.0,1.0,1.25,1.9,1.0,127.0,0.22669230346679686,2026-10-08 19:59:02+00:00,7811.5400390625,2026-10-09,2026-10-10T10:11:13+00:00
2026-10-20,put,SPXW261020P07175000,7175.0,1.05,1.3,1.42,4.0,39.0,0.22003953796386716,2026-10-09 13:32:26+00:00,7811.5400390625,2026-10-09,2026-10-10T10:11:13+00:00
2026-10-20,put,SPXW261020P07200000,7200.0,1.15,1.35,1.15,20.0,115.0,0.21329522064208983,2026-10-09 19:56:41+00:00,7811.5400390625,2026-10-09,2026-10-10T10:11:13+00:00
2026-10-20,put,SPXW261020P07225000,7225.0,1.15,1.4,1.45,4.0,179.0,0.20642883422851557,2026-10-09 15:43:43+00:00,7811.5400390625,2026-10-09,2026-10-10T10:11:13+00:00
2026-10-20,put,SPXW261020P07250000,7250.0,1.3,1.45,1.31,19.0,185.0,0.19950141326904297,2026-10-09 19:04:55+00:00,7811.5400390625,2026-10-09,2026-10-10T10:11:13+00:00
2026-10-20,put,SPXW261020P07275000,7275.0,1.3,1.55,1.32,11.0,81.0,0.19339795867919923,2026-10-09 19:31:23+00:00,7811.5400390625,2026-10-09,2026-10-10T10:11:13+00:00
2026-10-20,put,SPXW261020P07290000,7290.0,1.35,1.6,3.28,18.0,1.0,0.1894307131958008,2026-10-06 14:53:19+00:00,7811.5400390625,2026-10-09,2026-10-10T10:11:13+00:00
2026-10-20,put,SPXW261020P07300000,7300.0,1.4,1.65,1.64,10.0,177.0,0.18708088317871097,2026-10-09 16:36:55+00:00,7811.5400390625,2026-10-09,2026-10-10T10:11:13+00:00
2026-10-20,put,SPXW261020P07310000,7310.0,1.45,1.7,1.9,82.0,39.0,0.1846395013427734,2026-10-09 14:54:55+00:00,7811.5400390625,2026-10-09,2026-10-10T10:11:13+00:00
2026-10-20,put,SPXW261020P07320000,7320.0,1.45,1.7,1.7,2.0,3.0,0.18140467041015623,2026-10-09 16:36:55+00:00,7811.5400390625,2026-10-09,2026-10-10T10:11:13+00:00
2026-10-20,put,SPXW261020P07325000,7325.0,1.5,1.75,1.7,70.0,167.0,0.1805501867675781,2026-10-09 16:46:01+00:00,7811.5400390625,2026-10-09,2026-10-10T10:11:13+00:00
2026-10-20,put,SPXW261020P07330000,7330.0,1.5,1.75,1.82,7.0,12.0,0.1789022540283203,2026-10-09 15:59:15+00:00,7811.5400390625,2026-10-09,2026-10-10T10:11:13+00:00
2026-10-20,put,SPXW261020P07340000,7340.0,1.55,1.8,1.78,1.0,6.0,0.1763998376464844,2026-10-09 18:13:07+00:00,7811.5400390625,2026-10-09,2026-10-10T10:11:13+00:00
2026-10-20,put,SPXW261020P07350000,7350.0,1.65,1.85,1.75,104.0,609.0,0.17386690399169924,2026-10-09 20:06:00+00:00,7811.5400390625,2026-10-09,2026-10-10T10:11:13+00:00
2026-10-20,put,SPXW261020P07360000,7360.0,1.65,1.9,2.07,53.0,8.0,0.17127293579101563,2026-10-09 15:59:15+00:00,7811.5400390625,2026-10-09,2026-10-10T10:11:13+00:00
2026-10-20,put,SPXW261020P07370000,7370.0,1.7,2.0,1.93,1.0,10.0,0.16931983032226564,2026-10-09 18:49:36+00:00,7811.5400390625,2026-10-09,2026-10-10T10:11:13+00:00
2026-10-20,put,SPXW261020P07375000,7375.0,1.75,2.0,1.94,6.0,123.0,0.1676413803100586,2026-10-09 18:20:12+00:00,7811.5400390625,2026-10-09,2026-10-10T10:11:13+00:00
2026-10-20,put,SPXW261020P07380000,7380.0,1.75,2.05,2.3,50.0,9.0,0.16663431030273443,2026-10-05 19:47:20+00:00,7811.5400390625,2026-10-09,2026-10-10T10:11:13+00:00
2026-10-20,put,SPXW261020P07390000,7390.0,1.85,2.1,2.07,10.0,41.0,0.1639182730102539,2026-10-09 18:13:19+00:00,7811.5400390625,2026-10-09,2026-10-10T10:11:13+00:00
2026-10-20,put,SPXW261020P07400000,7400.0,1.9,2.2,1.97,36.0,153.0,0.16179732254028317,2026-10-09 19:57:51+00:00,7811.5400390625,2026-10-09,2026-10-10T10:11:13+00:00
2026-10-20,put,SPXW261020P07410000,7410.0,2.0,2.3,6.43,2.0,23.0,0.1595848202514648,2026-10-07 14:17:14+00:00,7811.5400390625,2026-10-09,2026-10-10T10:11:13+00:00
2026-10-20,put,SPXW261020P07420000,7420.0,2.05,2.35,2.69,1.0,16.0,0.15674671386718753,2026-10-09 15:27:33+00:00,7811.5400390625,2026-10-09,2026-10-10T10:11:13+00:00
2026-10-20,put,SPXW261020P07425000,7425.0,2.1,2.4,2.45,8.0,71.0,0.1555870574951172,2026-10-09 17:32:51+00:00,7811.5400390625,2026-10-09,2026-10-10T10:11:13+00:00
2026-10-20,put,SPXW261020P07430000,7430.0,2.15,2.45,2.5,4.0,39.0,0.1543968838500977,2026-10-09 17:32:51+00:00,7811.5400390625,2026-10-09,2026-10-10T10:11:13+00:00
2026-10-20,put,SPXW261020P07440000,7440.0,2.25,2.55,3.02,1.0,36.0,0.15200127792358398,2026-10-09 15:30:07+00:00,7811.5400390625,2026-10-09,2026-10-10T10:11:13+00:00
2026-10-20,put,SPXW261020P07450000,7450.0,2.35,2.7,2.63,158.0,824.0,0.1500329138183594,2026-10-09 20:11:46+00:00,7811.5400390625,2026-10-09,2026-10-10T10:11:13+00:00
2026-10-20,put,SPXW261020P07460000,7460.0,2.5,2.8,2.85,1.0,12.0,0.14748472152709963,2026-10-09 18:07:38+00:00,7811.5400390625,2026-10-09,2026-10-10T10:11:13+00:00
2026-10-20,put,SPXW261020P07470000,7470.0,2.6,2.95,3.1,57.0,187.0,0.1453332537841797,2026-10-09 16:37:53+00:00,7811.5400390625,2026-10-09,2026-10-10T10:11:13+00:00
2026-10-20,put,SPXW261020P07475000,7475.0,2.65,3.0,3.18,13.0,62.0,0.14399049377441403,2026-10-09 17:15:44+00:00,7811.5400390625,2026-10-09,2026-10-10T10:11:13+00:00
2026-10-20,put,SPXW261020P07480000,7480.0,2.75,3.1,2.87,29.0,97.0,0.1430749755859375,2026-10-09 19:38:29+00:00,7811.5400390625,2026-10-09,2026-10-10T10:11:13+00:00
2026-10-20,put,SPXW261020P07490000,7490.0,2.9,3.3,3.7,25.0,57.0,0.14115238739013675,2026-10-09 16:04:41+00:00,7811.5400390625,2026-10-09,2026-10-10T10:11:13+00:00
2026-10-20,put,SPXW261020P07500000,7500.0,3.0,3.4,3.22,215.0,352.0,0.1382990223693848,2026-10-09 19:31:23+00:00,7811.5400390625,2026-10-09,2026-10-10T10:11:13+00:00
2026-10-20,put,SPXW261020P07510000,7510.0,3.2,3.6,3.63,10.0,42.0,0.13616281326293944,2026-10-09 18:10:06+00:00,7811.5400390625,2026-10-09,2026-10-10T10:11:13+00:00
2026-10-20,put,SPXW261020P07515000,7515.0,3.3,3.8,3.6,4.0,22.0,0.13578134735107422,2026-10-09 19:41:32+00:00,7811.5400390625,2026-10-09,2026-10-10T10:11:13+00:00
2026-10-20,put,SPXW261020P07520000,7520.0,3.4,3.9,3.64,10.0,77.0,0.13462932029724126,2026-10-09 19:58:44+00:00,7811.5400390625,2026-10-09,2026-10-10T10:11:13+00:00
2026-10-20,put,SPXW261020P07525000,7525.0,3.5,4.0,3.83,11.0,53.0,0.13344677597045895,2026-10-09 18:46:49+00:00,7811.5400390625,2026-10-09,2026-10-10T10:11:13+00:00
2026-10-20,put,SPXW261020P07530000,7530.0,3.6,4.1,3.88,8.0,27.0,0.13224134368896484,2026-10-09 18:51:07+00:00,7811.5400390625,2026-10-09,2026-10-10T10:11:13+00:00
2026-10-20,put,SPXW261020P07535000,7535.0,3.8,4.2,4.13,34.0,377.0,0.13099776481628417,2026-10-09 18:46:49+00:00,7811.5400390625,2026-10-09,2026-10-10T10:11:13+00:00
2026-10-20,put,SPXW261020P07540000,7540.0,3.9,4.4,4.2,57.0,613.0,0.13037979003906247,2026-10-09 18:51:33+00:00,7811.5400390625,2026-10-09,2026-10-10T10:11:13+00:00
2026-10-20,put,SPXW261020P07545000,7545.0,4.0,4.5,4.35,15.0,30.0,0.12908280593872068,2026-10-09 19:46:48+00:00,7811.5400390625,2026-10-09,2026-10-10T10:11:13+00:00
2026-10-20,put,SPXW261020P07550000,7550.0,4.2,4.5,4.51,40.0,386.0,0.1271449591064453,2026-10-09 19:48:17+00:00,7811.5400390625,2026-10-09,2026-10-10T10:11:13+00:00
2026-10-20,put,SPXW261020P07555000,7555.0,4.3,4.8,4.6,7.0,13.0,0.12700763137817384,2026-10-09 19:13:20+00:00,7811.5400390625,2026-10-09,2026-10-10T10:11:13+00:00
2026-10-20,put,SPXW261020P07560000,7560.0,4.5,5.0,4.85,5.0,96.0,0.1261989236450195,2026-10-09 20:09:28+00:00,7811.5400390625,2026-10-09,2026-10-10T10:11:13+00:00
2026-10-20,put,SPXW261020P07565000,7565.0,4.6,5.0,4.9,42.0,43.0,0.12421530090332032,2026-10-09 19:25:46+00:00,7811.5400390625,2026-10-09,2026-10-10T10:11:13+00:00
2026-10-20,put,SPXW261020P07570000,7570.0,4.8,5.2,5.12,156.0,127.0,0.1233455586242676,2026-10-09 20:02:14+00:00,7811.5400390625,2026-10-09,2026-10-10T10:11:13+00:00
2026-10-20,put,SPXW261020P07575000,7575.0,5.0,5.4,5.28,79.0,244.0,0.12241478179931642,2026-10-09 19:29:53+00:00,7811.5400390625,2026-10-09,2026-10-10T10:11:13+00:00
2026-10-20,put,SPXW261020P07580000,7580.0,5.2,5.7,5.45,12.0,79.0,0.12196465202331544,2026-10-09 19:20:44+00:00,7811.5400390625,2026-10-09,2026-10-10T10:11:13+00:00
2026-10-20,put,SPXW261020P07585000,7585.0,5.4,5.9,5.69,23.0,45.0,0.1209346940612793,2026-10-09 19:25:46+00:00,7811.5400390625,2026-10-09,2026-10-10T10:11:13+00:00
2026-10-20,put,SPXW261020P07590000,7590.0,5.6,6.0,6.05,198.0,99.0,0.11937068382263183,2026-10-09 19:59:02+00:00,7811.5400390625,2026-10-09,2026-10-10T10:11:13+00:00
2026-10-20,put,SPXW261020P07600000,7600.0,6.1,6.5,6.6,47.0,307.0,0.11757779403686525,2026-10-09 19:53:37+00:00,7811.5400390625,2026-10-09,2026-10-10T10:11:13+00:00
2026-10-20,put,SPXW261020P07605000,7605.0,6.3,6.8,6.8,10.0,63.0,0.11683012084960936,2026-10-09 19:11:16+00:00,7811.5400390625,2026-10-09,2026-10-10T10:11:13+00:00
2026-10-20,put,SPXW261020P07610000,7610.0,6.6,7.1,6.88,6.0,167.0,0.11601378379821778,2026-10-09 19:20:10+00:00,7811.5400390625,2026-10-09,2026-10-10T10:11:13+00:00
2026-10-20,put,SPXW261020P07615000,7615.0,6.9,7.4,7.5,9.0,31.0,0.11514404151916505,2026-10-09 19:52:58+00:00,7811.5400390625,2026-10-09,2026-10-10T10:11:13+00:00
2026-10-20,put,SPXW261020P07620000,7620.0,7.2,7.7,7.75,23.0,78.0,0.11420563537597657,2026-10-09 19:59:02+00:00,7811.5400390625,2026-10-09,2026-10-10T10:11:13+00:00
2026-10-20,put,SPXW261020P07625000,7625.0,7.5,8.0,7.87,44.0,400.0,0.11321382400512695,2026-10-09 19:31:57+00:00,7811.5400390625,2026-10-09,2026-10-10T10:11:13+00:00
2026-10-20,put,SPXW261020P07630000,7630.0,7.8,8.3,8.13,7.0,125.0,0.11216097808837888,2026-10-09 19:23:47+00:00,7811.5400390625,2026-10-09,2026-10-10T10:11:13+00:00
2026-10-20,put,SPXW261020P07635000,7635.0,8.1,8.7,8.62,10.0,59.0,0.11143619285583495,2026-10-09 19:38:29+00:00,7811.5400390625,2026-10-09,2026-10-10T10:11:13+00:00
2026-10-20,put,SPXW261020P07640000,7640.0,8.5,8.9,8.99,213.0,274.0,0.10991032920837401,2026-10-09 19:11:40+00:00,7811.5400390625,2026-10-09,2026-10-10T10:11:13+00:00
2026-10-20,put,SPXW261020P07645000,7645.0,8.9,9.4,15.65,12.0,63.0,0.10941442352294922,2026-10-09 13:45:12+00:00,7811.5400390625,2026-10-09,2026-10-10T10:11:13+00:00
2026-10-20,put,SPXW261020P07650000,7650.0,9.3,9.7,9.73,42.0,266.0,0.10814032737731932,2026-10-09 19:26:45+00:00,7811.5400390625,2026-10-09,2026-10-10T10:11:13+00:00
2026-10-20,put,SPXW261020P07660000,7660.0,10.1,10.7,10.77,45.0,69.0,0.1067594207763672,2026-10-09 19:16:22+00:00,7811.5400390625,2026-10-09,2026-10-10T10:11:13+00:00
2026-10-20,put,SPXW261020P07665000,7665.0,10.6,11.2,11.7,2.0,269.0,0.10595071304321288,2026-10-09 18:09:05+00:00,7811.5400390625,2026-10-09,2026-10-10T10:11:13+00:00
2026-10-20,put,SPXW261020P07670000,7670.0,11.1,11.7,11.72,40.0,106.0,0.10505808280944823,2026-10-09 19:19:26+00:00,7811.5400390625,2026-10-09,2026-10-10T10:11:13+00:00
2026-10-20,put,SPXW261020P07675000,7675.0,11.6,12.2,12.69,33.0,335.0,0.10409678871154784,2026-10-09 19:44:13+00:00,7811.5400390625,2026-10-09,2026-10-10T10:11:13+00:00
2026-10-20,put,SPXW261020P07680000,7680.0,12.1,12.7,13.05,61.0,124.0,0.10305538677215574,2026-10-09 20:01:06+00:00,7811.5400390625,2026-10-09,2026-10-10T10:11:13+00:00
2026-10-20,put,SPXW261020P07685000,7685.0,12.7,13.3,13.4,7.0,208.0,0.1022276057434082,2026-10-09 19:18:09+00:00,7811.5400390625,2026-10-09,2026-10-10T10:11:13+00:00
2026-10-20,put,SPXW261020P07690000,7690.0,13.4,13.8,14.42,869.0,337.0,0.10104124675750732,2026-10-09 19:57:59+00:00,7811.5400390625,2026-10-09,2026-10-10T10:11:13+00:00
2026-10-20,put,SPXW261020P07700000,7700.0,14.8,15.2,15.97,152.0,644.0,0.09951919776916504,2026-10-09 19:44:13+00:00,7811.5400390625,2026-10-09,2026-10-10T10:11:13+00:00
2026-10-20,put,SPXW261020P07705000,7705.0,15.3,16.0,16.7,2.0,56.0,0.0988745203781128,2026-10-09 18:20:27+00:00,7811.5400390625,2026-10-09,2026-10-10T10:11:13+00:00
2026-10-20,put,SPXW261020P07710000,7710.0,16.2,16.6,16.88,893.0,96.0,0.09762712684631347,2026-10-09 19:11:40+00:00,7811.5400390625,2026-10-09,2026-10-10T10:11:13+00:00
2026-10-20,put,SPXW261020P07715000,7715.0,17.0,17.4,22.8,6.0,51.0,0.09679553115844727,2026-10-09 13:47:53+00:00,7811.5400390625,2026-10-09,2026-10-10T10:11:13+00:00
2026-10-20,put,SPXW261020P07720000,7720.0,17.7,18.3,18.65,12.0,237.0,0.09610126319885257,2026-10-09 19:30:18+00:00,7811.5400390625,2026-10-09,2026-10-10T10:11:13+00:00
2026-10-20,put,SPXW261020P07725000,7725.0,18.6,19.2,19.41,76.0,132.0,0.09530399944305422,2026-10-09 19:11:40+00:00,7811.5400390625,2026-10-09,2026-10-10T10:11:13+00:00
2026-10-20,put,SPXW261020P07730000,7730.0,19.6,20.1,20.87,202.0,318.0,0.0943999252319336,2026-10-09 19:58:57+00:00,7811.5400390625,2026-10-09,2026-10-10T10:11:13+00:00
2026-10-20,put,SPXW261020P07735000,7735.0,20.4,21.1,22.35,18.0,155.0,0.09362173477172853,2026-10-09 18:58:57+00:00,7811.5400390625,2026-10-09,2026-10-10T10:11:13+00:00
2026-10-20,put,SPXW261020P07740000,7740.0,21.6,22.1,21.92,69.0,475.0,0.09272910453796385,2026-10-09 19:21:52+00:00,7811.5400390625,2026-10-09,2026-10-10T10:11:13+00:00
2026-10-20,put,SPXW261020P07745000,7745.0,22.5,23.2,24.58,37.0,61.0,0.09194328475952149,2026-10-09 19:59:55+00:00,7811.5400390625,2026-10-09,2026-10-10T10:11:13+00:00
2026-10-20,put,SPXW261020P07750000,7750.0,23.8,24.3,25.54,285.0,3071.0,0.09104302520751953,2026-10-09 19:43:26+00:00,7811.5400390625,2026-10-09,2026-10-10T10:11:13+00:00
2026-10-20,put,SPXW261020P07755000,7755.0,44.7,45.5,48.3,,,0.13020813037872314,2026-10-08 20:00:04+00:00,7811.5400390625,2026-10-09,2026-10-10T10:11:13+00:00
2026-10-20,put,SPXW261020P07760000,7760.0,26.1,26.8,27.75,23.0,341.0,0.08950571758270263,2026-10-09 20:09:51+00:00,7811.5400390625,2026-10-09,2026-10-10T10:11:13+00:00
2026-10-20,put,SPXW261020P07765000,7765.0,48.4,49.2,51.7,,,0.12984192310333253,2026-10-08 20:00:52+00:00,7811.5400390625,2026-10-09,2026-10-10T10:11:13+00:00
2026-10-20,put,SPXW261020P07770000,7770.0,28.8,29.5,31.37,23.0,123.0,0.08787304347991944,2026-10-09 19:51:46+00:00,7811.5400390625,2026-10-09,2026-10-10T10:11:13+00:00
2026-10-20,put,SPXW261020P07775000,7775.0,30.4,31.0,33.0,114.0,112.0,0.08715207290649415,2026-10-09 19:59:19+00:00,7811.5400390625,2026-10-09,2026-10-10T10:11:13+00:00
2026-10-20,put,SPXW261020P07780000,7780.0,31.8,32.5,33.15,26.0,92.0,0.08629377460479738,2026-10-09 19:39:01+00:00,7811.5400390625,2026-10-09,2026-10-10T10:11:13+00:00
2026-10-20,put,SPXW261020P07790000,7790.0,35.0,35.8,37.99,42.0,48.0,0.08472976436614992,2026-10-09 19:51:46+00:00,7811.5400390625,2026-10-09,2026-10-10T10:11:13+00:00
2026-10-20,put,SPXW261020P07795000,7795.0,61.5,62.1,68.58,,,0.12966263412475587,2026-10-08 19:28:17+00:00,7811.5400390625,2026-10-09,2026-10-10T10:11:13+00:00
2026-10-20,put,SPXW261020P07800000,7800.0,38.6,39.4,42.06,74.0,152.0,0.0831390515136719,2026-10-09 19:59:03+00:00,7811.5400390625,2026-10-09,2026-10-10T10:11:13+00:00
2026-10-20,put,SPXW261020P07805000,7805.0,66.3,67.1,80.8,,,0.13006317333221434,2026-10-08 18:14:08+00:00,7811.5400390625,2026-10-09,2026-10-10T10:11:13+00:00
2026-10-20,put,SPXW261020P07810000,7810.0,42.5,43.3,47.17,47.0,67.0,0.08148348945617678,2026-10-09 18:04:44+00:00,7811.5400390625,2026-10-09,2026-10-10T10:11:13+00:00
2026-10-20,put,SPXW261020P07815000,7815.0,71.5,72.3,54.17,,,0.13041412197113034,2026-10-06 19:13:57+00:00,7811.5400390625,2026-10-09,2026-10-10T10:11:13+00:00
2026-10-20,put,SPXW261020P07820000,7820.0,46.7,47.5,50.3,43.0,43.0,0.07971730228424072,2026-10-09 19:51:46+00:00,7811.5400390625,2026-10-09,2026-10-10T10:11:13+00:00
2026-10-20,put,SPXW261020P07830000,7830.0,51.3,52.1,54.19,72.0,141.0,0.07799307636260987,2026-10-09 19:58:57+00:00,7811.5400390625,2026-10-09,2026-10-10T10:11:13+00:00
2026-10-20,put,SPXW261020P07835000,7835.0,83.1,83.8,86.6,,,0.13191328300476077,2026-10-07 15:13:39+00:00,7811.5400390625,2026-10-09,2026-10-10T10:11:13+00:00
2026-10-20,put,SPXW261020P07840000,7840.0,56.3,57.1,70.47,7.0,45.0,0.07626503578186036,2026-10-09 15:36:09+00:00,7811.5400390625,2026-10-09,2026-10-10T10:11:13+00:00
2026-10-20,put,SPXW261020P07845000,7845.0,89.3,90.1,108.47,,,0.13308819801330565,2026-10-08 18:13:29+00:00,7811.5400390625,2026-10-09,2026-10-10T10:11:13+00:00
2026-10-20,put,SPXW261020P07850000,7850.0,61.6,62.4,62.46,56.0,43.0,0.07430811565399172,2026-10-09 19:13:22+00:00,7811.5400390625,2026-10-09,2026-10-10T10:11:13+00:00
2026-10-20,put,SPXW261020P07860000,7860.0,67.3,68.1,89.42,6.0,7.0,0.07226345836639404,2026-10-07 14:32:15+00:00,7811.5400390625,2026-10-09,2026-10-10T10:11:13+00:00
2026-10-20,put,SPXW261020P07870000,7870.0,73.4,74.2,93.4,2.0,7.0,0.07008528800964356,2026-10-07 19:24:27+00:00,7811.5400390625,2026-10-09,2026-10-10T10:11:13+00:00
2026-10-20,put,SPXW261020P07875000,7875.0,76.5,77.3,77.58,1.0,8.0,0.06869675209045412,2026-10-06 15:24:31+00:00,7811.5400390625,2026-10-09,2026-10-10T10:11:13+00:00
2026-10-20,put,SPXW261020P07900000,7900.0,90.7,96.8,97.39,50.0,7.0,0.06780030719757081,2026-10-09 19:46:40+00:00,7811.5400390625,2026-10-09,2026-10-10T10:11:13+00:00
2026-10-20,put,SPXW261020P08100000,8100.0,269.0,292.9,413.8,1.0,1.0,0.1323023782348633,2026-10-01 17:30:07+00:00,7811.5400390625,2026-10-09,2026-10-10T10:11:13+00:00
